# https://github.com/mikedh/trimesh
v -4.30000000 -2.10000000 1.10000000 0.03137255 0.04313725 0.03529412
v -4.30000000 -2.10000000 2.10000000 0.03137255 0.04313725 0.03529412
v -4.30000000 2.10000000 1.10000000 0.03137255 0.04313725 0.03529412
v -4.30000000 2.10000000 2.10000000 0.03137255 0.04313725 0.03529412
v 4.30000000 -2.10000000 1.10000000 0.03137255 0.04313725 0.03529412
v 4.30000000 -2.10000000 2.10000000 0.03137255 0.04313725 0.03529412
v 4.30000000 2.10000000 1.10000000 0.03137255 0.04313725 0.03529412
v 4.30000000 2.10000000 2.10000000 0.03137255 0.04313725 0.03529412
v -3.80000000 -1.90000000 1.60000000 0.21568627 0.26274510 0.20784314
v -3.80000000 -1.90000000 2.90000000 0.21568627 0.26274510 0.20784314
v -3.80000000 1.90000000 1.60000000 0.21568627 0.26274510 0.20784314
v -3.80000000 1.90000000 2.90000000 0.21568627 0.26274510 0.20784314
v 4.00000000 -1.90000000 1.60000000 0.21568627 0.26274510 0.20784314
v 4.00000000 -1.90000000 2.90000000 0.21568627 0.26274510 0.20784314
v 4.00000000 1.90000000 1.60000000 0.21568627 0.26274510 0.20784314
v 4.00000000 1.90000000 2.90000000 0.21568627 0.26274510 0.20784314
v 1.00000000 -1.75000000 2.60000000 0.21568627 0.26274510 0.20784314
v 1.00000000 -1.75000000 4.70000000 0.21568627 0.26274510 0.20784314
v 1.00000000 1.75000000 2.60000000 0.21568627 0.26274510 0.20784314
v 1.00000000 1.75000000 4.70000000 0.21568627 0.26274510 0.20784314
v 4.00000000 -1.75000000 2.60000000 0.21568627 0.26274510 0.20784314
v 4.00000000 -1.75000000 4.70000000 0.21568627 0.26274510 0.20784314
v 4.00000000 1.75000000 2.60000000 0.21568627 0.26274510 0.20784314
v 4.00000000 1.75000000 4.70000000 0.21568627 0.26274510 0.20784314
v 1.35000000 -1.79000000 3.40000000 0.03137255 0.04313725 0.03529412
v 1.35000000 -1.79000000 4.80000000 0.03137255 0.04313725 0.03529412
v 1.35000000 1.79000000 3.40000000 0.03137255 0.04313725 0.03529412
v 1.35000000 1.79000000 4.80000000 0.03137255 0.04313725 0.03529412
v 4.05000000 -1.79000000 3.40000000 0.03137255 0.04313725 0.03529412
v 4.05000000 -1.79000000 4.80000000 0.03137255 0.04313725 0.03529412
v 4.05000000 1.79000000 3.40000000 0.03137255 0.04313725 0.03529412
v 4.05000000 1.79000000 4.80000000 0.03137255 0.04313725 0.03529412
v -3.70000000 -1.80000000 2.77500000 0.41176471 0.45098039 0.41176471
v -3.70000000 -1.80000000 3.32500000 0.41176471 0.45098039 0.41176471
v -3.70000000 1.80000000 2.77500000 0.41176471 0.45098039 0.41176471
v -3.70000000 1.80000000 3.32500000 0.41176471 0.45098039 0.41176471
v -1.30000000 -1.80000000 2.77500000 0.41176471 0.45098039 0.41176471
v -1.30000000 -1.80000000 3.32500000 0.41176471 0.45098039 0.41176471
v -1.30000000 1.80000000 2.77500000 0.41176471 0.45098039 0.41176471
v -1.30000000 1.80000000 3.32500000 0.41176471 0.45098039 0.41176471
v -4.22000000 -2.45000000 1.12000000 0.07058824 0.07843137 0.07058824
v -4.21766526 -2.45000000 1.06206407 0.07058824 0.07843137 0.07058824
v -4.21067619 -2.45000000 1.00450388 0.07058824 0.07843137 0.07058824
v -4.19907811 -2.45000000 0.94769272 0.07058824 0.07843137 0.07058824
v -4.18294624 -2.45000000 0.89199904 0.07058824 0.07843137 0.07058824
v -4.16238520 -2.45000000 0.83778404 0.07058824 0.07843137 0.07058824
v -4.13752834 -2.45000000 0.78539932 0.07058824 0.07843137 0.07058824
v -4.10853686 -2.45000000 0.73518461 0.07058824 0.07843137 0.07058824
v -4.07559879 -2.45000000 0.68746557 0.07058824 0.07843137 0.07058824
v -4.03892774 -2.45000000 0.64255169 0.07058824 0.07843137 0.07058824
v -3.99876153 -2.45000000 0.60073424 0.07058824 0.07843137 0.07058824
v -3.95536067 -2.45000000 0.56228443 0.07058824 0.07843137 0.07058824
v -3.90900662 -2.45000000 0.52745162 0.07058824 0.07843137 0.07058824
v -3.86000000 -2.45000000 0.49646171 0.07058824 0.07843137 0.07058824
v -3.80865864 -2.45000000 0.46951569 0.07058824 0.07843137 0.07058824
v -3.75531552 -2.45000000 0.44678831 0.07058824 0.07843137 0.07058824
v -3.70031657 -2.45000000 0.42842696 0.07058824 0.07843137 0.07058824
v -3.64401850 -2.45000000 0.41455073 0.07058824 0.07843137 0.07058824
v -3.58678641 -2.45000000 0.40524961 0.07058824 0.07843137 0.07058824
v -3.52899148 -2.45000000 0.40058392 0.07058824 0.07843137 0.07058824
v 3.52899148 -2.45000000 0.40058392 0.07058824 0.07843137 0.07058824
v 3.58678641 -2.45000000 0.40524961 0.07058824 0.07843137 0.07058824
v 3.64401850 -2.45000000 0.41455073 0.07058824 0.07843137 0.07058824
v 3.70031657 -2.45000000 0.42842696 0.07058824 0.07843137 0.07058824
v 3.75531552 -2.45000000 0.44678831 0.07058824 0.07843137 0.07058824
v 3.80865864 -2.45000000 0.46951569 0.07058824 0.07843137 0.07058824
v 3.86000000 -2.45000000 0.49646171 0.07058824 0.07843137 0.07058824
v 3.90900662 -2.45000000 0.52745162 0.07058824 0.07843137 0.07058824
v 3.95536067 -2.45000000 0.56228443 0.07058824 0.07843137 0.07058824
v 3.99876153 -2.45000000 0.60073424 0.07058824 0.07843137 0.07058824
v 4.03892774 -2.45000000 0.64255169 0.07058824 0.07843137 0.07058824
v 4.07559879 -2.45000000 0.68746557 0.07058824 0.07843137 0.07058824
v 4.10853686 -2.45000000 0.73518461 0.07058824 0.07843137 0.07058824
v 4.13752834 -2.45000000 0.78539932 0.07058824 0.07843137 0.07058824
v 4.16238520 -2.45000000 0.83778404 0.07058824 0.07843137 0.07058824
v 4.18294624 -2.45000000 0.89199904 0.07058824 0.07843137 0.07058824
v 4.19907811 -2.45000000 0.94769272 0.07058824 0.07843137 0.07058824
v 4.21067619 -2.45000000 1.00450388 0.07058824 0.07843137 0.07058824
v 4.21766526 -2.45000000 1.06206407 0.07058824 0.07843137 0.07058824
v 4.22000000 -2.45000000 1.12000000 0.07058824 0.07843137 0.07058824
v -4.21766526 -2.43209681 1.06489966 0.07058824 0.07843137 0.07058824
v -4.21067619 -2.41430974 1.01015666 0.07058824 0.07843137 0.07058824
v -4.19907811 -2.39675412 0.95612604 0.07058824 0.07843137 0.07058824
v -4.18294624 -2.37954383 0.90315821 0.07058824 0.07843137 0.07058824
v -4.16238520 -2.36279047 0.85159667 0.07058824 0.07843137 0.07058824
v -4.13752834 -2.34660270 0.80177584 0.07058824 0.07843137 0.07058824
v -4.10853686 -2.33108550 0.75401881 0.07058824 0.07843137 0.07058824
v -4.07559879 -2.31633951 0.70863531 0.07058824 0.07843137 0.07058824
v -4.03892774 -2.30246036 0.66591967 0.07058824 0.07843137 0.07058824
v -3.99876153 -2.28953805 0.62614891 0.07058824 0.07843137 0.07058824
v -3.95536067 -2.27765641 0.58958097 0.07058824 0.07843137 0.07058824
v -3.90900662 -2.26689248 0.55645300 0.07058824 0.07843137 0.07058824
v -3.86000000 -2.25731607 0.52697985 0.07058824 0.07843137 0.07058824
v -3.80865864 -2.24898929 0.50135266 0.07058824 0.07843137 0.07058824
v -3.75531552 -2.24196615 0.47973763 0.07058824 0.07843137 0.07058824
v -3.70031657 -2.23629218 0.46227495 0.07058824 0.07843137 0.07058824
v -3.64401850 -2.23200419 0.44907788 0.07058824 0.07843137 0.07058824
v -3.58678641 -2.22912998 0.44023198 0.07058824 0.07843137 0.07058824
v -3.52899148 -2.22768821 0.43579465 0.07058824 0.07843137 0.07058824
v 3.52899148 -2.22768821 0.43579465 0.07058824 0.07843137 0.07058824
v 3.58678641 -2.22912998 0.44023198 0.07058824 0.07843137 0.07058824
v 3.64401850 -2.23200419 0.44907788 0.07058824 0.07843137 0.07058824
v 3.70031657 -2.23629218 0.46227495 0.07058824 0.07843137 0.07058824
v 3.75531552 -2.24196615 0.47973763 0.07058824 0.07843137 0.07058824
v 3.80865864 -2.24898929 0.50135266 0.07058824 0.07843137 0.07058824
v 3.86000000 -2.25731607 0.52697985 0.07058824 0.07843137 0.07058824
v 3.90900662 -2.26689248 0.55645300 0.07058824 0.07843137 0.07058824
v 3.95536067 -2.27765641 0.58958097 0.07058824 0.07843137 0.07058824
v 3.99876153 -2.28953805 0.62614891 0.07058824 0.07843137 0.07058824
v 4.03892774 -2.30246036 0.66591967 0.07058824 0.07843137 0.07058824
v 4.07559879 -2.31633951 0.70863531 0.07058824 0.07843137 0.07058824
v 4.10853686 -2.33108550 0.75401881 0.07058824 0.07843137 0.07058824
v 4.13752834 -2.34660270 0.80177584 0.07058824 0.07843137 0.07058824
v 4.16238520 -2.36279047 0.85159667 0.07058824 0.07843137 0.07058824
v 4.18294624 -2.37954383 0.90315821 0.07058824 0.07843137 0.07058824
v 4.19907811 -2.39675412 0.95612604 0.07058824 0.07843137 0.07058824
v 4.21067619 -2.41430974 1.01015666 0.07058824 0.07843137 0.07058824
v 4.21766526 -2.43209681 1.06489966 0.07058824 0.07843137 0.07058824
v -4.21766526 -2.41594612 1.07312885 0.07058824 0.07843137 0.07058824
v -4.21067619 -2.38211308 1.02656167 0.07058824 0.07843137 0.07058824
v -4.19907811 -2.34872032 0.98060048 0.07058824 0.07843137 0.07058824
v -4.18294624 -2.31598440 0.93554335 0.07058824 0.07843137 0.07058824
v -4.16238520 -2.28411762 0.89168249 0.07058824 0.07843137 0.07058824
v -4.13752834 -2.25332665 0.84930236 0.07058824 0.07843137 0.07058824
v -4.10853686 -2.22381119 0.80867781 0.07058824 0.07843137 0.07058824
v -4.07559879 -2.19576264 0.77007230 0.07058824 0.07843137 0.07058824
v -4.03892774 -2.16936292 0.73373620 0.07058824 0.07843137 0.07058824
v -3.99876153 -2.14478324 0.69990517 0.07058824 0.07843137 0.07058824
v -3.95536067 -2.12218301 0.66879862 0.07058824 0.07843137 0.07058824
v -3.90900662 -2.10170880 0.64061829 0.07058824 0.07843137 0.07058824
v -3.86000000 -2.08349339 0.61554693 0.07058824 0.07843137 0.07058824
v -3.80865864 -2.06765491 0.59374714 0.07058824 0.07843137 0.07058824
v -3.75531552 -2.05429609 0.57536030 0.07058824 0.07843137 0.07058824
v -3.70031657 -2.04350357 0.56050566 0.07058824 0.07843137 0.07058824
v -3.64401850 -2.03534732 0.54927955 0.07058824 0.07843137 0.07058824
v -3.58678641 -2.02988026 0.54175479 0.07058824 0.07843137 0.07058824
v -3.52899148 -2.02713784 0.53798017 0.07058824 0.07843137 0.07058824
v 3.52899148 -2.02713784 0.53798017 0.07058824 0.07843137 0.07058824
v 3.58678641 -2.02988026 0.54175479 0.07058824 0.07843137 0.07058824
v 3.64401850 -2.03534732 0.54927955 0.07058824 0.07843137 0.07058824
v 3.70031657 -2.04350357 0.56050566 0.07058824 0.07843137 0.07058824
v 3.75531552 -2.05429609 0.57536030 0.07058824 0.07843137 0.07058824
v 3.80865864 -2.06765491 0.59374714 0.07058824 0.07843137 0.07058824
v 3.86000000 -2.08349339 0.61554693 0.07058824 0.07843137 0.07058824
v 3.90900662 -2.10170880 0.64061829 0.07058824 0.07843137 0.07058824
v 3.95536067 -2.12218301 0.66879862 0.07058824 0.07843137 0.07058824
v 3.99876153 -2.14478324 0.69990517 0.07058824 0.07843137 0.07058824
v 4.03892774 -2.16936292 0.73373620 0.07058824 0.07843137 0.07058824
v 4.07559879 -2.19576264 0.77007230 0.07058824 0.07843137 0.07058824
v 4.10853686 -2.22381119 0.80867781 0.07058824 0.07843137 0.07058824
v 4.13752834 -2.25332665 0.84930236 0.07058824 0.07843137 0.07058824
v 4.16238520 -2.28411762 0.89168249 0.07058824 0.07843137 0.07058824
v 4.18294624 -2.31598440 0.93554335 0.07058824 0.07843137 0.07058824
v 4.19907811 -2.34872032 0.98060048 0.07058824 0.07843137 0.07058824
v 4.21067619 -2.38211308 1.02656167 0.07058824 0.07843137 0.07058824
v 4.21766526 -2.41594612 1.07312885 0.07058824 0.07843137 0.07058824
v -4.21766526 -2.40312885 1.08594612 0.07058824 0.07843137 0.07058824
v -4.21067619 -2.35656167 1.05211308 0.07058824 0.07843137 0.07058824
v -4.19907811 -2.31060048 1.01872032 0.07058824 0.07843137 0.07058824
v -4.18294624 -2.26554335 0.98598440 0.07058824 0.07843137 0.07058824
v -4.16238520 -2.22168249 0.95411762 0.07058824 0.07843137 0.07058824
v -4.13752834 -2.17930236 0.92332665 0.07058824 0.07843137 0.07058824
v -4.10853686 -2.13867781 0.89381119 0.07058824 0.07843137 0.07058824
v -4.07559879 -2.10007230 0.86576264 0.07058824 0.07843137 0.07058824
v -4.03892774 -2.06373620 0.83936292 0.07058824 0.07843137 0.07058824
v -3.99876153 -2.02990517 0.81478324 0.07058824 0.07843137 0.07058824
v -3.95536067 -1.99879862 0.79218301 0.07058824 0.07843137 0.07058824
v -3.90900662 -1.97061829 0.77170880 0.07058824 0.07843137 0.07058824
v -3.86000000 -1.94554693 0.75349339 0.07058824 0.07843137 0.07058824
v -3.80865864 -1.92374714 0.73765491 0.07058824 0.07843137 0.07058824
v -3.75531552 -1.90536030 0.72429609 0.07058824 0.07843137 0.07058824
v -3.70031657 -1.89050566 0.71350357 0.07058824 0.07843137 0.07058824
v -3.64401850 -1.87927955 0.70534732 0.07058824 0.07843137 0.07058824
v -3.58678641 -1.87175479 0.69988026 0.07058824 0.07843137 0.07058824
v -3.52899148 -1.86798017 0.69713784 0.07058824 0.07843137 0.07058824
v 3.52899148 -1.86798017 0.69713784 0.07058824 0.07843137 0.07058824
v 3.58678641 -1.87175479 0.69988026 0.07058824 0.07843137 0.07058824
v 3.64401850 -1.87927955 0.70534732 0.07058824 0.07843137 0.07058824
v 3.70031657 -1.89050566 0.71350357 0.07058824 0.07843137 0.07058824
v 3.75531552 -1.90536030 0.72429609 0.07058824 0.07843137 0.07058824
v 3.80865864 -1.92374714 0.73765491 0.07058824 0.07843137 0.07058824
v 3.86000000 -1.94554693 0.75349339 0.07058824 0.07843137 0.07058824
v 3.90900662 -1.97061829 0.77170880 0.07058824 0.07843137 0.07058824
v 3.95536067 -1.99879862 0.79218301 0.07058824 0.07843137 0.07058824
v 3.99876153 -2.02990517 0.81478324 0.07058824 0.07843137 0.07058824
v 4.03892774 -2.06373620 0.83936292 0.07058824 0.07843137 0.07058824
v 4.07559879 -2.10007230 0.86576264 0.07058824 0.07843137 0.07058824
v 4.10853686 -2.13867781 0.89381119 0.07058824 0.07843137 0.07058824
v 4.13752834 -2.17930236 0.92332665 0.07058824 0.07843137 0.07058824
v 4.16238520 -2.22168249 0.95411762 0.07058824 0.07843137 0.07058824
v 4.18294624 -2.26554335 0.98598440 0.07058824 0.07843137 0.07058824
v 4.19907811 -2.31060048 1.01872032 0.07058824 0.07843137 0.07058824
v 4.21067619 -2.35656167 1.05211308 0.07058824 0.07843137 0.07058824
v 4.21766526 -2.40312885 1.08594612 0.07058824 0.07843137 0.07058824
v -4.21766526 -2.39489966 1.10209681 0.07058824 0.07843137 0.07058824
v -4.21067619 -2.34015666 1.08430974 0.07058824 0.07843137 0.07058824
v -4.19907811 -2.28612604 1.06675412 0.07058824 0.07843137 0.07058824
v -4.18294624 -2.23315821 1.04954383 0.07058824 0.07843137 0.07058824
v -4.16238520 -2.18159667 1.03279047 0.07058824 0.07843137 0.07058824
v -4.13752834 -2.13177584 1.01660270 0.07058824 0.07843137 0.07058824
v -4.10853686 -2.08401881 1.00108550 0.07058824 0.07843137 0.07058824
v -4.07559879 -2.03863531 0.98633951 0.07058824 0.07843137 0.07058824
v -4.03892774 -1.99591967 0.97246036 0.07058824 0.07843137 0.07058824
v -3.99876153 -1.95614891 0.95953805 0.07058824 0.07843137 0.07058824
v -3.95536067 -1.91958097 0.94765641 0.07058824 0.07843137 0.07058824
v -3.90900662 -1.88645300 0.93689248 0.07058824 0.07843137 0.07058824
v -3.86000000 -1.85697985 0.92731607 0.07058824 0.07843137 0.07058824
v -3.80865864 -1.83135266 0.91898929 0.07058824 0.07843137 0.07058824
v -3.75531552 -1.80973763 0.91196615 0.07058824 0.07843137 0.07058824
v -3.70031657 -1.79227495 0.90629218 0.07058824 0.07843137 0.07058824
v -3.64401850 -1.77907788 0.90200419 0.07058824 0.07843137 0.07058824
v -3.58678641 -1.77023198 0.89912998 0.07058824 0.07843137 0.07058824
v -3.52899148 -1.76579465 0.89768821 0.07058824 0.07843137 0.07058824
v 3.52899148 -1.76579465 0.89768821 0.07058824 0.07843137 0.07058824
v 3.58678641 -1.77023198 0.89912998 0.07058824 0.07843137 0.07058824
v 3.64401850 -1.77907788 0.90200419 0.07058824 0.07843137 0.07058824
v 3.70031657 -1.79227495 0.90629218 0.07058824 0.07843137 0.07058824
v 3.75531552 -1.80973763 0.91196615 0.07058824 0.07843137 0.07058824
v 3.80865864 -1.83135266 0.91898929 0.07058824 0.07843137 0.07058824
v 3.86000000 -1.85697985 0.92731607 0.07058824 0.07843137 0.07058824
v 3.90900662 -1.88645300 0.93689248 0.07058824 0.07843137 0.07058824
v 3.95536067 -1.91958097 0.94765641 0.07058824 0.07843137 0.07058824
v 3.99876153 -1.95614891 0.95953805 0.07058824 0.07843137 0.07058824
v 4.03892774 -1.99591967 0.97246036 0.07058824 0.07843137 0.07058824
v 4.07559879 -2.03863531 0.98633951 0.07058824 0.07843137 0.07058824
v 4.10853686 -2.08401881 1.00108550 0.07058824 0.07843137 0.07058824
v 4.13752834 -2.13177584 1.01660270 0.07058824 0.07843137 0.07058824
v 4.16238520 -2.18159667 1.03279047 0.07058824 0.07843137 0.07058824
v 4.18294624 -2.23315821 1.04954383 0.07058824 0.07843137 0.07058824
v 4.19907811 -2.28612604 1.06675412 0.07058824 0.07843137 0.07058824
v 4.21067619 -2.34015666 1.08430974 0.07058824 0.07843137 0.07058824
v 4.21766526 -2.39489966 1.10209681 0.07058824 0.07843137 0.07058824
v -4.21766526 -2.39206407 1.12000000 0.07058824 0.07843137 0.07058824
v -4.21067619 -2.33450388 1.12000000 0.07058824 0.07843137 0.07058824
v -4.19907811 -2.27769272 1.12000000 0.07058824 0.07843137 0.07058824
v -4.18294624 -2.22199904 1.12000000 0.07058824 0.07843137 0.07058824
v -4.16238520 -2.16778404 1.12000000 0.07058824 0.07843137 0.07058824
v -4.13752834 -2.11539932 1.12000000 0.07058824 0.07843137 0.07058824
v -4.10853686 -2.06518461 1.12000000 0.07058824 0.07843137 0.07058824
v -4.07559879 -2.01746557 1.12000000 0.07058824 0.07843137 0.07058824
v -4.03892774 -1.97255169 1.12000000 0.07058824 0.07843137 0.07058824
v -3.99876153 -1.93073424 1.12000000 0.07058824 0.07843137 0.07058824
v -3.95536067 -1.89228443 1.12000000 0.07058824 0.07843137 0.07058824
v -3.90900662 -1.85745162 1.12000000 0.07058824 0.07843137 0.07058824
v -3.86000000 -1.82646171 1.12000000 0.07058824 0.07843137 0.07058824
v -3.80865864 -1.79951569 1.12000000 0.07058824 0.07843137 0.07058824
v -3.75531552 -1.77678831 1.12000000 0.07058824 0.07843137 0.07058824
v -3.70031657 -1.75842696 1.12000000 0.07058824 0.07843137 0.07058824
v -3.64401850 -1.74455073 1.12000000 0.07058824 0.07843137 0.07058824
v -3.58678641 -1.73524961 1.12000000 0.07058824 0.07843137 0.07058824
v -3.52899148 -1.73058392 1.12000000 0.07058824 0.07843137 0.07058824
v 3.52899148 -1.73058392 1.12000000 0.07058824 0.07843137 0.07058824
v 3.58678641 -1.73524961 1.12000000 0.07058824 0.07843137 0.07058824
v 3.64401850 -1.74455073 1.12000000 0.07058824 0.07843137 0.07058824
v 3.70031657 -1.75842696 1.12000000 0.07058824 0.07843137 0.07058824
v 3.75531552 -1.77678831 1.12000000 0.07058824 0.07843137 0.07058824
v 3.80865864 -1.79951569 1.12000000 0.07058824 0.07843137 0.07058824
v 3.86000000 -1.82646171 1.12000000 0.07058824 0.07843137 0.07058824
v 3.90900662 -1.85745162 1.12000000 0.07058824 0.07843137 0.07058824
v 3.95536067 -1.89228443 1.12000000 0.07058824 0.07843137 0.07058824
v 3.99876153 -1.93073424 1.12000000 0.07058824 0.07843137 0.07058824
v 4.03892774 -1.97255169 1.12000000 0.07058824 0.07843137 0.07058824
v 4.07559879 -2.01746557 1.12000000 0.07058824 0.07843137 0.07058824
v 4.10853686 -2.06518461 1.12000000 0.07058824 0.07843137 0.07058824
v 4.13752834 -2.11539932 1.12000000 0.07058824 0.07843137 0.07058824
v 4.16238520 -2.16778404 1.12000000 0.07058824 0.07843137 0.07058824
v 4.18294624 -2.22199904 1.12000000 0.07058824 0.07843137 0.07058824
v 4.19907811 -2.27769272 1.12000000 0.07058824 0.07843137 0.07058824
v 4.21067619 -2.33450388 1.12000000 0.07058824 0.07843137 0.07058824
v 4.21766526 -2.39206407 1.12000000 0.07058824 0.07843137 0.07058824
v -4.21766526 -2.39489966 1.13790319 0.07058824 0.07843137 0.07058824
v -4.21067619 -2.34015666 1.15569026 0.07058824 0.07843137 0.07058824
v -4.19907811 -2.28612604 1.17324588 0.07058824 0.07843137 0.07058824
v -4.18294624 -2.23315821 1.19045617 0.07058824 0.07843137 0.07058824
v -4.16238520 -2.18159667 1.20720953 0.07058824 0.07843137 0.07058824
v -4.13752834 -2.13177584 1.22339730 0.07058824 0.07843137 0.07058824
v -4.10853686 -2.08401881 1.23891450 0.07058824 0.07843137 0.07058824
v -4.07559879 -2.03863531 1.25366049 0.07058824 0.07843137 0.07058824
v -4.03892774 -1.99591967 1.26753964 0.07058824 0.07843137 0.07058824
v -3.99876153 -1.95614891 1.28046195 0.07058824 0.07843137 0.07058824
v -3.95536067 -1.91958097 1.29234359 0.07058824 0.07843137 0.07058824
v -3.90900662 -1.88645300 1.30310752 0.07058824 0.07843137 0.07058824
v -3.86000000 -1.85697985 1.31268393 0.07058824 0.07843137 0.07058824
v -3.80865864 -1.83135266 1.32101071 0.07058824 0.07843137 0.07058824
v -3.75531552 -1.80973763 1.32803385 0.07058824 0.07843137 0.07058824
v -3.70031657 -1.79227495 1.33370782 0.07058824 0.07843137 0.07058824
v -3.64401850 -1.77907788 1.33799581 0.07058824 0.07843137 0.07058824
v -3.58678641 -1.77023198 1.34087002 0.07058824 0.07843137 0.07058824
v -3.52899148 -1.76579465 1.34231179 0.07058824 0.07843137 0.07058824
v 3.52899148 -1.76579465 1.34231179 0.07058824 0.07843137 0.07058824
v 3.58678641 -1.77023198 1.34087002 0.07058824 0.07843137 0.07058824
v 3.64401850 -1.77907788 1.33799581 0.07058824 0.07843137 0.07058824
v 3.70031657 -1.79227495 1.33370782 0.07058824 0.07843137 0.07058824
v 3.75531552 -1.80973763 1.32803385 0.07058824 0.07843137 0.07058824
v 3.80865864 -1.83135266 1.32101071 0.07058824 0.07843137 0.07058824
v 3.86000000 -1.85697985 1.31268393 0.07058824 0.07843137 0.07058824
v 3.90900662 -1.88645300 1.30310752 0.07058824 0.07843137 0.07058824
v 3.95536067 -1.91958097 1.29234359 0.07058824 0.07843137 0.07058824
v 3.99876153 -1.95614891 1.28046195 0.07058824 0.07843137 0.07058824
v 4.03892774 -1.99591967 1.26753964 0.07058824 0.07843137 0.07058824
v 4.07559879 -2.03863531 1.25366049 0.07058824 0.07843137 0.07058824
v 4.10853686 -2.08401881 1.23891450 0.07058824 0.07843137 0.07058824
v 4.13752834 -2.13177584 1.22339730 0.07058824 0.07843137 0.07058824
v 4.16238520 -2.18159667 1.20720953 0.07058824 0.07843137 0.07058824
v 4.18294624 -2.23315821 1.19045617 0.07058824 0.07843137 0.07058824
v 4.19907811 -2.28612604 1.17324588 0.07058824 0.07843137 0.07058824
v 4.21067619 -2.34015666 1.15569026 0.07058824 0.07843137 0.07058824
v 4.21766526 -2.39489966 1.13790319 0.07058824 0.07843137 0.07058824
v -4.21766526 -2.40312885 1.15405388 0.07058824 0.07843137 0.07058824
v -4.21067619 -2.35656167 1.18788692 0.07058824 0.07843137 0.07058824
v -4.19907811 -2.31060048 1.22127968 0.07058824 0.07843137 0.07058824
v -4.18294624 -2.26554335 1.25401560 0.07058824 0.07843137 0.07058824
v -4.16238520 -2.22168249 1.28588238 0.07058824 0.07843137 0.07058824
v -4.13752834 -2.17930236 1.31667335 0.07058824 0.07843137 0.07058824
v -4.10853686 -2.13867781 1.34618881 0.07058824 0.07843137 0.07058824
v -4.07559879 -2.10007230 1.37423736 0.07058824 0.07843137 0.07058824
v -4.03892774 -2.06373620 1.40063708 0.07058824 0.07843137 0.07058824
v -3.99876153 -2.02990517 1.42521676 0.07058824 0.07843137 0.07058824
v -3.95536067 -1.99879862 1.44781699 0.07058824 0.07843137 0.07058824
v -3.90900662 -1.97061829 1.46829120 0.07058824 0.07843137 0.07058824
v -3.86000000 -1.94554693 1.48650661 0.07058824 0.07843137 0.07058824
v -3.80865864 -1.92374714 1.50234509 0.07058824 0.07843137 0.07058824
v -3.75531552 -1.90536030 1.51570391 0.07058824 0.07843137 0.07058824
v -3.70031657 -1.89050566 1.52649643 0.07058824 0.07843137 0.07058824
v -3.64401850 -1.87927955 1.53465268 0.07058824 0.07843137 0.07058824
v -3.58678641 -1.87175479 1.54011974 0.07058824 0.07843137 0.07058824
v -3.52899148 -1.86798017 1.54286216 0.07058824 0.07843137 0.07058824
v 3.52899148 -1.86798017 1.54286216 0.07058824 0.07843137 0.07058824
v 3.58678641 -1.87175479 1.54011974 0.07058824 0.07843137 0.07058824
v 3.64401850 -1.87927955 1.53465268 0.07058824 0.07843137 0.07058824
v 3.70031657 -1.89050566 1.52649643 0.07058824 0.07843137 0.07058824
v 3.75531552 -1.90536030 1.51570391 0.07058824 0.07843137 0.07058824
v 3.80865864 -1.92374714 1.50234509 0.07058824 0.07843137 0.07058824
v 3.86000000 -1.94554693 1.48650661 0.07058824 0.07843137 0.07058824
v 3.90900662 -1.97061829 1.46829120 0.07058824 0.07843137 0.07058824
v 3.95536067 -1.99879862 1.44781699 0.07058824 0.07843137 0.07058824
v 3.99876153 -2.02990517 1.42521676 0.07058824 0.07843137 0.07058824
v 4.03892774 -2.06373620 1.40063708 0.07058824 0.07843137 0.07058824
v 4.07559879 -2.10007230 1.37423736 0.07058824 0.07843137 0.07058824
v 4.10853686 -2.13867781 1.34618881 0.07058824 0.07843137 0.07058824
v 4.13752834 -2.17930236 1.31667335 0.07058824 0.07843137 0.07058824
v 4.16238520 -2.22168249 1.28588238 0.07058824 0.07843137 0.07058824
v 4.18294624 -2.26554335 1.25401560 0.07058824 0.07843137 0.07058824
v 4.19907811 -2.31060048 1.22127968 0.07058824 0.07843137 0.07058824
v 4.21067619 -2.35656167 1.18788692 0.07058824 0.07843137 0.07058824
v 4.21766526 -2.40312885 1.15405388 0.07058824 0.07843137 0.07058824
v -4.21766526 -2.41594612 1.16687115 0.07058824 0.07843137 0.07058824
v -4.21067619 -2.38211308 1.21343833 0.07058824 0.07843137 0.07058824
v -4.19907811 -2.34872032 1.25939952 0.07058824 0.07843137 0.07058824
v -4.18294624 -2.31598440 1.30445665 0.07058824 0.07843137 0.07058824
v -4.16238520 -2.28411762 1.34831751 0.07058824 0.07843137 0.07058824
v -4.13752834 -2.25332665 1.39069764 0.07058824 0.07843137 0.07058824
v -4.10853686 -2.22381119 1.43132219 0.07058824 0.07843137 0.07058824
v -4.07559879 -2.19576264 1.46992770 0.07058824 0.07843137 0.07058824
v -4.03892774 -2.16936292 1.50626380 0.07058824 0.07843137 0.07058824
v -3.99876153 -2.14478324 1.54009483 0.07058824 0.07843137 0.07058824
v -3.95536067 -2.12218301 1.57120138 0.07058824 0.07843137 0.07058824
v -3.90900662 -2.10170880 1.59938171 0.07058824 0.07843137 0.07058824
v -3.86000000 -2.08349339 1.62445307 0.07058824 0.07843137 0.07058824
v -3.80865864 -2.06765491 1.64625286 0.07058824 0.07843137 0.07058824
v -3.75531552 -2.05429609 1.66463970 0.07058824 0.07843137 0.07058824
v -3.70031657 -2.04350357 1.67949434 0.07058824 0.07843137 0.07058824
v -3.64401850 -2.03534732 1.69072045 0.07058824 0.07843137 0.07058824
v -3.58678641 -2.02988026 1.69824521 0.07058824 0.07843137 0.07058824
v -3.52899148 -2.02713784 1.70201983 0.07058824 0.07843137 0.07058824
v 3.52899148 -2.02713784 1.70201983 0.07058824 0.07843137 0.07058824
v 3.58678641 -2.02988026 1.69824521 0.07058824 0.07843137 0.07058824
v 3.64401850 -2.03534732 1.69072045 0.07058824 0.07843137 0.07058824
v 3.70031657 -2.04350357 1.67949434 0.07058824 0.07843137 0.07058824
v 3.75531552 -2.05429609 1.66463970 0.07058824 0.07843137 0.07058824
v 3.80865864 -2.06765491 1.64625286 0.07058824 0.07843137 0.07058824
v 3.86000000 -2.08349339 1.62445307 0.07058824 0.07843137 0.07058824
v 3.90900662 -2.10170880 1.59938171 0.07058824 0.07843137 0.07058824
v 3.95536067 -2.12218301 1.57120138 0.07058824 0.07843137 0.07058824
v 3.99876153 -2.14478324 1.54009483 0.07058824 0.07843137 0.07058824
v 4.03892774 -2.16936292 1.50626380 0.07058824 0.07843137 0.07058824
v 4.07559879 -2.19576264 1.46992770 0.07058824 0.07843137 0.07058824
v 4.10853686 -2.22381119 1.43132219 0.07058824 0.07843137 0.07058824
v 4.13752834 -2.25332665 1.39069764 0.07058824 0.07843137 0.07058824
v 4.16238520 -2.28411762 1.34831751 0.07058824 0.07843137 0.07058824
v 4.18294624 -2.31598440 1.30445665 0.07058824 0.07843137 0.07058824
v 4.19907811 -2.34872032 1.25939952 0.07058824 0.07843137 0.07058824
v 4.21067619 -2.38211308 1.21343833 0.07058824 0.07843137 0.07058824
v 4.21766526 -2.41594612 1.16687115 0.07058824 0.07843137 0.07058824
v -4.21766526 -2.43209681 1.17510034 0.07058824 0.07843137 0.07058824
v -4.21067619 -2.41430974 1.22984334 0.07058824 0.07843137 0.07058824
v -4.19907811 -2.39675412 1.28387396 0.07058824 0.07843137 0.07058824
v -4.18294624 -2.37954383 1.33684179 0.07058824 0.07843137 0.07058824
v -4.16238520 -2.36279047 1.38840333 0.07058824 0.07843137 0.07058824
v -4.13752834 -2.34660270 1.43822416 0.07058824 0.07843137 0.07058824
v -4.10853686 -2.33108550 1.48598119 0.07058824 0.07843137 0.07058824
v -4.07559879 -2.31633951 1.53136469 0.07058824 0.07843137 0.07058824
v -4.03892774 -2.30246036 1.57408033 0.07058824 0.07843137 0.07058824
v -3.99876153 -2.28953805 1.61385109 0.07058824 0.07843137 0.07058824
v -3.95536067 -2.27765641 1.65041903 0.07058824 0.07843137 0.07058824
v -3.90900662 -2.26689248 1.68354700 0.07058824 0.07843137 0.07058824
v -3.86000000 -2.25731607 1.71302015 0.07058824 0.07843137 0.07058824
v -3.80865864 -2.24898929 1.73864734 0.07058824 0.07843137 0.07058824
v -3.75531552 -2.24196615 1.76026237 0.07058824 0.07843137 0.07058824
v -3.70031657 -2.23629218 1.77772505 0.07058824 0.07843137 0.07058824
v -3.64401850 -2.23200419 1.79092212 0.07058824 0.07843137 0.07058824
v -3.58678641 -2.22912998 1.79976802 0.07058824 0.07843137 0.07058824
v -3.52899148 -2.22768821 1.80420535 0.07058824 0.07843137 0.07058824
v 3.52899148 -2.22768821 1.80420535 0.07058824 0.07843137 0.07058824
v 3.58678641 -2.22912998 1.79976802 0.07058824 0.07843137 0.07058824
v 3.64401850 -2.23200419 1.79092212 0.07058824 0.07843137 0.07058824
v 3.70031657 -2.23629218 1.77772505 0.07058824 0.07843137 0.07058824
v 3.75531552 -2.24196615 1.76026237 0.07058824 0.07843137 0.07058824
v 3.80865864 -2.24898929 1.73864734 0.07058824 0.07843137 0.07058824
v 3.86000000 -2.25731607 1.71302015 0.07058824 0.07843137 0.07058824
v 3.90900662 -2.26689248 1.68354700 0.07058824 0.07843137 0.07058824
v 3.95536067 -2.27765641 1.65041903 0.07058824 0.07843137 0.07058824
v 3.99876153 -2.28953805 1.61385109 0.07058824 0.07843137 0.07058824
v 4.03892774 -2.30246036 1.57408033 0.07058824 0.07843137 0.07058824
v 4.07559879 -2.31633951 1.53136469 0.07058824 0.07843137 0.07058824
v 4.10853686 -2.33108550 1.48598119 0.07058824 0.07843137 0.07058824
v 4.13752834 -2.34660270 1.43822416 0.07058824 0.07843137 0.07058824
v 4.16238520 -2.36279047 1.38840333 0.07058824 0.07843137 0.07058824
v 4.18294624 -2.37954383 1.33684179 0.07058824 0.07843137 0.07058824
v 4.19907811 -2.39675412 1.28387396 0.07058824 0.07843137 0.07058824
v 4.21067619 -2.41430974 1.22984334 0.07058824 0.07843137 0.07058824
v 4.21766526 -2.43209681 1.17510034 0.07058824 0.07843137 0.07058824
v -4.21766526 -2.45000000 1.17793593 0.07058824 0.07843137 0.07058824
v -4.21067619 -2.45000000 1.23549612 0.07058824 0.07843137 0.07058824
v -4.19907811 -2.45000000 1.29230728 0.07058824 0.07843137 0.07058824
v -4.18294624 -2.45000000 1.34800096 0.07058824 0.07843137 0.07058824
v -4.16238520 -2.45000000 1.40221596 0.07058824 0.07843137 0.07058824
v -4.13752834 -2.45000000 1.45460068 0.07058824 0.07843137 0.07058824
v -4.10853686 -2.45000000 1.50481539 0.07058824 0.07843137 0.07058824
v -4.07559879 -2.45000000 1.55253443 0.07058824 0.07843137 0.07058824
v -4.03892774 -2.45000000 1.59744831 0.07058824 0.07843137 0.07058824
v -3.99876153 -2.45000000 1.63926576 0.07058824 0.07843137 0.07058824
v -3.95536067 -2.45000000 1.67771557 0.07058824 0.07843137 0.07058824
v -3.90900662 -2.45000000 1.71254838 0.07058824 0.07843137 0.07058824
v -3.86000000 -2.45000000 1.74353829 0.07058824 0.07843137 0.07058824
v -3.80865864 -2.45000000 1.77048431 0.07058824 0.07843137 0.07058824
v -3.75531552 -2.45000000 1.79321169 0.07058824 0.07843137 0.07058824
v -3.70031657 -2.45000000 1.81157304 0.07058824 0.07843137 0.07058824
v -3.64401850 -2.45000000 1.82544927 0.07058824 0.07843137 0.07058824
v -3.58678641 -2.45000000 1.83475039 0.07058824 0.07843137 0.07058824
v -3.52899148 -2.45000000 1.83941608 0.07058824 0.07843137 0.07058824
v 3.52899148 -2.45000000 1.83941608 0.07058824 0.07843137 0.07058824
v 3.58678641 -2.45000000 1.83475039 0.07058824 0.07843137 0.07058824
v 3.64401850 -2.45000000 1.82544927 0.07058824 0.07843137 0.07058824
v 3.70031657 -2.45000000 1.81157304 0.07058824 0.07843137 0.07058824
v 3.75531552 -2.45000000 1.79321169 0.07058824 0.07843137 0.07058824
v 3.80865864 -2.45000000 1.77048431 0.07058824 0.07843137 0.07058824
v 3.86000000 -2.45000000 1.74353829 0.07058824 0.07843137 0.07058824
v 3.90900662 -2.45000000 1.71254838 0.07058824 0.07843137 0.07058824
v 3.95536067 -2.45000000 1.67771557 0.07058824 0.07843137 0.07058824
v 3.99876153 -2.45000000 1.63926576 0.07058824 0.07843137 0.07058824
v 4.03892774 -2.45000000 1.59744831 0.07058824 0.07843137 0.07058824
v 4.07559879 -2.45000000 1.55253443 0.07058824 0.07843137 0.07058824
v 4.10853686 -2.45000000 1.50481539 0.07058824 0.07843137 0.07058824
v 4.13752834 -2.45000000 1.45460068 0.07058824 0.07843137 0.07058824
v 4.16238520 -2.45000000 1.40221596 0.07058824 0.07843137 0.07058824
v 4.18294624 -2.45000000 1.34800096 0.07058824 0.07843137 0.07058824
v 4.19907811 -2.45000000 1.29230728 0.07058824 0.07843137 0.07058824
v 4.21067619 -2.45000000 1.23549612 0.07058824 0.07843137 0.07058824
v 4.21766526 -2.45000000 1.17793593 0.07058824 0.07843137 0.07058824
v -4.21766526 -2.46790319 1.17510034 0.07058824 0.07843137 0.07058824
v -4.21067619 -2.48569026 1.22984334 0.07058824 0.07843137 0.07058824
v -4.19907811 -2.50324588 1.28387396 0.07058824 0.07843137 0.07058824
v -4.18294624 -2.52045617 1.33684179 0.07058824 0.07843137 0.07058824
v -4.16238520 -2.53720953 1.38840333 0.07058824 0.07843137 0.07058824
v -4.13752834 -2.55339730 1.43822416 0.07058824 0.07843137 0.07058824
v -4.10853686 -2.56891450 1.48598119 0.07058824 0.07843137 0.07058824
v -4.07559879 -2.58366049 1.53136469 0.07058824 0.07843137 0.07058824
v -4.03892774 -2.59753964 1.57408033 0.07058824 0.07843137 0.07058824
v -3.99876153 -2.61046195 1.61385109 0.07058824 0.07843137 0.07058824
v -3.95536067 -2.62234359 1.65041903 0.07058824 0.07843137 0.07058824
v -3.90900662 -2.63310752 1.68354700 0.07058824 0.07843137 0.07058824
v -3.86000000 -2.64268393 1.71302015 0.07058824 0.07843137 0.07058824
v -3.80865864 -2.65101071 1.73864734 0.07058824 0.07843137 0.07058824
v -3.75531552 -2.65803385 1.76026237 0.07058824 0.07843137 0.07058824
v -3.70031657 -2.66370782 1.77772505 0.07058824 0.07843137 0.07058824
v -3.64401850 -2.66799581 1.79092212 0.07058824 0.07843137 0.07058824
v -3.58678641 -2.67087002 1.79976802 0.07058824 0.07843137 0.07058824
v -3.52899148 -2.67231179 1.80420535 0.07058824 0.07843137 0.07058824
v 3.52899148 -2.67231179 1.80420535 0.07058824 0.07843137 0.07058824
v 3.58678641 -2.67087002 1.79976802 0.07058824 0.07843137 0.07058824
v 3.64401850 -2.66799581 1.79092212 0.07058824 0.07843137 0.07058824
v 3.70031657 -2.66370782 1.77772505 0.07058824 0.07843137 0.07058824
v 3.75531552 -2.65803385 1.76026237 0.07058824 0.07843137 0.07058824
v 3.80865864 -2.65101071 1.73864734 0.07058824 0.07843137 0.07058824
v 3.86000000 -2.64268393 1.71302015 0.07058824 0.07843137 0.07058824
v 3.90900662 -2.63310752 1.68354700 0.07058824 0.07843137 0.07058824
v 3.95536067 -2.62234359 1.65041903 0.07058824 0.07843137 0.07058824
v 3.99876153 -2.61046195 1.61385109 0.07058824 0.07843137 0.07058824
v 4.03892774 -2.59753964 1.57408033 0.07058824 0.07843137 0.07058824
v 4.07559879 -2.58366049 1.53136469 0.07058824 0.07843137 0.07058824
v 4.10853686 -2.56891450 1.48598119 0.07058824 0.07843137 0.07058824
v 4.13752834 -2.55339730 1.43822416 0.07058824 0.07843137 0.07058824
v 4.16238520 -2.53720953 1.38840333 0.07058824 0.07843137 0.07058824
v 4.18294624 -2.52045617 1.33684179 0.07058824 0.07843137 0.07058824
v 4.19907811 -2.50324588 1.28387396 0.07058824 0.07843137 0.07058824
v 4.21067619 -2.48569026 1.22984334 0.07058824 0.07843137 0.07058824
v 4.21766526 -2.46790319 1.17510034 0.07058824 0.07843137 0.07058824
v -4.21766526 -2.48405388 1.16687115 0.07058824 0.07843137 0.07058824
v -4.21067619 -2.51788692 1.21343833 0.07058824 0.07843137 0.07058824
v -4.19907811 -2.55127968 1.25939952 0.07058824 0.07843137 0.07058824
v -4.18294624 -2.58401560 1.30445665 0.07058824 0.07843137 0.07058824
v -4.16238520 -2.61588238 1.34831751 0.07058824 0.07843137 0.07058824
v -4.13752834 -2.64667335 1.39069764 0.07058824 0.07843137 0.07058824
v -4.10853686 -2.67618881 1.43132219 0.07058824 0.07843137 0.07058824
v -4.07559879 -2.70423736 1.46992770 0.07058824 0.07843137 0.07058824
v -4.03892774 -2.73063708 1.50626380 0.07058824 0.07843137 0.07058824
v -3.99876153 -2.75521676 1.54009483 0.07058824 0.07843137 0.07058824
v -3.95536067 -2.77781699 1.57120138 0.07058824 0.07843137 0.07058824
v -3.90900662 -2.79829120 1.59938171 0.07058824 0.07843137 0.07058824
v -3.86000000 -2.81650661 1.62445307 0.07058824 0.07843137 0.07058824
v -3.80865864 -2.83234509 1.64625286 0.07058824 0.07843137 0.07058824
v -3.75531552 -2.84570391 1.66463970 0.07058824 0.07843137 0.07058824
v -3.70031657 -2.85649643 1.67949434 0.07058824 0.07843137 0.07058824
v -3.64401850 -2.86465268 1.69072045 0.07058824 0.07843137 0.07058824
v -3.58678641 -2.87011974 1.69824521 0.07058824 0.07843137 0.07058824
v -3.52899148 -2.87286216 1.70201983 0.07058824 0.07843137 0.07058824
v 3.52899148 -2.87286216 1.70201983 0.07058824 0.07843137 0.07058824
v 3.58678641 -2.87011974 1.69824521 0.07058824 0.07843137 0.07058824
v 3.64401850 -2.86465268 1.69072045 0.07058824 0.07843137 0.07058824
v 3.70031657 -2.85649643 1.67949434 0.07058824 0.07843137 0.07058824
v 3.75531552 -2.84570391 1.66463970 0.07058824 0.07843137 0.07058824
v 3.80865864 -2.83234509 1.64625286 0.07058824 0.07843137 0.07058824
v 3.86000000 -2.81650661 1.62445307 0.07058824 0.07843137 0.07058824
v 3.90900662 -2.79829120 1.59938171 0.07058824 0.07843137 0.07058824
v 3.95536067 -2.77781699 1.57120138 0.07058824 0.07843137 0.07058824
v 3.99876153 -2.75521676 1.54009483 0.07058824 0.07843137 0.07058824
v 4.03892774 -2.73063708 1.50626380 0.07058824 0.07843137 0.07058824
v 4.07559879 -2.70423736 1.46992770 0.07058824 0.07843137 0.07058824
v 4.10853686 -2.67618881 1.43132219 0.07058824 0.07843137 0.07058824
v 4.13752834 -2.64667335 1.39069764 0.07058824 0.07843137 0.07058824
v 4.16238520 -2.61588238 1.34831751 0.07058824 0.07843137 0.07058824
v 4.18294624 -2.58401560 1.30445665 0.07058824 0.07843137 0.07058824
v 4.19907811 -2.55127968 1.25939952 0.07058824 0.07843137 0.07058824
v 4.21067619 -2.51788692 1.21343833 0.07058824 0.07843137 0.07058824
v 4.21766526 -2.48405388 1.16687115 0.07058824 0.07843137 0.07058824
v -4.21766526 -2.49687115 1.15405388 0.07058824 0.07843137 0.07058824
v -4.21067619 -2.54343833 1.18788692 0.07058824 0.07843137 0.07058824
v -4.19907811 -2.58939952 1.22127968 0.07058824 0.07843137 0.07058824
v -4.18294624 -2.63445665 1.25401560 0.07058824 0.07843137 0.07058824
v -4.16238520 -2.67831751 1.28588238 0.07058824 0.07843137 0.07058824
v -4.13752834 -2.72069764 1.31667335 0.07058824 0.07843137 0.07058824
v -4.10853686 -2.76132219 1.34618881 0.07058824 0.07843137 0.07058824
v -4.07559879 -2.79992770 1.37423736 0.07058824 0.07843137 0.07058824
v -4.03892774 -2.83626380 1.40063708 0.07058824 0.07843137 0.07058824
v -3.99876153 -2.87009483 1.42521676 0.07058824 0.07843137 0.07058824
v -3.95536067 -2.90120138 1.44781699 0.07058824 0.07843137 0.07058824
v -3.90900662 -2.92938171 1.46829120 0.07058824 0.07843137 0.07058824
v -3.86000000 -2.95445307 1.48650661 0.07058824 0.07843137 0.07058824
v -3.80865864 -2.97625286 1.50234509 0.07058824 0.07843137 0.07058824
v -3.75531552 -2.99463970 1.51570391 0.07058824 0.07843137 0.07058824
v -3.70031657 -3.00949434 1.52649643 0.07058824 0.07843137 0.07058824
v -3.64401850 -3.02072045 1.53465268 0.07058824 0.07843137 0.07058824
v -3.58678641 -3.02824521 1.54011974 0.07058824 0.07843137 0.07058824
v -3.52899148 -3.03201983 1.54286216 0.07058824 0.07843137 0.07058824
v 3.52899148 -3.03201983 1.54286216 0.07058824 0.07843137 0.07058824
v 3.58678641 -3.02824521 1.54011974 0.07058824 0.07843137 0.07058824
v 3.64401850 -3.02072045 1.53465268 0.07058824 0.07843137 0.07058824
v 3.70031657 -3.00949434 1.52649643 0.07058824 0.07843137 0.07058824
v 3.75531552 -2.99463970 1.51570391 0.07058824 0.07843137 0.07058824
v 3.80865864 -2.97625286 1.50234509 0.07058824 0.07843137 0.07058824
v 3.86000000 -2.95445307 1.48650661 0.07058824 0.07843137 0.07058824
v 3.90900662 -2.92938171 1.46829120 0.07058824 0.07843137 0.07058824
v 3.95536067 -2.90120138 1.44781699 0.07058824 0.07843137 0.07058824
v 3.99876153 -2.87009483 1.42521676 0.07058824 0.07843137 0.07058824
v 4.03892774 -2.83626380 1.40063708 0.07058824 0.07843137 0.07058824
v 4.07559879 -2.79992770 1.37423736 0.07058824 0.07843137 0.07058824
v 4.10853686 -2.76132219 1.34618881 0.07058824 0.07843137 0.07058824
v 4.13752834 -2.72069764 1.31667335 0.07058824 0.07843137 0.07058824
v 4.16238520 -2.67831751 1.28588238 0.07058824 0.07843137 0.07058824
v 4.18294624 -2.63445665 1.25401560 0.07058824 0.07843137 0.07058824
v 4.19907811 -2.58939952 1.22127968 0.07058824 0.07843137 0.07058824
v 4.21067619 -2.54343833 1.18788692 0.07058824 0.07843137 0.07058824
v 4.21766526 -2.49687115 1.15405388 0.07058824 0.07843137 0.07058824
v -4.21766526 -2.50510034 1.13790319 0.07058824 0.07843137 0.07058824
v -4.21067619 -2.55984334 1.15569026 0.07058824 0.07843137 0.07058824
v -4.19907811 -2.61387396 1.17324588 0.07058824 0.07843137 0.07058824
v -4.18294624 -2.66684179 1.19045617 0.07058824 0.07843137 0.07058824
v -4.16238520 -2.71840333 1.20720953 0.07058824 0.07843137 0.07058824
v -4.13752834 -2.76822416 1.22339730 0.07058824 0.07843137 0.07058824
v -4.10853686 -2.81598119 1.23891450 0.07058824 0.07843137 0.07058824
v -4.07559879 -2.86136469 1.25366049 0.07058824 0.07843137 0.07058824
v -4.03892774 -2.90408033 1.26753964 0.07058824 0.07843137 0.07058824
v -3.99876153 -2.94385109 1.28046195 0.07058824 0.07843137 0.07058824
v -3.95536067 -2.98041903 1.29234359 0.07058824 0.07843137 0.07058824
v -3.90900662 -3.01354700 1.30310752 0.07058824 0.07843137 0.07058824
v -3.86000000 -3.04302015 1.31268393 0.07058824 0.07843137 0.07058824
v -3.80865864 -3.06864734 1.32101071 0.07058824 0.07843137 0.07058824
v -3.75531552 -3.09026237 1.32803385 0.07058824 0.07843137 0.07058824
v -3.70031657 -3.10772505 1.33370782 0.07058824 0.07843137 0.07058824
v -3.64401850 -3.12092212 1.33799581 0.07058824 0.07843137 0.07058824
v -3.58678641 -3.12976802 1.34087002 0.07058824 0.07843137 0.07058824
v -3.52899148 -3.13420535 1.34231179 0.07058824 0.07843137 0.07058824
v 3.52899148 -3.13420535 1.34231179 0.07058824 0.07843137 0.07058824
v 3.58678641 -3.12976802 1.34087002 0.07058824 0.07843137 0.07058824
v 3.64401850 -3.12092212 1.33799581 0.07058824 0.07843137 0.07058824
v 3.70031657 -3.10772505 1.33370782 0.07058824 0.07843137 0.07058824
v 3.75531552 -3.09026237 1.32803385 0.07058824 0.07843137 0.07058824
v 3.80865864 -3.06864734 1.32101071 0.07058824 0.07843137 0.07058824
v 3.86000000 -3.04302015 1.31268393 0.07058824 0.07843137 0.07058824
v 3.90900662 -3.01354700 1.30310752 0.07058824 0.07843137 0.07058824
v 3.95536067 -2.98041903 1.29234359 0.07058824 0.07843137 0.07058824
v 3.99876153 -2.94385109 1.28046195 0.07058824 0.07843137 0.07058824
v 4.03892774 -2.90408033 1.26753964 0.07058824 0.07843137 0.07058824
v 4.07559879 -2.86136469 1.25366049 0.07058824 0.07843137 0.07058824
v 4.10853686 -2.81598119 1.23891450 0.07058824 0.07843137 0.07058824
v 4.13752834 -2.76822416 1.22339730 0.07058824 0.07843137 0.07058824
v 4.16238520 -2.71840333 1.20720953 0.07058824 0.07843137 0.07058824
v 4.18294624 -2.66684179 1.19045617 0.07058824 0.07843137 0.07058824
v 4.19907811 -2.61387396 1.17324588 0.07058824 0.07843137 0.07058824
v 4.21067619 -2.55984334 1.15569026 0.07058824 0.07843137 0.07058824
v 4.21766526 -2.50510034 1.13790319 0.07058824 0.07843137 0.07058824
v -4.21766526 -2.50793593 1.12000000 0.07058824 0.07843137 0.07058824
v -4.21067619 -2.56549612 1.12000000 0.07058824 0.07843137 0.07058824
v -4.19907811 -2.62230728 1.12000000 0.07058824 0.07843137 0.07058824
v -4.18294624 -2.67800096 1.12000000 0.07058824 0.07843137 0.07058824
v -4.16238520 -2.73221596 1.12000000 0.07058824 0.07843137 0.07058824
v -4.13752834 -2.78460068 1.12000000 0.07058824 0.07843137 0.07058824
v -4.10853686 -2.83481539 1.12000000 0.07058824 0.07843137 0.07058824
v -4.07559879 -2.88253443 1.12000000 0.07058824 0.07843137 0.07058824
v -4.03892774 -2.92744831 1.12000000 0.07058824 0.07843137 0.07058824
v -3.99876153 -2.96926576 1.12000000 0.07058824 0.07843137 0.07058824
v -3.95536067 -3.00771557 1.12000000 0.07058824 0.07843137 0.07058824
v -3.90900662 -3.04254838 1.12000000 0.07058824 0.07843137 0.07058824
v -3.86000000 -3.07353829 1.12000000 0.07058824 0.07843137 0.07058824
v -3.80865864 -3.10048431 1.12000000 0.07058824 0.07843137 0.07058824
v -3.75531552 -3.12321169 1.12000000 0.07058824 0.07843137 0.07058824
v -3.70031657 -3.14157304 1.12000000 0.07058824 0.07843137 0.07058824
v -3.64401850 -3.15544927 1.12000000 0.07058824 0.07843137 0.07058824
v -3.58678641 -3.16475039 1.12000000 0.07058824 0.07843137 0.07058824
v -3.52899148 -3.16941608 1.12000000 0.07058824 0.07843137 0.07058824
v 3.52899148 -3.16941608 1.12000000 0.07058824 0.07843137 0.07058824
v 3.58678641 -3.16475039 1.12000000 0.07058824 0.07843137 0.07058824
v 3.64401850 -3.15544927 1.12000000 0.07058824 0.07843137 0.07058824
v 3.70031657 -3.14157304 1.12000000 0.07058824 0.07843137 0.07058824
v 3.75531552 -3.12321169 1.12000000 0.07058824 0.07843137 0.07058824
v 3.80865864 -3.10048431 1.12000000 0.07058824 0.07843137 0.07058824
v 3.86000000 -3.07353829 1.12000000 0.07058824 0.07843137 0.07058824
v 3.90900662 -3.04254838 1.12000000 0.07058824 0.07843137 0.07058824
v 3.95536067 -3.00771557 1.12000000 0.07058824 0.07843137 0.07058824
v 3.99876153 -2.96926576 1.12000000 0.07058824 0.07843137 0.07058824
v 4.03892774 -2.92744831 1.12000000 0.07058824 0.07843137 0.07058824
v 4.07559879 -2.88253443 1.12000000 0.07058824 0.07843137 0.07058824
v 4.10853686 -2.83481539 1.12000000 0.07058824 0.07843137 0.07058824
v 4.13752834 -2.78460068 1.12000000 0.07058824 0.07843137 0.07058824
v 4.16238520 -2.73221596 1.12000000 0.07058824 0.07843137 0.07058824
v 4.18294624 -2.67800096 1.12000000 0.07058824 0.07843137 0.07058824
v 4.19907811 -2.62230728 1.12000000 0.07058824 0.07843137 0.07058824
v 4.21067619 -2.56549612 1.12000000 0.07058824 0.07843137 0.07058824
v 4.21766526 -2.50793593 1.12000000 0.07058824 0.07843137 0.07058824
v -4.21766526 -2.50510034 1.10209681 0.07058824 0.07843137 0.07058824
v -4.21067619 -2.55984334 1.08430974 0.07058824 0.07843137 0.07058824
v -4.19907811 -2.61387396 1.06675412 0.07058824 0.07843137 0.07058824
v -4.18294624 -2.66684179 1.04954383 0.07058824 0.07843137 0.07058824
v -4.16238520 -2.71840333 1.03279047 0.07058824 0.07843137 0.07058824
v -4.13752834 -2.76822416 1.01660270 0.07058824 0.07843137 0.07058824
v -4.10853686 -2.81598119 1.00108550 0.07058824 0.07843137 0.07058824
v -4.07559879 -2.86136469 0.98633951 0.07058824 0.07843137 0.07058824
v -4.03892774 -2.90408033 0.97246036 0.07058824 0.07843137 0.07058824
v -3.99876153 -2.94385109 0.95953805 0.07058824 0.07843137 0.07058824
v -3.95536067 -2.98041903 0.94765641 0.07058824 0.07843137 0.07058824
v -3.90900662 -3.01354700 0.93689248 0.07058824 0.07843137 0.07058824
v -3.86000000 -3.04302015 0.92731607 0.07058824 0.07843137 0.07058824
v -3.80865864 -3.06864734 0.91898929 0.07058824 0.07843137 0.07058824
v -3.75531552 -3.09026237 0.91196615 0.07058824 0.07843137 0.07058824
v -3.70031657 -3.10772505 0.90629218 0.07058824 0.07843137 0.07058824
v -3.64401850 -3.12092212 0.90200419 0.07058824 0.07843137 0.07058824
v -3.58678641 -3.12976802 0.89912998 0.07058824 0.07843137 0.07058824
v -3.52899148 -3.13420535 0.89768821 0.07058824 0.07843137 0.07058824
v 3.52899148 -3.13420535 0.89768821 0.07058824 0.07843137 0.07058824
v 3.58678641 -3.12976802 0.89912998 0.07058824 0.07843137 0.07058824
v 3.64401850 -3.12092212 0.90200419 0.07058824 0.07843137 0.07058824
v 3.70031657 -3.10772505 0.90629218 0.07058824 0.07843137 0.07058824
v 3.75531552 -3.09026237 0.91196615 0.07058824 0.07843137 0.07058824
v 3.80865864 -3.06864734 0.91898929 0.07058824 0.07843137 0.07058824
v 3.86000000 -3.04302015 0.92731607 0.07058824 0.07843137 0.07058824
v 3.90900662 -3.01354700 0.93689248 0.07058824 0.07843137 0.07058824
v 3.95536067 -2.98041903 0.94765641 0.07058824 0.07843137 0.07058824
v 3.99876153 -2.94385109 0.95953805 0.07058824 0.07843137 0.07058824
v 4.03892774 -2.90408033 0.97246036 0.07058824 0.07843137 0.07058824
v 4.07559879 -2.86136469 0.98633951 0.07058824 0.07843137 0.07058824
v 4.10853686 -2.81598119 1.00108550 0.07058824 0.07843137 0.07058824
v 4.13752834 -2.76822416 1.01660270 0.07058824 0.07843137 0.07058824
v 4.16238520 -2.71840333 1.03279047 0.07058824 0.07843137 0.07058824
v 4.18294624 -2.66684179 1.04954383 0.07058824 0.07843137 0.07058824
v 4.19907811 -2.61387396 1.06675412 0.07058824 0.07843137 0.07058824
v 4.21067619 -2.55984334 1.08430974 0.07058824 0.07843137 0.07058824
v 4.21766526 -2.50510034 1.10209681 0.07058824 0.07843137 0.07058824
v -4.21766526 -2.49687115 1.08594612 0.07058824 0.07843137 0.07058824
v -4.21067619 -2.54343833 1.05211308 0.07058824 0.07843137 0.07058824
v -4.19907811 -2.58939952 1.01872032 0.07058824 0.07843137 0.07058824
v -4.18294624 -2.63445665 0.98598440 0.07058824 0.07843137 0.07058824
v -4.16238520 -2.67831751 0.95411762 0.07058824 0.07843137 0.07058824
v -4.13752834 -2.72069764 0.92332665 0.07058824 0.07843137 0.07058824
v -4.10853686 -2.76132219 0.89381119 0.07058824 0.07843137 0.07058824
v -4.07559879 -2.79992770 0.86576264 0.07058824 0.07843137 0.07058824
v -4.03892774 -2.83626380 0.83936292 0.07058824 0.07843137 0.07058824
v -3.99876153 -2.87009483 0.81478324 0.07058824 0.07843137 0.07058824
v -3.95536067 -2.90120138 0.79218301 0.07058824 0.07843137 0.07058824
v -3.90900662 -2.92938171 0.77170880 0.07058824 0.07843137 0.07058824
v -3.86000000 -2.95445307 0.75349339 0.07058824 0.07843137 0.07058824
v -3.80865864 -2.97625286 0.73765491 0.07058824 0.07843137 0.07058824
v -3.75531552 -2.99463970 0.72429609 0.07058824 0.07843137 0.07058824
v -3.70031657 -3.00949434 0.71350357 0.07058824 0.07843137 0.07058824
v -3.64401850 -3.02072045 0.70534732 0.07058824 0.07843137 0.07058824
v -3.58678641 -3.02824521 0.69988026 0.07058824 0.07843137 0.07058824
v -3.52899148 -3.03201983 0.69713784 0.07058824 0.07843137 0.07058824
v 3.52899148 -3.03201983 0.69713784 0.07058824 0.07843137 0.07058824
v 3.58678641 -3.02824521 0.69988026 0.07058824 0.07843137 0.07058824
v 3.64401850 -3.02072045 0.70534732 0.07058824 0.07843137 0.07058824
v 3.70031657 -3.00949434 0.71350357 0.07058824 0.07843137 0.07058824
v 3.75531552 -2.99463970 0.72429609 0.07058824 0.07843137 0.07058824
v 3.80865864 -2.97625286 0.73765491 0.07058824 0.07843137 0.07058824
v 3.86000000 -2.95445307 0.75349339 0.07058824 0.07843137 0.07058824
v 3.90900662 -2.92938171 0.77170880 0.07058824 0.07843137 0.07058824
v 3.95536067 -2.90120138 0.79218301 0.07058824 0.07843137 0.07058824
v 3.99876153 -2.87009483 0.81478324 0.07058824 0.07843137 0.07058824
v 4.03892774 -2.83626380 0.83936292 0.07058824 0.07843137 0.07058824
v 4.07559879 -2.79992770 0.86576264 0.07058824 0.07843137 0.07058824
v 4.10853686 -2.76132219 0.89381119 0.07058824 0.07843137 0.07058824
v 4.13752834 -2.72069764 0.92332665 0.07058824 0.07843137 0.07058824
v 4.16238520 -2.67831751 0.95411762 0.07058824 0.07843137 0.07058824
v 4.18294624 -2.63445665 0.98598440 0.07058824 0.07843137 0.07058824
v 4.19907811 -2.58939952 1.01872032 0.07058824 0.07843137 0.07058824
v 4.21067619 -2.54343833 1.05211308 0.07058824 0.07843137 0.07058824
v 4.21766526 -2.49687115 1.08594612 0.07058824 0.07843137 0.07058824
v -4.21766526 -2.48405388 1.07312885 0.07058824 0.07843137 0.07058824
v -4.21067619 -2.51788692 1.02656167 0.07058824 0.07843137 0.07058824
v -4.19907811 -2.55127968 0.98060048 0.07058824 0.07843137 0.07058824
v -4.18294624 -2.58401560 0.93554335 0.07058824 0.07843137 0.07058824
v -4.16238520 -2.61588238 0.89168249 0.07058824 0.07843137 0.07058824
v -4.13752834 -2.64667335 0.84930236 0.07058824 0.07843137 0.07058824
v -4.10853686 -2.67618881 0.80867781 0.07058824 0.07843137 0.07058824
v -4.07559879 -2.70423736 0.77007230 0.07058824 0.07843137 0.07058824
v -4.03892774 -2.73063708 0.73373620 0.07058824 0.07843137 0.07058824
v -3.99876153 -2.75521676 0.69990517 0.07058824 0.07843137 0.07058824
v -3.95536067 -2.77781699 0.66879862 0.07058824 0.07843137 0.07058824
v -3.90900662 -2.79829120 0.64061829 0.07058824 0.07843137 0.07058824
v -3.86000000 -2.81650661 0.61554693 0.07058824 0.07843137 0.07058824
v -3.80865864 -2.83234509 0.59374714 0.07058824 0.07843137 0.07058824
v -3.75531552 -2.84570391 0.57536030 0.07058824 0.07843137 0.07058824
v -3.70031657 -2.85649643 0.56050566 0.07058824 0.07843137 0.07058824
v -3.64401850 -2.86465268 0.54927955 0.07058824 0.07843137 0.07058824
v -3.58678641 -2.87011974 0.54175479 0.07058824 0.07843137 0.07058824
v -3.52899148 -2.87286216 0.53798017 0.07058824 0.07843137 0.07058824
v 3.52899148 -2.87286216 0.53798017 0.07058824 0.07843137 0.07058824
v 3.58678641 -2.87011974 0.54175479 0.07058824 0.07843137 0.07058824
v 3.64401850 -2.86465268 0.54927955 0.07058824 0.07843137 0.07058824
v 3.70031657 -2.85649643 0.56050566 0.07058824 0.07843137 0.07058824
v 3.75531552 -2.84570391 0.57536030 0.07058824 0.07843137 0.07058824
v 3.80865864 -2.83234509 0.59374714 0.07058824 0.07843137 0.07058824
v 3.86000000 -2.81650661 0.61554693 0.07058824 0.07843137 0.07058824
v 3.90900662 -2.79829120 0.64061829 0.07058824 0.07843137 0.07058824
v 3.95536067 -2.77781699 0.66879862 0.07058824 0.07843137 0.07058824
v 3.99876153 -2.75521676 0.69990517 0.07058824 0.07843137 0.07058824
v 4.03892774 -2.73063708 0.73373620 0.07058824 0.07843137 0.07058824
v 4.07559879 -2.70423736 0.77007230 0.07058824 0.07843137 0.07058824
v 4.10853686 -2.67618881 0.80867781 0.07058824 0.07843137 0.07058824
v 4.13752834 -2.64667335 0.84930236 0.07058824 0.07843137 0.07058824
v 4.16238520 -2.61588238 0.89168249 0.07058824 0.07843137 0.07058824
v 4.18294624 -2.58401560 0.93554335 0.07058824 0.07843137 0.07058824
v 4.19907811 -2.55127968 0.98060048 0.07058824 0.07843137 0.07058824
v 4.21067619 -2.51788692 1.02656167 0.07058824 0.07843137 0.07058824
v 4.21766526 -2.48405388 1.07312885 0.07058824 0.07843137 0.07058824
v -4.21766526 -2.46790319 1.06489966 0.07058824 0.07843137 0.07058824
v -4.21067619 -2.48569026 1.01015666 0.07058824 0.07843137 0.07058824
v -4.19907811 -2.50324588 0.95612604 0.07058824 0.07843137 0.07058824
v -4.18294624 -2.52045617 0.90315821 0.07058824 0.07843137 0.07058824
v -4.16238520 -2.53720953 0.85159667 0.07058824 0.07843137 0.07058824
v -4.13752834 -2.55339730 0.80177584 0.07058824 0.07843137 0.07058824
v -4.10853686 -2.56891450 0.75401881 0.07058824 0.07843137 0.07058824
v -4.07559879 -2.58366049 0.70863531 0.07058824 0.07843137 0.07058824
v -4.03892774 -2.59753964 0.66591967 0.07058824 0.07843137 0.07058824
v -3.99876153 -2.61046195 0.62614891 0.07058824 0.07843137 0.07058824
v -3.95536067 -2.62234359 0.58958097 0.07058824 0.07843137 0.07058824
v -3.90900662 -2.63310752 0.55645300 0.07058824 0.07843137 0.07058824
v -3.86000000 -2.64268393 0.52697985 0.07058824 0.07843137 0.07058824
v -3.80865864 -2.65101071 0.50135266 0.07058824 0.07843137 0.07058824
v -3.75531552 -2.65803385 0.47973763 0.07058824 0.07843137 0.07058824
v -3.70031657 -2.66370782 0.46227495 0.07058824 0.07843137 0.07058824
v -3.64401850 -2.66799581 0.44907788 0.07058824 0.07843137 0.07058824
v -3.58678641 -2.67087002 0.44023198 0.07058824 0.07843137 0.07058824
v -3.52899148 -2.67231179 0.43579465 0.07058824 0.07843137 0.07058824
v 3.52899148 -2.67231179 0.43579465 0.07058824 0.07843137 0.07058824
v 3.58678641 -2.67087002 0.44023198 0.07058824 0.07843137 0.07058824
v 3.64401850 -2.66799581 0.44907788 0.07058824 0.07843137 0.07058824
v 3.70031657 -2.66370782 0.46227495 0.07058824 0.07843137 0.07058824
v 3.75531552 -2.65803385 0.47973763 0.07058824 0.07843137 0.07058824
v 3.80865864 -2.65101071 0.50135266 0.07058824 0.07843137 0.07058824
v 3.86000000 -2.64268393 0.52697985 0.07058824 0.07843137 0.07058824
v 3.90900662 -2.63310752 0.55645300 0.07058824 0.07843137 0.07058824
v 3.95536067 -2.62234359 0.58958097 0.07058824 0.07843137 0.07058824
v 3.99876153 -2.61046195 0.62614891 0.07058824 0.07843137 0.07058824
v 4.03892774 -2.59753964 0.66591967 0.07058824 0.07843137 0.07058824
v 4.07559879 -2.58366049 0.70863531 0.07058824 0.07843137 0.07058824
v 4.10853686 -2.56891450 0.75401881 0.07058824 0.07843137 0.07058824
v 4.13752834 -2.55339730 0.80177584 0.07058824 0.07843137 0.07058824
v 4.16238520 -2.53720953 0.85159667 0.07058824 0.07843137 0.07058824
v 4.18294624 -2.52045617 0.90315821 0.07058824 0.07843137 0.07058824
v 4.19907811 -2.50324588 0.95612604 0.07058824 0.07843137 0.07058824
v 4.21067619 -2.48569026 1.01015666 0.07058824 0.07843137 0.07058824
v 4.21766526 -2.46790319 1.06489966 0.07058824 0.07843137 0.07058824
v -2.70000000 -2.24000000 1.12000000 0.56862745 0.58823529 0.54901961
v -2.20000000 -2.24000000 1.12000000 0.56862745 0.58823529 0.54901961
v -2.20000000 -2.66000000 1.12000000 0.56862745 0.58823529 0.54901961
v -2.70000000 -2.66000000 1.12000000 0.56862745 0.58823529 0.54901961
v -2.20960736 -2.24000000 1.21754516 0.56862745 0.58823529 0.54901961
v -2.20960736 -2.66000000 1.21754516 0.56862745 0.58823529 0.54901961
v -2.23806023 -2.24000000 1.31134172 0.56862745 0.58823529 0.54901961
v -2.23806023 -2.66000000 1.31134172 0.56862745 0.58823529 0.54901961
v -2.28426519 -2.24000000 1.39778512 0.56862745 0.58823529 0.54901961
v -2.28426519 -2.66000000 1.39778512 0.56862745 0.58823529 0.54901961
v -2.34644661 -2.24000000 1.47355339 0.56862745 0.58823529 0.54901961
v -2.34644661 -2.66000000 1.47355339 0.56862745 0.58823529 0.54901961
v -2.42221488 -2.24000000 1.53573481 0.56862745 0.58823529 0.54901961
v -2.42221488 -2.66000000 1.53573481 0.56862745 0.58823529 0.54901961
v -2.50865828 -2.24000000 1.58193977 0.56862745 0.58823529 0.54901961
v -2.50865828 -2.66000000 1.58193977 0.56862745 0.58823529 0.54901961
v -2.60245484 -2.24000000 1.61039264 0.56862745 0.58823529 0.54901961
v -2.60245484 -2.66000000 1.61039264 0.56862745 0.58823529 0.54901961
v -2.70000000 -2.24000000 1.62000000 0.56862745 0.58823529 0.54901961
v -2.70000000 -2.66000000 1.62000000 0.56862745 0.58823529 0.54901961
v -2.79754516 -2.24000000 1.61039264 0.56862745 0.58823529 0.54901961
v -2.79754516 -2.66000000 1.61039264 0.56862745 0.58823529 0.54901961
v -2.89134172 -2.24000000 1.58193977 0.56862745 0.58823529 0.54901961
v -2.89134172 -2.66000000 1.58193977 0.56862745 0.58823529 0.54901961
v -2.97778512 -2.24000000 1.53573481 0.56862745 0.58823529 0.54901961
v -2.97778512 -2.66000000 1.53573481 0.56862745 0.58823529 0.54901961
v -3.05355339 -2.24000000 1.47355339 0.56862745 0.58823529 0.54901961
v -3.05355339 -2.66000000 1.47355339 0.56862745 0.58823529 0.54901961
v -3.11573481 -2.24000000 1.39778512 0.56862745 0.58823529 0.54901961
v -3.11573481 -2.66000000 1.39778512 0.56862745 0.58823529 0.54901961
v -3.16193977 -2.24000000 1.31134172 0.56862745 0.58823529 0.54901961
v -3.16193977 -2.66000000 1.31134172 0.56862745 0.58823529 0.54901961
v -3.19039264 -2.24000000 1.21754516 0.56862745 0.58823529 0.54901961
v -3.19039264 -2.66000000 1.21754516 0.56862745 0.58823529 0.54901961
v -3.20000000 -2.24000000 1.12000000 0.56862745 0.58823529 0.54901961
v -3.20000000 -2.66000000 1.12000000 0.56862745 0.58823529 0.54901961
v -3.19039264 -2.24000000 1.02245484 0.56862745 0.58823529 0.54901961
v -3.19039264 -2.66000000 1.02245484 0.56862745 0.58823529 0.54901961
v -3.16193977 -2.24000000 0.92865828 0.56862745 0.58823529 0.54901961
v -3.16193977 -2.66000000 0.92865828 0.56862745 0.58823529 0.54901961
v -3.11573481 -2.24000000 0.84221488 0.56862745 0.58823529 0.54901961
v -3.11573481 -2.66000000 0.84221488 0.56862745 0.58823529 0.54901961
v -3.05355339 -2.24000000 0.76644661 0.56862745 0.58823529 0.54901961
v -3.05355339 -2.66000000 0.76644661 0.56862745 0.58823529 0.54901961
v -2.97778512 -2.24000000 0.70426519 0.56862745 0.58823529 0.54901961
v -2.97778512 -2.66000000 0.70426519 0.56862745 0.58823529 0.54901961
v -2.89134172 -2.24000000 0.65806023 0.56862745 0.58823529 0.54901961
v -2.89134172 -2.66000000 0.65806023 0.56862745 0.58823529 0.54901961
v -2.79754516 -2.24000000 0.62960736 0.56862745 0.58823529 0.54901961
v -2.79754516 -2.66000000 0.62960736 0.56862745 0.58823529 0.54901961
v -2.70000000 -2.24000000 0.62000000 0.56862745 0.58823529 0.54901961
v -2.70000000 -2.66000000 0.62000000 0.56862745 0.58823529 0.54901961
v -2.60245484 -2.24000000 0.62960736 0.56862745 0.58823529 0.54901961
v -2.60245484 -2.66000000 0.62960736 0.56862745 0.58823529 0.54901961
v -2.50865828 -2.24000000 0.65806023 0.56862745 0.58823529 0.54901961
v -2.50865828 -2.66000000 0.65806023 0.56862745 0.58823529 0.54901961
v -2.42221488 -2.24000000 0.70426519 0.56862745 0.58823529 0.54901961
v -2.42221488 -2.66000000 0.70426519 0.56862745 0.58823529 0.54901961
v -2.34644661 -2.24000000 0.76644661 0.56862745 0.58823529 0.54901961
v -2.34644661 -2.66000000 0.76644661 0.56862745 0.58823529 0.54901961
v -2.28426519 -2.24000000 0.84221488 0.56862745 0.58823529 0.54901961
v -2.28426519 -2.66000000 0.84221488 0.56862745 0.58823529 0.54901961
v -2.23806023 -2.24000000 0.92865828 0.56862745 0.58823529 0.54901961
v -2.23806023 -2.66000000 0.92865828 0.56862745 0.58823529 0.54901961
v -2.20960736 -2.24000000 1.02245484 0.56862745 0.58823529 0.54901961
v -2.20960736 -2.66000000 1.02245484 0.56862745 0.58823529 0.54901961
v -1.35000000 -2.24000000 1.12000000 0.56862745 0.58823529 0.54901961
v -0.85000000 -2.24000000 1.12000000 0.56862745 0.58823529 0.54901961
v -0.85000000 -2.66000000 1.12000000 0.56862745 0.58823529 0.54901961
v -1.35000000 -2.66000000 1.12000000 0.56862745 0.58823529 0.54901961
v -0.85960736 -2.24000000 1.21754516 0.56862745 0.58823529 0.54901961
v -0.85960736 -2.66000000 1.21754516 0.56862745 0.58823529 0.54901961
v -0.88806023 -2.24000000 1.31134172 0.56862745 0.58823529 0.54901961
v -0.88806023 -2.66000000 1.31134172 0.56862745 0.58823529 0.54901961
v -0.93426519 -2.24000000 1.39778512 0.56862745 0.58823529 0.54901961
v -0.93426519 -2.66000000 1.39778512 0.56862745 0.58823529 0.54901961
v -0.99644661 -2.24000000 1.47355339 0.56862745 0.58823529 0.54901961
v -0.99644661 -2.66000000 1.47355339 0.56862745 0.58823529 0.54901961
v -1.07221488 -2.24000000 1.53573481 0.56862745 0.58823529 0.54901961
v -1.07221488 -2.66000000 1.53573481 0.56862745 0.58823529 0.54901961
v -1.15865828 -2.24000000 1.58193977 0.56862745 0.58823529 0.54901961
v -1.15865828 -2.66000000 1.58193977 0.56862745 0.58823529 0.54901961
v -1.25245484 -2.24000000 1.61039264 0.56862745 0.58823529 0.54901961
v -1.25245484 -2.66000000 1.61039264 0.56862745 0.58823529 0.54901961
v -1.35000000 -2.24000000 1.62000000 0.56862745 0.58823529 0.54901961
v -1.35000000 -2.66000000 1.62000000 0.56862745 0.58823529 0.54901961
v -1.44754516 -2.24000000 1.61039264 0.56862745 0.58823529 0.54901961
v -1.44754516 -2.66000000 1.61039264 0.56862745 0.58823529 0.54901961
v -1.54134172 -2.24000000 1.58193977 0.56862745 0.58823529 0.54901961
v -1.54134172 -2.66000000 1.58193977 0.56862745 0.58823529 0.54901961
v -1.62778512 -2.24000000 1.53573481 0.56862745 0.58823529 0.54901961
v -1.62778512 -2.66000000 1.53573481 0.56862745 0.58823529 0.54901961
v -1.70355339 -2.24000000 1.47355339 0.56862745 0.58823529 0.54901961
v -1.70355339 -2.66000000 1.47355339 0.56862745 0.58823529 0.54901961
v -1.76573481 -2.24000000 1.39778512 0.56862745 0.58823529 0.54901961
v -1.76573481 -2.66000000 1.39778512 0.56862745 0.58823529 0.54901961
v -1.81193977 -2.24000000 1.31134172 0.56862745 0.58823529 0.54901961
v -1.81193977 -2.66000000 1.31134172 0.56862745 0.58823529 0.54901961
v -1.84039264 -2.24000000 1.21754516 0.56862745 0.58823529 0.54901961
v -1.84039264 -2.66000000 1.21754516 0.56862745 0.58823529 0.54901961
v -1.85000000 -2.24000000 1.12000000 0.56862745 0.58823529 0.54901961
v -1.85000000 -2.66000000 1.12000000 0.56862745 0.58823529 0.54901961
v -1.84039264 -2.24000000 1.02245484 0.56862745 0.58823529 0.54901961
v -1.84039264 -2.66000000 1.02245484 0.56862745 0.58823529 0.54901961
v -1.81193977 -2.24000000 0.92865828 0.56862745 0.58823529 0.54901961
v -1.81193977 -2.66000000 0.92865828 0.56862745 0.58823529 0.54901961
v -1.76573481 -2.24000000 0.84221488 0.56862745 0.58823529 0.54901961
v -1.76573481 -2.66000000 0.84221488 0.56862745 0.58823529 0.54901961
v -1.70355339 -2.24000000 0.76644661 0.56862745 0.58823529 0.54901961
v -1.70355339 -2.66000000 0.76644661 0.56862745 0.58823529 0.54901961
v -1.62778512 -2.24000000 0.70426519 0.56862745 0.58823529 0.54901961
v -1.62778512 -2.66000000 0.70426519 0.56862745 0.58823529 0.54901961
v -1.54134172 -2.24000000 0.65806023 0.56862745 0.58823529 0.54901961
v -1.54134172 -2.66000000 0.65806023 0.56862745 0.58823529 0.54901961
v -1.44754516 -2.24000000 0.62960736 0.56862745 0.58823529 0.54901961
v -1.44754516 -2.66000000 0.62960736 0.56862745 0.58823529 0.54901961
v -1.35000000 -2.24000000 0.62000000 0.56862745 0.58823529 0.54901961
v -1.35000000 -2.66000000 0.62000000 0.56862745 0.58823529 0.54901961
v -1.25245484 -2.24000000 0.62960736 0.56862745 0.58823529 0.54901961
v -1.25245484 -2.66000000 0.62960736 0.56862745 0.58823529 0.54901961
v -1.15865828 -2.24000000 0.65806023 0.56862745 0.58823529 0.54901961
v -1.15865828 -2.66000000 0.65806023 0.56862745 0.58823529 0.54901961
v -1.07221488 -2.24000000 0.70426519 0.56862745 0.58823529 0.54901961
v -1.07221488 -2.66000000 0.70426519 0.56862745 0.58823529 0.54901961
v -0.99644661 -2.24000000 0.76644661 0.56862745 0.58823529 0.54901961
v -0.99644661 -2.66000000 0.76644661 0.56862745 0.58823529 0.54901961
v -0.93426519 -2.24000000 0.84221488 0.56862745 0.58823529 0.54901961
v -0.93426519 -2.66000000 0.84221488 0.56862745 0.58823529 0.54901961
v -0.88806023 -2.24000000 0.92865828 0.56862745 0.58823529 0.54901961
v -0.88806023 -2.66000000 0.92865828 0.56862745 0.58823529 0.54901961
v -0.85960736 -2.24000000 1.02245484 0.56862745 0.58823529 0.54901961
v -0.85960736 -2.66000000 1.02245484 0.56862745 0.58823529 0.54901961
v 0.00000000 -2.24000000 1.12000000 0.56862745 0.58823529 0.54901961
v 0.50000000 -2.24000000 1.12000000 0.56862745 0.58823529 0.54901961
v 0.50000000 -2.66000000 1.12000000 0.56862745 0.58823529 0.54901961
v 0.00000000 -2.66000000 1.12000000 0.56862745 0.58823529 0.54901961
v 0.49039264 -2.24000000 1.21754516 0.56862745 0.58823529 0.54901961
v 0.49039264 -2.66000000 1.21754516 0.56862745 0.58823529 0.54901961
v 0.46193977 -2.24000000 1.31134172 0.56862745 0.58823529 0.54901961
v 0.46193977 -2.66000000 1.31134172 0.56862745 0.58823529 0.54901961
v 0.41573481 -2.24000000 1.39778512 0.56862745 0.58823529 0.54901961
v 0.41573481 -2.66000000 1.39778512 0.56862745 0.58823529 0.54901961
v 0.35355339 -2.24000000 1.47355339 0.56862745 0.58823529 0.54901961
v 0.35355339 -2.66000000 1.47355339 0.56862745 0.58823529 0.54901961
v 0.27778512 -2.24000000 1.53573481 0.56862745 0.58823529 0.54901961
v 0.27778512 -2.66000000 1.53573481 0.56862745 0.58823529 0.54901961
v 0.19134172 -2.24000000 1.58193977 0.56862745 0.58823529 0.54901961
v 0.19134172 -2.66000000 1.58193977 0.56862745 0.58823529 0.54901961
v 0.09754516 -2.24000000 1.61039264 0.56862745 0.58823529 0.54901961
v 0.09754516 -2.66000000 1.61039264 0.56862745 0.58823529 0.54901961
v 0.00000000 -2.24000000 1.62000000 0.56862745 0.58823529 0.54901961
v 0.00000000 -2.66000000 1.62000000 0.56862745 0.58823529 0.54901961
v -0.09754516 -2.24000000 1.61039264 0.56862745 0.58823529 0.54901961
v -0.09754516 -2.66000000 1.61039264 0.56862745 0.58823529 0.54901961
v -0.19134172 -2.24000000 1.58193977 0.56862745 0.58823529 0.54901961
v -0.19134172 -2.66000000 1.58193977 0.56862745 0.58823529 0.54901961
v -0.27778512 -2.24000000 1.53573481 0.56862745 0.58823529 0.54901961
v -0.27778512 -2.66000000 1.53573481 0.56862745 0.58823529 0.54901961
v -0.35355339 -2.24000000 1.47355339 0.56862745 0.58823529 0.54901961
v -0.35355339 -2.66000000 1.47355339 0.56862745 0.58823529 0.54901961
v -0.41573481 -2.24000000 1.39778512 0.56862745 0.58823529 0.54901961
v -0.41573481 -2.66000000 1.39778512 0.56862745 0.58823529 0.54901961
v -0.46193977 -2.24000000 1.31134172 0.56862745 0.58823529 0.54901961
v -0.46193977 -2.66000000 1.31134172 0.56862745 0.58823529 0.54901961
v -0.49039264 -2.24000000 1.21754516 0.56862745 0.58823529 0.54901961
v -0.49039264 -2.66000000 1.21754516 0.56862745 0.58823529 0.54901961
v -0.50000000 -2.24000000 1.12000000 0.56862745 0.58823529 0.54901961
v -0.50000000 -2.66000000 1.12000000 0.56862745 0.58823529 0.54901961
v -0.49039264 -2.24000000 1.02245484 0.56862745 0.58823529 0.54901961
v -0.49039264 -2.66000000 1.02245484 0.56862745 0.58823529 0.54901961
v -0.46193977 -2.24000000 0.92865828 0.56862745 0.58823529 0.54901961
v -0.46193977 -2.66000000 0.92865828 0.56862745 0.58823529 0.54901961
v -0.41573481 -2.24000000 0.84221488 0.56862745 0.58823529 0.54901961
v -0.41573481 -2.66000000 0.84221488 0.56862745 0.58823529 0.54901961
v -0.35355339 -2.24000000 0.76644661 0.56862745 0.58823529 0.54901961
v -0.35355339 -2.66000000 0.76644661 0.56862745 0.58823529 0.54901961
v -0.27778512 -2.24000000 0.70426519 0.56862745 0.58823529 0.54901961
v -0.27778512 -2.66000000 0.70426519 0.56862745 0.58823529 0.54901961
v -0.19134172 -2.24000000 0.65806023 0.56862745 0.58823529 0.54901961
v -0.19134172 -2.66000000 0.65806023 0.56862745 0.58823529 0.54901961
v -0.09754516 -2.24000000 0.62960736 0.56862745 0.58823529 0.54901961
v -0.09754516 -2.66000000 0.62960736 0.56862745 0.58823529 0.54901961
v -0.00000000 -2.24000000 0.62000000 0.56862745 0.58823529 0.54901961
v -0.00000000 -2.66000000 0.62000000 0.56862745 0.58823529 0.54901961
v 0.09754516 -2.24000000 0.62960736 0.56862745 0.58823529 0.54901961
v 0.09754516 -2.66000000 0.62960736 0.56862745 0.58823529 0.54901961
v 0.19134172 -2.24000000 0.65806023 0.56862745 0.58823529 0.54901961
v 0.19134172 -2.66000000 0.65806023 0.56862745 0.58823529 0.54901961
v 0.27778512 -2.24000000 0.70426519 0.56862745 0.58823529 0.54901961
v 0.27778512 -2.66000000 0.70426519 0.56862745 0.58823529 0.54901961
v 0.35355339 -2.24000000 0.76644661 0.56862745 0.58823529 0.54901961
v 0.35355339 -2.66000000 0.76644661 0.56862745 0.58823529 0.54901961
v 0.41573481 -2.24000000 0.84221488 0.56862745 0.58823529 0.54901961
v 0.41573481 -2.66000000 0.84221488 0.56862745 0.58823529 0.54901961
v 0.46193977 -2.24000000 0.92865828 0.56862745 0.58823529 0.54901961
v 0.46193977 -2.66000000 0.92865828 0.56862745 0.58823529 0.54901961
v 0.49039264 -2.24000000 1.02245484 0.56862745 0.58823529 0.54901961
v 0.49039264 -2.66000000 1.02245484 0.56862745 0.58823529 0.54901961
v 1.35000000 -2.24000000 1.12000000 0.56862745 0.58823529 0.54901961
v 1.85000000 -2.24000000 1.12000000 0.56862745 0.58823529 0.54901961
v 1.85000000 -2.66000000 1.12000000 0.56862745 0.58823529 0.54901961
v 1.35000000 -2.66000000 1.12000000 0.56862745 0.58823529 0.54901961
v 1.84039264 -2.24000000 1.21754516 0.56862745 0.58823529 0.54901961
v 1.84039264 -2.66000000 1.21754516 0.56862745 0.58823529 0.54901961
v 1.81193977 -2.24000000 1.31134172 0.56862745 0.58823529 0.54901961
v 1.81193977 -2.66000000 1.31134172 0.56862745 0.58823529 0.54901961
v 1.76573481 -2.24000000 1.39778512 0.56862745 0.58823529 0.54901961
v 1.76573481 -2.66000000 1.39778512 0.56862745 0.58823529 0.54901961
v 1.70355339 -2.24000000 1.47355339 0.56862745 0.58823529 0.54901961
v 1.70355339 -2.66000000 1.47355339 0.56862745 0.58823529 0.54901961
v 1.62778512 -2.24000000 1.53573481 0.56862745 0.58823529 0.54901961
v 1.62778512 -2.66000000 1.53573481 0.56862745 0.58823529 0.54901961
v 1.54134172 -2.24000000 1.58193977 0.56862745 0.58823529 0.54901961
v 1.54134172 -2.66000000 1.58193977 0.56862745 0.58823529 0.54901961
v 1.44754516 -2.24000000 1.61039264 0.56862745 0.58823529 0.54901961
v 1.44754516 -2.66000000 1.61039264 0.56862745 0.58823529 0.54901961
v 1.35000000 -2.24000000 1.62000000 0.56862745 0.58823529 0.54901961
v 1.35000000 -2.66000000 1.62000000 0.56862745 0.58823529 0.54901961
v 1.25245484 -2.24000000 1.61039264 0.56862745 0.58823529 0.54901961
v 1.25245484 -2.66000000 1.61039264 0.56862745 0.58823529 0.54901961
v 1.15865828 -2.24000000 1.58193977 0.56862745 0.58823529 0.54901961
v 1.15865828 -2.66000000 1.58193977 0.56862745 0.58823529 0.54901961
v 1.07221488 -2.24000000 1.53573481 0.56862745 0.58823529 0.54901961
v 1.07221488 -2.66000000 1.53573481 0.56862745 0.58823529 0.54901961
v 0.99644661 -2.24000000 1.47355339 0.56862745 0.58823529 0.54901961
v 0.99644661 -2.66000000 1.47355339 0.56862745 0.58823529 0.54901961
v 0.93426519 -2.24000000 1.39778512 0.56862745 0.58823529 0.54901961
v 0.93426519 -2.66000000 1.39778512 0.56862745 0.58823529 0.54901961
v 0.88806023 -2.24000000 1.31134172 0.56862745 0.58823529 0.54901961
v 0.88806023 -2.66000000 1.31134172 0.56862745 0.58823529 0.54901961
v 0.85960736 -2.24000000 1.21754516 0.56862745 0.58823529 0.54901961
v 0.85960736 -2.66000000 1.21754516 0.56862745 0.58823529 0.54901961
v 0.85000000 -2.24000000 1.12000000 0.56862745 0.58823529 0.54901961
v 0.85000000 -2.66000000 1.12000000 0.56862745 0.58823529 0.54901961
v 0.85960736 -2.24000000 1.02245484 0.56862745 0.58823529 0.54901961
v 0.85960736 -2.66000000 1.02245484 0.56862745 0.58823529 0.54901961
v 0.88806023 -2.24000000 0.92865828 0.56862745 0.58823529 0.54901961
v 0.88806023 -2.66000000 0.92865828 0.56862745 0.58823529 0.54901961
v 0.93426519 -2.24000000 0.84221488 0.56862745 0.58823529 0.54901961
v 0.93426519 -2.66000000 0.84221488 0.56862745 0.58823529 0.54901961
v 0.99644661 -2.24000000 0.76644661 0.56862745 0.58823529 0.54901961
v 0.99644661 -2.66000000 0.76644661 0.56862745 0.58823529 0.54901961
v 1.07221488 -2.24000000 0.70426519 0.56862745 0.58823529 0.54901961
v 1.07221488 -2.66000000 0.70426519 0.56862745 0.58823529 0.54901961
v 1.15865828 -2.24000000 0.65806023 0.56862745 0.58823529 0.54901961
v 1.15865828 -2.66000000 0.65806023 0.56862745 0.58823529 0.54901961
v 1.25245484 -2.24000000 0.62960736 0.56862745 0.58823529 0.54901961
v 1.25245484 -2.66000000 0.62960736 0.56862745 0.58823529 0.54901961
v 1.35000000 -2.24000000 0.62000000 0.56862745 0.58823529 0.54901961
v 1.35000000 -2.66000000 0.62000000 0.56862745 0.58823529 0.54901961
v 1.44754516 -2.24000000 0.62960736 0.56862745 0.58823529 0.54901961
v 1.44754516 -2.66000000 0.62960736 0.56862745 0.58823529 0.54901961
v 1.54134172 -2.24000000 0.65806023 0.56862745 0.58823529 0.54901961
v 1.54134172 -2.66000000 0.65806023 0.56862745 0.58823529 0.54901961
v 1.62778512 -2.24000000 0.70426519 0.56862745 0.58823529 0.54901961
v 1.62778512 -2.66000000 0.70426519 0.56862745 0.58823529 0.54901961
v 1.70355339 -2.24000000 0.76644661 0.56862745 0.58823529 0.54901961
v 1.70355339 -2.66000000 0.76644661 0.56862745 0.58823529 0.54901961
v 1.76573481 -2.24000000 0.84221488 0.56862745 0.58823529 0.54901961
v 1.76573481 -2.66000000 0.84221488 0.56862745 0.58823529 0.54901961
v 1.81193977 -2.24000000 0.92865828 0.56862745 0.58823529 0.54901961
v 1.81193977 -2.66000000 0.92865828 0.56862745 0.58823529 0.54901961
v 1.84039264 -2.24000000 1.02245484 0.56862745 0.58823529 0.54901961
v 1.84039264 -2.66000000 1.02245484 0.56862745 0.58823529 0.54901961
v 2.70000000 -2.24000000 1.12000000 0.56862745 0.58823529 0.54901961
v 3.20000000 -2.24000000 1.12000000 0.56862745 0.58823529 0.54901961
v 3.20000000 -2.66000000 1.12000000 0.56862745 0.58823529 0.54901961
v 2.70000000 -2.66000000 1.12000000 0.56862745 0.58823529 0.54901961
v 3.19039264 -2.24000000 1.21754516 0.56862745 0.58823529 0.54901961
v 3.19039264 -2.66000000 1.21754516 0.56862745 0.58823529 0.54901961
v 3.16193977 -2.24000000 1.31134172 0.56862745 0.58823529 0.54901961
v 3.16193977 -2.66000000 1.31134172 0.56862745 0.58823529 0.54901961
v 3.11573481 -2.24000000 1.39778512 0.56862745 0.58823529 0.54901961
v 3.11573481 -2.66000000 1.39778512 0.56862745 0.58823529 0.54901961
v 3.05355339 -2.24000000 1.47355339 0.56862745 0.58823529 0.54901961
v 3.05355339 -2.66000000 1.47355339 0.56862745 0.58823529 0.54901961
v 2.97778512 -2.24000000 1.53573481 0.56862745 0.58823529 0.54901961
v 2.97778512 -2.66000000 1.53573481 0.56862745 0.58823529 0.54901961
v 2.89134172 -2.24000000 1.58193977 0.56862745 0.58823529 0.54901961
v 2.89134172 -2.66000000 1.58193977 0.56862745 0.58823529 0.54901961
v 2.79754516 -2.24000000 1.61039264 0.56862745 0.58823529 0.54901961
v 2.79754516 -2.66000000 1.61039264 0.56862745 0.58823529 0.54901961
v 2.70000000 -2.24000000 1.62000000 0.56862745 0.58823529 0.54901961
v 2.70000000 -2.66000000 1.62000000 0.56862745 0.58823529 0.54901961
v 2.60245484 -2.24000000 1.61039264 0.56862745 0.58823529 0.54901961
v 2.60245484 -2.66000000 1.61039264 0.56862745 0.58823529 0.54901961
v 2.50865828 -2.24000000 1.58193977 0.56862745 0.58823529 0.54901961
v 2.50865828 -2.66000000 1.58193977 0.56862745 0.58823529 0.54901961
v 2.42221488 -2.24000000 1.53573481 0.56862745 0.58823529 0.54901961
v 2.42221488 -2.66000000 1.53573481 0.56862745 0.58823529 0.54901961
v 2.34644661 -2.24000000 1.47355339 0.56862745 0.58823529 0.54901961
v 2.34644661 -2.66000000 1.47355339 0.56862745 0.58823529 0.54901961
v 2.28426519 -2.24000000 1.39778512 0.56862745 0.58823529 0.54901961
v 2.28426519 -2.66000000 1.39778512 0.56862745 0.58823529 0.54901961
v 2.23806023 -2.24000000 1.31134172 0.56862745 0.58823529 0.54901961
v 2.23806023 -2.66000000 1.31134172 0.56862745 0.58823529 0.54901961
v 2.20960736 -2.24000000 1.21754516 0.56862745 0.58823529 0.54901961
v 2.20960736 -2.66000000 1.21754516 0.56862745 0.58823529 0.54901961
v 2.20000000 -2.24000000 1.12000000 0.56862745 0.58823529 0.54901961
v 2.20000000 -2.66000000 1.12000000 0.56862745 0.58823529 0.54901961
v 2.20960736 -2.24000000 1.02245484 0.56862745 0.58823529 0.54901961
v 2.20960736 -2.66000000 1.02245484 0.56862745 0.58823529 0.54901961
v 2.23806023 -2.24000000 0.92865828 0.56862745 0.58823529 0.54901961
v 2.23806023 -2.66000000 0.92865828 0.56862745 0.58823529 0.54901961
v 2.28426519 -2.24000000 0.84221488 0.56862745 0.58823529 0.54901961
v 2.28426519 -2.66000000 0.84221488 0.56862745 0.58823529 0.54901961
v 2.34644661 -2.24000000 0.76644661 0.56862745 0.58823529 0.54901961
v 2.34644661 -2.66000000 0.76644661 0.56862745 0.58823529 0.54901961
v 2.42221488 -2.24000000 0.70426519 0.56862745 0.58823529 0.54901961
v 2.42221488 -2.66000000 0.70426519 0.56862745 0.58823529 0.54901961
v 2.50865828 -2.24000000 0.65806023 0.56862745 0.58823529 0.54901961
v 2.50865828 -2.66000000 0.65806023 0.56862745 0.58823529 0.54901961
v 2.60245484 -2.24000000 0.62960736 0.56862745 0.58823529 0.54901961
v 2.60245484 -2.66000000 0.62960736 0.56862745 0.58823529 0.54901961
v 2.70000000 -2.24000000 0.62000000 0.56862745 0.58823529 0.54901961
v 2.70000000 -2.66000000 0.62000000 0.56862745 0.58823529 0.54901961
v 2.79754516 -2.24000000 0.62960736 0.56862745 0.58823529 0.54901961
v 2.79754516 -2.66000000 0.62960736 0.56862745 0.58823529 0.54901961
v 2.89134172 -2.24000000 0.65806023 0.56862745 0.58823529 0.54901961
v 2.89134172 -2.66000000 0.65806023 0.56862745 0.58823529 0.54901961
v 2.97778512 -2.24000000 0.70426519 0.56862745 0.58823529 0.54901961
v 2.97778512 -2.66000000 0.70426519 0.56862745 0.58823529 0.54901961
v 3.05355339 -2.24000000 0.76644661 0.56862745 0.58823529 0.54901961
v 3.05355339 -2.66000000 0.76644661 0.56862745 0.58823529 0.54901961
v 3.11573481 -2.24000000 0.84221488 0.56862745 0.58823529 0.54901961
v 3.11573481 -2.66000000 0.84221488 0.56862745 0.58823529 0.54901961
v 3.16193977 -2.24000000 0.92865828 0.56862745 0.58823529 0.54901961
v 3.16193977 -2.66000000 0.92865828 0.56862745 0.58823529 0.54901961
v 3.19039264 -2.24000000 1.02245484 0.56862745 0.58823529 0.54901961
v 3.19039264 -2.66000000 1.02245484 0.56862745 0.58823529 0.54901961
v 3.05000000 -2.21000000 1.12000000 0.56862745 0.58823529 0.54901961
v 3.77000000 -2.21000000 1.12000000 0.56862745 0.58823529 0.54901961
v 3.77000000 -2.69000000 1.12000000 0.56862745 0.58823529 0.54901961
v 3.05000000 -2.69000000 1.12000000 0.56862745 0.58823529 0.54901961
v 3.75616540 -2.21000000 1.26046503 0.56862745 0.58823529 0.54901961
v 3.75616540 -2.69000000 1.26046503 0.56862745 0.58823529 0.54901961
v 3.71519326 -2.21000000 1.39553207 0.56862745 0.58823529 0.54901961
v 3.71519326 -2.69000000 1.39553207 0.56862745 0.58823529 0.54901961
v 3.64865812 -2.21000000 1.52001057 0.56862745 0.58823529 0.54901961
v 3.64865812 -2.69000000 1.52001057 0.56862745 0.58823529 0.54901961
v 3.55911688 -2.21000000 1.62911688 0.56862745 0.58823529 0.54901961
v 3.55911688 -2.69000000 1.62911688 0.56862745 0.58823529 0.54901961
v 3.45001057 -2.21000000 1.71865812 0.56862745 0.58823529 0.54901961
v 3.45001057 -2.69000000 1.71865812 0.56862745 0.58823529 0.54901961
v 3.32553207 -2.21000000 1.78519326 0.56862745 0.58823529 0.54901961
v 3.32553207 -2.69000000 1.78519326 0.56862745 0.58823529 0.54901961
v 3.19046503 -2.21000000 1.82616540 0.56862745 0.58823529 0.54901961
v 3.19046503 -2.69000000 1.82616540 0.56862745 0.58823529 0.54901961
v 3.05000000 -2.21000000 1.84000000 0.56862745 0.58823529 0.54901961
v 3.05000000 -2.69000000 1.84000000 0.56862745 0.58823529 0.54901961
v 2.90953497 -2.21000000 1.82616540 0.56862745 0.58823529 0.54901961
v 2.90953497 -2.69000000 1.82616540 0.56862745 0.58823529 0.54901961
v 2.77446793 -2.21000000 1.78519326 0.56862745 0.58823529 0.54901961
v 2.77446793 -2.69000000 1.78519326 0.56862745 0.58823529 0.54901961
v 2.64998943 -2.21000000 1.71865812 0.56862745 0.58823529 0.54901961
v 2.64998943 -2.69000000 1.71865812 0.56862745 0.58823529 0.54901961
v 2.54088312 -2.21000000 1.62911688 0.56862745 0.58823529 0.54901961
v 2.54088312 -2.69000000 1.62911688 0.56862745 0.58823529 0.54901961
v 2.45134188 -2.21000000 1.52001057 0.56862745 0.58823529 0.54901961
v 2.45134188 -2.69000000 1.52001057 0.56862745 0.58823529 0.54901961
v 2.38480674 -2.21000000 1.39553207 0.56862745 0.58823529 0.54901961
v 2.38480674 -2.69000000 1.39553207 0.56862745 0.58823529 0.54901961
v 2.34383460 -2.21000000 1.26046503 0.56862745 0.58823529 0.54901961
v 2.34383460 -2.69000000 1.26046503 0.56862745 0.58823529 0.54901961
v 2.33000000 -2.21000000 1.12000000 0.56862745 0.58823529 0.54901961
v 2.33000000 -2.69000000 1.12000000 0.56862745 0.58823529 0.54901961
v 2.34383460 -2.21000000 0.97953497 0.56862745 0.58823529 0.54901961
v 2.34383460 -2.69000000 0.97953497 0.56862745 0.58823529 0.54901961
v 2.38480674 -2.21000000 0.84446793 0.56862745 0.58823529 0.54901961
v 2.38480674 -2.69000000 0.84446793 0.56862745 0.58823529 0.54901961
v 2.45134188 -2.21000000 0.71998943 0.56862745 0.58823529 0.54901961
v 2.45134188 -2.69000000 0.71998943 0.56862745 0.58823529 0.54901961
v 2.54088312 -2.21000000 0.61088312 0.56862745 0.58823529 0.54901961
v 2.54088312 -2.69000000 0.61088312 0.56862745 0.58823529 0.54901961
v 2.64998943 -2.21000000 0.52134188 0.56862745 0.58823529 0.54901961
v 2.64998943 -2.69000000 0.52134188 0.56862745 0.58823529 0.54901961
v 2.77446793 -2.21000000 0.45480674 0.56862745 0.58823529 0.54901961
v 2.77446793 -2.69000000 0.45480674 0.56862745 0.58823529 0.54901961
v 2.90953497 -2.21000000 0.41383460 0.56862745 0.58823529 0.54901961
v 2.90953497 -2.69000000 0.41383460 0.56862745 0.58823529 0.54901961
v 3.05000000 -2.21000000 0.40000000 0.56862745 0.58823529 0.54901961
v 3.05000000 -2.69000000 0.40000000 0.56862745 0.58823529 0.54901961
v 3.19046503 -2.21000000 0.41383460 0.56862745 0.58823529 0.54901961
v 3.19046503 -2.69000000 0.41383460 0.56862745 0.58823529 0.54901961
v 3.32553207 -2.21000000 0.45480674 0.56862745 0.58823529 0.54901961
v 3.32553207 -2.69000000 0.45480674 0.56862745 0.58823529 0.54901961
v 3.45001057 -2.21000000 0.52134188 0.56862745 0.58823529 0.54901961
v 3.45001057 -2.69000000 0.52134188 0.56862745 0.58823529 0.54901961
v 3.55911688 -2.21000000 0.61088312 0.56862745 0.58823529 0.54901961
v 3.55911688 -2.69000000 0.61088312 0.56862745 0.58823529 0.54901961
v 3.64865812 -2.21000000 0.71998943 0.56862745 0.58823529 0.54901961
v 3.64865812 -2.69000000 0.71998943 0.56862745 0.58823529 0.54901961
v 3.71519326 -2.21000000 0.84446793 0.56862745 0.58823529 0.54901961
v 3.71519326 -2.69000000 0.84446793 0.56862745 0.58823529 0.54901961
v 3.75616540 -2.21000000 0.97953497 0.56862745 0.58823529 0.54901961
v 3.75616540 -2.69000000 0.97953497 0.56862745 0.58823529 0.54901961
v -3.05000000 -2.21000000 1.12000000 0.56862745 0.58823529 0.54901961
v -2.43000000 -2.21000000 1.12000000 0.56862745 0.58823529 0.54901961
v -2.43000000 -2.69000000 1.12000000 0.56862745 0.58823529 0.54901961
v -3.05000000 -2.69000000 1.12000000 0.56862745 0.58823529 0.54901961
v -2.44191313 -2.21000000 1.24095600 0.56862745 0.58823529 0.54901961
v -2.44191313 -2.69000000 1.24095600 0.56862745 0.58823529 0.54901961
v -2.47719469 -2.21000000 1.35726373 0.56862745 0.58823529 0.54901961
v -2.47719469 -2.69000000 1.35726373 0.56862745 0.58823529 0.54901961
v -2.53448884 -2.21000000 1.46445354 0.56862745 0.58823529 0.54901961
v -2.53448884 -2.69000000 1.46445354 0.56862745 0.58823529 0.54901961
v -2.61159380 -2.21000000 1.55840620 0.56862745 0.58823529 0.54901961
v -2.61159380 -2.69000000 1.55840620 0.56862745 0.58823529 0.54901961
v -2.70554646 -2.21000000 1.63551116 0.56862745 0.58823529 0.54901961
v -2.70554646 -2.69000000 1.63551116 0.56862745 0.58823529 0.54901961
v -2.81273627 -2.21000000 1.69280531 0.56862745 0.58823529 0.54901961
v -2.81273627 -2.69000000 1.69280531 0.56862745 0.58823529 0.54901961
v -2.92904400 -2.21000000 1.72808687 0.56862745 0.58823529 0.54901961
v -2.92904400 -2.69000000 1.72808687 0.56862745 0.58823529 0.54901961
v -3.05000000 -2.21000000 1.74000000 0.56862745 0.58823529 0.54901961
v -3.05000000 -2.69000000 1.74000000 0.56862745 0.58823529 0.54901961
v -3.17095600 -2.21000000 1.72808687 0.56862745 0.58823529 0.54901961
v -3.17095600 -2.69000000 1.72808687 0.56862745 0.58823529 0.54901961
v -3.28726373 -2.21000000 1.69280531 0.56862745 0.58823529 0.54901961
v -3.28726373 -2.69000000 1.69280531 0.56862745 0.58823529 0.54901961
v -3.39445354 -2.21000000 1.63551116 0.56862745 0.58823529 0.54901961
v -3.39445354 -2.69000000 1.63551116 0.56862745 0.58823529 0.54901961
v -3.48840620 -2.21000000 1.55840620 0.56862745 0.58823529 0.54901961
v -3.48840620 -2.69000000 1.55840620 0.56862745 0.58823529 0.54901961
v -3.56551116 -2.21000000 1.46445354 0.56862745 0.58823529 0.54901961
v -3.56551116 -2.69000000 1.46445354 0.56862745 0.58823529 0.54901961
v -3.62280531 -2.21000000 1.35726373 0.56862745 0.58823529 0.54901961
v -3.62280531 -2.69000000 1.35726373 0.56862745 0.58823529 0.54901961
v -3.65808687 -2.21000000 1.24095600 0.56862745 0.58823529 0.54901961
v -3.65808687 -2.69000000 1.24095600 0.56862745 0.58823529 0.54901961
v -3.67000000 -2.21000000 1.12000000 0.56862745 0.58823529 0.54901961
v -3.67000000 -2.69000000 1.12000000 0.56862745 0.58823529 0.54901961
v -3.65808687 -2.21000000 0.99904400 0.56862745 0.58823529 0.54901961
v -3.65808687 -2.69000000 0.99904400 0.56862745 0.58823529 0.54901961
v -3.62280531 -2.21000000 0.88273627 0.56862745 0.58823529 0.54901961
v -3.62280531 -2.69000000 0.88273627 0.56862745 0.58823529 0.54901961
v -3.56551116 -2.21000000 0.77554646 0.56862745 0.58823529 0.54901961
v -3.56551116 -2.69000000 0.77554646 0.56862745 0.58823529 0.54901961
v -3.48840620 -2.21000000 0.68159380 0.56862745 0.58823529 0.54901961
v -3.48840620 -2.69000000 0.68159380 0.56862745 0.58823529 0.54901961
v -3.39445354 -2.21000000 0.60448884 0.56862745 0.58823529 0.54901961
v -3.39445354 -2.69000000 0.60448884 0.56862745 0.58823529 0.54901961
v -3.28726373 -2.21000000 0.54719469 0.56862745 0.58823529 0.54901961
v -3.28726373 -2.69000000 0.54719469 0.56862745 0.58823529 0.54901961
v -3.17095600 -2.21000000 0.51191313 0.56862745 0.58823529 0.54901961
v -3.17095600 -2.69000000 0.51191313 0.56862745 0.58823529 0.54901961
v -3.05000000 -2.21000000 0.50000000 0.56862745 0.58823529 0.54901961
v -3.05000000 -2.69000000 0.50000000 0.56862745 0.58823529 0.54901961
v -2.92904400 -2.21000000 0.51191313 0.56862745 0.58823529 0.54901961
v -2.92904400 -2.69000000 0.51191313 0.56862745 0.58823529 0.54901961
v -2.81273627 -2.21000000 0.54719469 0.56862745 0.58823529 0.54901961
v -2.81273627 -2.69000000 0.54719469 0.56862745 0.58823529 0.54901961
v -2.70554646 -2.21000000 0.60448884 0.56862745 0.58823529 0.54901961
v -2.70554646 -2.69000000 0.60448884 0.56862745 0.58823529 0.54901961
v -2.61159380 -2.21000000 0.68159380 0.56862745 0.58823529 0.54901961
v -2.61159380 -2.69000000 0.68159380 0.56862745 0.58823529 0.54901961
v -2.53448884 -2.21000000 0.77554646 0.56862745 0.58823529 0.54901961
v -2.53448884 -2.69000000 0.77554646 0.56862745 0.58823529 0.54901961
v -2.47719469 -2.21000000 0.88273627 0.56862745 0.58823529 0.54901961
v -2.47719469 -2.69000000 0.88273627 0.56862745 0.58823529 0.54901961
v -2.44191313 -2.21000000 0.99904400 0.56862745 0.58823529 0.54901961
v -2.44191313 -2.69000000 0.99904400 0.56862745 0.58823529 0.54901961
v -2.81000000 -2.88000000 0.55000000 0.41176471 0.45098039 0.41176471
v -2.81000000 -2.88000000 0.69000000 0.41176471 0.45098039 0.41176471
v -2.81000000 -2.78000000 0.55000000 0.41176471 0.45098039 0.41176471
v -2.81000000 -2.78000000 0.69000000 0.41176471 0.45098039 0.41176471
v -2.19000000 -2.88000000 0.55000000 0.41176471 0.45098039 0.41176471
v -2.19000000 -2.88000000 0.69000000 0.41176471 0.45098039 0.41176471
v -2.19000000 -2.78000000 0.55000000 0.41176471 0.45098039 0.41176471
v -2.19000000 -2.78000000 0.69000000 0.41176471 0.45098039 0.41176471
v -2.18500000 -2.88000000 0.55000000 0.41176471 0.45098039 0.41176471
v -2.18500000 -2.88000000 0.69000000 0.41176471 0.45098039 0.41176471
v -2.18500000 -2.78000000 0.55000000 0.41176471 0.45098039 0.41176471
v -2.18500000 -2.78000000 0.69000000 0.41176471 0.45098039 0.41176471
v -1.56500000 -2.88000000 0.55000000 0.41176471 0.45098039 0.41176471
v -1.56500000 -2.88000000 0.69000000 0.41176471 0.45098039 0.41176471
v -1.56500000 -2.78000000 0.55000000 0.41176471 0.45098039 0.41176471
v -1.56500000 -2.78000000 0.69000000 0.41176471 0.45098039 0.41176471
v -1.56000000 -2.88000000 0.55000000 0.41176471 0.45098039 0.41176471
v -1.56000000 -2.88000000 0.69000000 0.41176471 0.45098039 0.41176471
v -1.56000000 -2.78000000 0.55000000 0.41176471 0.45098039 0.41176471
v -1.56000000 -2.78000000 0.69000000 0.41176471 0.45098039 0.41176471
v -0.94000000 -2.88000000 0.55000000 0.41176471 0.45098039 0.41176471
v -0.94000000 -2.88000000 0.69000000 0.41176471 0.45098039 0.41176471
v -0.94000000 -2.78000000 0.55000000 0.41176471 0.45098039 0.41176471
v -0.94000000 -2.78000000 0.69000000 0.41176471 0.45098039 0.41176471
v -0.93500000 -2.88000000 0.55000000 0.41176471 0.45098039 0.41176471
v -0.93500000 -2.88000000 0.69000000 0.41176471 0.45098039 0.41176471
v -0.93500000 -2.78000000 0.55000000 0.41176471 0.45098039 0.41176471
v -0.93500000 -2.78000000 0.69000000 0.41176471 0.45098039 0.41176471
v -0.31500000 -2.88000000 0.55000000 0.41176471 0.45098039 0.41176471
v -0.31500000 -2.88000000 0.69000000 0.41176471 0.45098039 0.41176471
v -0.31500000 -2.78000000 0.55000000 0.41176471 0.45098039 0.41176471
v -0.31500000 -2.78000000 0.69000000 0.41176471 0.45098039 0.41176471
v -0.31000000 -2.88000000 0.55000000 0.41176471 0.45098039 0.41176471
v -0.31000000 -2.88000000 0.69000000 0.41176471 0.45098039 0.41176471
v -0.31000000 -2.78000000 0.55000000 0.41176471 0.45098039 0.41176471
v -0.31000000 -2.78000000 0.69000000 0.41176471 0.45098039 0.41176471
v 0.31000000 -2.88000000 0.55000000 0.41176471 0.45098039 0.41176471
v 0.31000000 -2.88000000 0.69000000 0.41176471 0.45098039 0.41176471
v 0.31000000 -2.78000000 0.55000000 0.41176471 0.45098039 0.41176471
v 0.31000000 -2.78000000 0.69000000 0.41176471 0.45098039 0.41176471
v 0.31500000 -2.88000000 0.55000000 0.41176471 0.45098039 0.41176471
v 0.31500000 -2.88000000 0.69000000 0.41176471 0.45098039 0.41176471
v 0.31500000 -2.78000000 0.55000000 0.41176471 0.45098039 0.41176471
v 0.31500000 -2.78000000 0.69000000 0.41176471 0.45098039 0.41176471
v 0.93500000 -2.88000000 0.55000000 0.41176471 0.45098039 0.41176471
v 0.93500000 -2.88000000 0.69000000 0.41176471 0.45098039 0.41176471
v 0.93500000 -2.78000000 0.55000000 0.41176471 0.45098039 0.41176471
v 0.93500000 -2.78000000 0.69000000 0.41176471 0.45098039 0.41176471
v 0.94000000 -2.88000000 0.55000000 0.41176471 0.45098039 0.41176471
v 0.94000000 -2.88000000 0.69000000 0.41176471 0.45098039 0.41176471
v 0.94000000 -2.78000000 0.55000000 0.41176471 0.45098039 0.41176471
v 0.94000000 -2.78000000 0.69000000 0.41176471 0.45098039 0.41176471
v 1.56000000 -2.88000000 0.55000000 0.41176471 0.45098039 0.41176471
v 1.56000000 -2.88000000 0.69000000 0.41176471 0.45098039 0.41176471
v 1.56000000 -2.78000000 0.55000000 0.41176471 0.45098039 0.41176471
v 1.56000000 -2.78000000 0.69000000 0.41176471 0.45098039 0.41176471
v 1.56500000 -2.88000000 0.55000000 0.41176471 0.45098039 0.41176471
v 1.56500000 -2.88000000 0.69000000 0.41176471 0.45098039 0.41176471
v 1.56500000 -2.78000000 0.55000000 0.41176471 0.45098039 0.41176471
v 1.56500000 -2.78000000 0.69000000 0.41176471 0.45098039 0.41176471
v 2.18500000 -2.88000000 0.55000000 0.41176471 0.45098039 0.41176471
v 2.18500000 -2.88000000 0.69000000 0.41176471 0.45098039 0.41176471
v 2.18500000 -2.78000000 0.55000000 0.41176471 0.45098039 0.41176471
v 2.18500000 -2.78000000 0.69000000 0.41176471 0.45098039 0.41176471
v 2.19000000 -2.88000000 0.55000000 0.41176471 0.45098039 0.41176471
v 2.19000000 -2.88000000 0.69000000 0.41176471 0.45098039 0.41176471
v 2.19000000 -2.78000000 0.55000000 0.41176471 0.45098039 0.41176471
v 2.19000000 -2.78000000 0.69000000 0.41176471 0.45098039 0.41176471
v 2.81000000 -2.88000000 0.55000000 0.41176471 0.45098039 0.41176471
v 2.81000000 -2.88000000 0.69000000 0.41176471 0.45098039 0.41176471
v 2.81000000 -2.78000000 0.55000000 0.41176471 0.45098039 0.41176471
v 2.81000000 -2.78000000 0.69000000 0.41176471 0.45098039 0.41176471
v -4.22000000 2.45000000 1.12000000 0.07058824 0.07843137 0.07058824
v -4.21766526 2.45000000 1.06206407 0.07058824 0.07843137 0.07058824
v -4.21067619 2.45000000 1.00450388 0.07058824 0.07843137 0.07058824
v -4.19907811 2.45000000 0.94769272 0.07058824 0.07843137 0.07058824
v -4.18294624 2.45000000 0.89199904 0.07058824 0.07843137 0.07058824
v -4.16238520 2.45000000 0.83778404 0.07058824 0.07843137 0.07058824
v -4.13752834 2.45000000 0.78539932 0.07058824 0.07843137 0.07058824
v -4.10853686 2.45000000 0.73518461 0.07058824 0.07843137 0.07058824
v -4.07559879 2.45000000 0.68746557 0.07058824 0.07843137 0.07058824
v -4.03892774 2.45000000 0.64255169 0.07058824 0.07843137 0.07058824
v -3.99876153 2.45000000 0.60073424 0.07058824 0.07843137 0.07058824
v -3.95536067 2.45000000 0.56228443 0.07058824 0.07843137 0.07058824
v -3.90900662 2.45000000 0.52745162 0.07058824 0.07843137 0.07058824
v -3.86000000 2.45000000 0.49646171 0.07058824 0.07843137 0.07058824
v -3.80865864 2.45000000 0.46951569 0.07058824 0.07843137 0.07058824
v -3.75531552 2.45000000 0.44678831 0.07058824 0.07843137 0.07058824
v -3.70031657 2.45000000 0.42842696 0.07058824 0.07843137 0.07058824
v -3.64401850 2.45000000 0.41455073 0.07058824 0.07843137 0.07058824
v -3.58678641 2.45000000 0.40524961 0.07058824 0.07843137 0.07058824
v -3.52899148 2.45000000 0.40058392 0.07058824 0.07843137 0.07058824
v 3.52899148 2.45000000 0.40058392 0.07058824 0.07843137 0.07058824
v 3.58678641 2.45000000 0.40524961 0.07058824 0.07843137 0.07058824
v 3.64401850 2.45000000 0.41455073 0.07058824 0.07843137 0.07058824
v 3.70031657 2.45000000 0.42842696 0.07058824 0.07843137 0.07058824
v 3.75531552 2.45000000 0.44678831 0.07058824 0.07843137 0.07058824
v 3.80865864 2.45000000 0.46951569 0.07058824 0.07843137 0.07058824
v 3.86000000 2.45000000 0.49646171 0.07058824 0.07843137 0.07058824
v 3.90900662 2.45000000 0.52745162 0.07058824 0.07843137 0.07058824
v 3.95536067 2.45000000 0.56228443 0.07058824 0.07843137 0.07058824
v 3.99876153 2.45000000 0.60073424 0.07058824 0.07843137 0.07058824
v 4.03892774 2.45000000 0.64255169 0.07058824 0.07843137 0.07058824
v 4.07559879 2.45000000 0.68746557 0.07058824 0.07843137 0.07058824
v 4.10853686 2.45000000 0.73518461 0.07058824 0.07843137 0.07058824
v 4.13752834 2.45000000 0.78539932 0.07058824 0.07843137 0.07058824
v 4.16238520 2.45000000 0.83778404 0.07058824 0.07843137 0.07058824
v 4.18294624 2.45000000 0.89199904 0.07058824 0.07843137 0.07058824
v 4.19907811 2.45000000 0.94769272 0.07058824 0.07843137 0.07058824
v 4.21067619 2.45000000 1.00450388 0.07058824 0.07843137 0.07058824
v 4.21766526 2.45000000 1.06206407 0.07058824 0.07843137 0.07058824
v 4.22000000 2.45000000 1.12000000 0.07058824 0.07843137 0.07058824
v -4.21766526 2.46790319 1.06489966 0.07058824 0.07843137 0.07058824
v -4.21067619 2.48569026 1.01015666 0.07058824 0.07843137 0.07058824
v -4.19907811 2.50324588 0.95612604 0.07058824 0.07843137 0.07058824
v -4.18294624 2.52045617 0.90315821 0.07058824 0.07843137 0.07058824
v -4.16238520 2.53720953 0.85159667 0.07058824 0.07843137 0.07058824
v -4.13752834 2.55339730 0.80177584 0.07058824 0.07843137 0.07058824
v -4.10853686 2.56891450 0.75401881 0.07058824 0.07843137 0.07058824
v -4.07559879 2.58366049 0.70863531 0.07058824 0.07843137 0.07058824
v -4.03892774 2.59753964 0.66591967 0.07058824 0.07843137 0.07058824
v -3.99876153 2.61046195 0.62614891 0.07058824 0.07843137 0.07058824
v -3.95536067 2.62234359 0.58958097 0.07058824 0.07843137 0.07058824
v -3.90900662 2.63310752 0.55645300 0.07058824 0.07843137 0.07058824
v -3.86000000 2.64268393 0.52697985 0.07058824 0.07843137 0.07058824
v -3.80865864 2.65101071 0.50135266 0.07058824 0.07843137 0.07058824
v -3.75531552 2.65803385 0.47973763 0.07058824 0.07843137 0.07058824
v -3.70031657 2.66370782 0.46227495 0.07058824 0.07843137 0.07058824
v -3.64401850 2.66799581 0.44907788 0.07058824 0.07843137 0.07058824
v -3.58678641 2.67087002 0.44023198 0.07058824 0.07843137 0.07058824
v -3.52899148 2.67231179 0.43579465 0.07058824 0.07843137 0.07058824
v 3.52899148 2.67231179 0.43579465 0.07058824 0.07843137 0.07058824
v 3.58678641 2.67087002 0.44023198 0.07058824 0.07843137 0.07058824
v 3.64401850 2.66799581 0.44907788 0.07058824 0.07843137 0.07058824
v 3.70031657 2.66370782 0.46227495 0.07058824 0.07843137 0.07058824
v 3.75531552 2.65803385 0.47973763 0.07058824 0.07843137 0.07058824
v 3.80865864 2.65101071 0.50135266 0.07058824 0.07843137 0.07058824
v 3.86000000 2.64268393 0.52697985 0.07058824 0.07843137 0.07058824
v 3.90900662 2.63310752 0.55645300 0.07058824 0.07843137 0.07058824
v 3.95536067 2.62234359 0.58958097 0.07058824 0.07843137 0.07058824
v 3.99876153 2.61046195 0.62614891 0.07058824 0.07843137 0.07058824
v 4.03892774 2.59753964 0.66591967 0.07058824 0.07843137 0.07058824
v 4.07559879 2.58366049 0.70863531 0.07058824 0.07843137 0.07058824
v 4.10853686 2.56891450 0.75401881 0.07058824 0.07843137 0.07058824
v 4.13752834 2.55339730 0.80177584 0.07058824 0.07843137 0.07058824
v 4.16238520 2.53720953 0.85159667 0.07058824 0.07843137 0.07058824
v 4.18294624 2.52045617 0.90315821 0.07058824 0.07843137 0.07058824
v 4.19907811 2.50324588 0.95612604 0.07058824 0.07843137 0.07058824
v 4.21067619 2.48569026 1.01015666 0.07058824 0.07843137 0.07058824
v 4.21766526 2.46790319 1.06489966 0.07058824 0.07843137 0.07058824
v -4.21766526 2.48405388 1.07312885 0.07058824 0.07843137 0.07058824
v -4.21067619 2.51788692 1.02656167 0.07058824 0.07843137 0.07058824
v -4.19907811 2.55127968 0.98060048 0.07058824 0.07843137 0.07058824
v -4.18294624 2.58401560 0.93554335 0.07058824 0.07843137 0.07058824
v -4.16238520 2.61588238 0.89168249 0.07058824 0.07843137 0.07058824
v -4.13752834 2.64667335 0.84930236 0.07058824 0.07843137 0.07058824
v -4.10853686 2.67618881 0.80867781 0.07058824 0.07843137 0.07058824
v -4.07559879 2.70423736 0.77007230 0.07058824 0.07843137 0.07058824
v -4.03892774 2.73063708 0.73373620 0.07058824 0.07843137 0.07058824
v -3.99876153 2.75521676 0.69990517 0.07058824 0.07843137 0.07058824
v -3.95536067 2.77781699 0.66879862 0.07058824 0.07843137 0.07058824
v -3.90900662 2.79829120 0.64061829 0.07058824 0.07843137 0.07058824
v -3.86000000 2.81650661 0.61554693 0.07058824 0.07843137 0.07058824
v -3.80865864 2.83234509 0.59374714 0.07058824 0.07843137 0.07058824
v -3.75531552 2.84570391 0.57536030 0.07058824 0.07843137 0.07058824
v -3.70031657 2.85649643 0.56050566 0.07058824 0.07843137 0.07058824
v -3.64401850 2.86465268 0.54927955 0.07058824 0.07843137 0.07058824
v -3.58678641 2.87011974 0.54175479 0.07058824 0.07843137 0.07058824
v -3.52899148 2.87286216 0.53798017 0.07058824 0.07843137 0.07058824
v 3.52899148 2.87286216 0.53798017 0.07058824 0.07843137 0.07058824
v 3.58678641 2.87011974 0.54175479 0.07058824 0.07843137 0.07058824
v 3.64401850 2.86465268 0.54927955 0.07058824 0.07843137 0.07058824
v 3.70031657 2.85649643 0.56050566 0.07058824 0.07843137 0.07058824
v 3.75531552 2.84570391 0.57536030 0.07058824 0.07843137 0.07058824
v 3.80865864 2.83234509 0.59374714 0.07058824 0.07843137 0.07058824
v 3.86000000 2.81650661 0.61554693 0.07058824 0.07843137 0.07058824
v 3.90900662 2.79829120 0.64061829 0.07058824 0.07843137 0.07058824
v 3.95536067 2.77781699 0.66879862 0.07058824 0.07843137 0.07058824
v 3.99876153 2.75521676 0.69990517 0.07058824 0.07843137 0.07058824
v 4.03892774 2.73063708 0.73373620 0.07058824 0.07843137 0.07058824
v 4.07559879 2.70423736 0.77007230 0.07058824 0.07843137 0.07058824
v 4.10853686 2.67618881 0.80867781 0.07058824 0.07843137 0.07058824
v 4.13752834 2.64667335 0.84930236 0.07058824 0.07843137 0.07058824
v 4.16238520 2.61588238 0.89168249 0.07058824 0.07843137 0.07058824
v 4.18294624 2.58401560 0.93554335 0.07058824 0.07843137 0.07058824
v 4.19907811 2.55127968 0.98060048 0.07058824 0.07843137 0.07058824
v 4.21067619 2.51788692 1.02656167 0.07058824 0.07843137 0.07058824
v 4.21766526 2.48405388 1.07312885 0.07058824 0.07843137 0.07058824
v -4.21766526 2.49687115 1.08594612 0.07058824 0.07843137 0.07058824
v -4.21067619 2.54343833 1.05211308 0.07058824 0.07843137 0.07058824
v -4.19907811 2.58939952 1.01872032 0.07058824 0.07843137 0.07058824
v -4.18294624 2.63445665 0.98598440 0.07058824 0.07843137 0.07058824
v -4.16238520 2.67831751 0.95411762 0.07058824 0.07843137 0.07058824
v -4.13752834 2.72069764 0.92332665 0.07058824 0.07843137 0.07058824
v -4.10853686 2.76132219 0.89381119 0.07058824 0.07843137 0.07058824
v -4.07559879 2.79992770 0.86576264 0.07058824 0.07843137 0.07058824
v -4.03892774 2.83626380 0.83936292 0.07058824 0.07843137 0.07058824
v -3.99876153 2.87009483 0.81478324 0.07058824 0.07843137 0.07058824
v -3.95536067 2.90120138 0.79218301 0.07058824 0.07843137 0.07058824
v -3.90900662 2.92938171 0.77170880 0.07058824 0.07843137 0.07058824
v -3.86000000 2.95445307 0.75349339 0.07058824 0.07843137 0.07058824
v -3.80865864 2.97625286 0.73765491 0.07058824 0.07843137 0.07058824
v -3.75531552 2.99463970 0.72429609 0.07058824 0.07843137 0.07058824
v -3.70031657 3.00949434 0.71350357 0.07058824 0.07843137 0.07058824
v -3.64401850 3.02072045 0.70534732 0.07058824 0.07843137 0.07058824
v -3.58678641 3.02824521 0.69988026 0.07058824 0.07843137 0.07058824
v -3.52899148 3.03201983 0.69713784 0.07058824 0.07843137 0.07058824
v 3.52899148 3.03201983 0.69713784 0.07058824 0.07843137 0.07058824
v 3.58678641 3.02824521 0.69988026 0.07058824 0.07843137 0.07058824
v 3.64401850 3.02072045 0.70534732 0.07058824 0.07843137 0.07058824
v 3.70031657 3.00949434 0.71350357 0.07058824 0.07843137 0.07058824
v 3.75531552 2.99463970 0.72429609 0.07058824 0.07843137 0.07058824
v 3.80865864 2.97625286 0.73765491 0.07058824 0.07843137 0.07058824
v 3.86000000 2.95445307 0.75349339 0.07058824 0.07843137 0.07058824
v 3.90900662 2.92938171 0.77170880 0.07058824 0.07843137 0.07058824
v 3.95536067 2.90120138 0.79218301 0.07058824 0.07843137 0.07058824
v 3.99876153 2.87009483 0.81478324 0.07058824 0.07843137 0.07058824
v 4.03892774 2.83626380 0.83936292 0.07058824 0.07843137 0.07058824
v 4.07559879 2.79992770 0.86576264 0.07058824 0.07843137 0.07058824
v 4.10853686 2.76132219 0.89381119 0.07058824 0.07843137 0.07058824
v 4.13752834 2.72069764 0.92332665 0.07058824 0.07843137 0.07058824
v 4.16238520 2.67831751 0.95411762 0.07058824 0.07843137 0.07058824
v 4.18294624 2.63445665 0.98598440 0.07058824 0.07843137 0.07058824
v 4.19907811 2.58939952 1.01872032 0.07058824 0.07843137 0.07058824
v 4.21067619 2.54343833 1.05211308 0.07058824 0.07843137 0.07058824
v 4.21766526 2.49687115 1.08594612 0.07058824 0.07843137 0.07058824
v -4.21766526 2.50510034 1.10209681 0.07058824 0.07843137 0.07058824
v -4.21067619 2.55984334 1.08430974 0.07058824 0.07843137 0.07058824
v -4.19907811 2.61387396 1.06675412 0.07058824 0.07843137 0.07058824
v -4.18294624 2.66684179 1.04954383 0.07058824 0.07843137 0.07058824
v -4.16238520 2.71840333 1.03279047 0.07058824 0.07843137 0.07058824
v -4.13752834 2.76822416 1.01660270 0.07058824 0.07843137 0.07058824
v -4.10853686 2.81598119 1.00108550 0.07058824 0.07843137 0.07058824
v -4.07559879 2.86136469 0.98633951 0.07058824 0.07843137 0.07058824
v -4.03892774 2.90408033 0.97246036 0.07058824 0.07843137 0.07058824
v -3.99876153 2.94385109 0.95953805 0.07058824 0.07843137 0.07058824
v -3.95536067 2.98041903 0.94765641 0.07058824 0.07843137 0.07058824
v -3.90900662 3.01354700 0.93689248 0.07058824 0.07843137 0.07058824
v -3.86000000 3.04302015 0.92731607 0.07058824 0.07843137 0.07058824
v -3.80865864 3.06864734 0.91898929 0.07058824 0.07843137 0.07058824
v -3.75531552 3.09026237 0.91196615 0.07058824 0.07843137 0.07058824
v -3.70031657 3.10772505 0.90629218 0.07058824 0.07843137 0.07058824
v -3.64401850 3.12092212 0.90200419 0.07058824 0.07843137 0.07058824
v -3.58678641 3.12976802 0.89912998 0.07058824 0.07843137 0.07058824
v -3.52899148 3.13420535 0.89768821 0.07058824 0.07843137 0.07058824
v 3.52899148 3.13420535 0.89768821 0.07058824 0.07843137 0.07058824
v 3.58678641 3.12976802 0.89912998 0.07058824 0.07843137 0.07058824
v 3.64401850 3.12092212 0.90200419 0.07058824 0.07843137 0.07058824
v 3.70031657 3.10772505 0.90629218 0.07058824 0.07843137 0.07058824
v 3.75531552 3.09026237 0.91196615 0.07058824 0.07843137 0.07058824
v 3.80865864 3.06864734 0.91898929 0.07058824 0.07843137 0.07058824
v 3.86000000 3.04302015 0.92731607 0.07058824 0.07843137 0.07058824
v 3.90900662 3.01354700 0.93689248 0.07058824 0.07843137 0.07058824
v 3.95536067 2.98041903 0.94765641 0.07058824 0.07843137 0.07058824
v 3.99876153 2.94385109 0.95953805 0.07058824 0.07843137 0.07058824
v 4.03892774 2.90408033 0.97246036 0.07058824 0.07843137 0.07058824
v 4.07559879 2.86136469 0.98633951 0.07058824 0.07843137 0.07058824
v 4.10853686 2.81598119 1.00108550 0.07058824 0.07843137 0.07058824
v 4.13752834 2.76822416 1.01660270 0.07058824 0.07843137 0.07058824
v 4.16238520 2.71840333 1.03279047 0.07058824 0.07843137 0.07058824
v 4.18294624 2.66684179 1.04954383 0.07058824 0.07843137 0.07058824
v 4.19907811 2.61387396 1.06675412 0.07058824 0.07843137 0.07058824
v 4.21067619 2.55984334 1.08430974 0.07058824 0.07843137 0.07058824
v 4.21766526 2.50510034 1.10209681 0.07058824 0.07843137 0.07058824
v -4.21766526 2.50793593 1.12000000 0.07058824 0.07843137 0.07058824
v -4.21067619 2.56549612 1.12000000 0.07058824 0.07843137 0.07058824
v -4.19907811 2.62230728 1.12000000 0.07058824 0.07843137 0.07058824
v -4.18294624 2.67800096 1.12000000 0.07058824 0.07843137 0.07058824
v -4.16238520 2.73221596 1.12000000 0.07058824 0.07843137 0.07058824
v -4.13752834 2.78460068 1.12000000 0.07058824 0.07843137 0.07058824
v -4.10853686 2.83481539 1.12000000 0.07058824 0.07843137 0.07058824
v -4.07559879 2.88253443 1.12000000 0.07058824 0.07843137 0.07058824
v -4.03892774 2.92744831 1.12000000 0.07058824 0.07843137 0.07058824
v -3.99876153 2.96926576 1.12000000 0.07058824 0.07843137 0.07058824
v -3.95536067 3.00771557 1.12000000 0.07058824 0.07843137 0.07058824
v -3.90900662 3.04254838 1.12000000 0.07058824 0.07843137 0.07058824
v -3.86000000 3.07353829 1.12000000 0.07058824 0.07843137 0.07058824
v -3.80865864 3.10048431 1.12000000 0.07058824 0.07843137 0.07058824
v -3.75531552 3.12321169 1.12000000 0.07058824 0.07843137 0.07058824
v -3.70031657 3.14157304 1.12000000 0.07058824 0.07843137 0.07058824
v -3.64401850 3.15544927 1.12000000 0.07058824 0.07843137 0.07058824
v -3.58678641 3.16475039 1.12000000 0.07058824 0.07843137 0.07058824
v -3.52899148 3.16941608 1.12000000 0.07058824 0.07843137 0.07058824
v 3.52899148 3.16941608 1.12000000 0.07058824 0.07843137 0.07058824
v 3.58678641 3.16475039 1.12000000 0.07058824 0.07843137 0.07058824
v 3.64401850 3.15544927 1.12000000 0.07058824 0.07843137 0.07058824
v 3.70031657 3.14157304 1.12000000 0.07058824 0.07843137 0.07058824
v 3.75531552 3.12321169 1.12000000 0.07058824 0.07843137 0.07058824
v 3.80865864 3.10048431 1.12000000 0.07058824 0.07843137 0.07058824
v 3.86000000 3.07353829 1.12000000 0.07058824 0.07843137 0.07058824
v 3.90900662 3.04254838 1.12000000 0.07058824 0.07843137 0.07058824
v 3.95536067 3.00771557 1.12000000 0.07058824 0.07843137 0.07058824
v 3.99876153 2.96926576 1.12000000 0.07058824 0.07843137 0.07058824
v 4.03892774 2.92744831 1.12000000 0.07058824 0.07843137 0.07058824
v 4.07559879 2.88253443 1.12000000 0.07058824 0.07843137 0.07058824
v 4.10853686 2.83481539 1.12000000 0.07058824 0.07843137 0.07058824
v 4.13752834 2.78460068 1.12000000 0.07058824 0.07843137 0.07058824
v 4.16238520 2.73221596 1.12000000 0.07058824 0.07843137 0.07058824
v 4.18294624 2.67800096 1.12000000 0.07058824 0.07843137 0.07058824
v 4.19907811 2.62230728 1.12000000 0.07058824 0.07843137 0.07058824
v 4.21067619 2.56549612 1.12000000 0.07058824 0.07843137 0.07058824
v 4.21766526 2.50793593 1.12000000 0.07058824 0.07843137 0.07058824
v -4.21766526 2.50510034 1.13790319 0.07058824 0.07843137 0.07058824
v -4.21067619 2.55984334 1.15569026 0.07058824 0.07843137 0.07058824
v -4.19907811 2.61387396 1.17324588 0.07058824 0.07843137 0.07058824
v -4.18294624 2.66684179 1.19045617 0.07058824 0.07843137 0.07058824
v -4.16238520 2.71840333 1.20720953 0.07058824 0.07843137 0.07058824
v -4.13752834 2.76822416 1.22339730 0.07058824 0.07843137 0.07058824
v -4.10853686 2.81598119 1.23891450 0.07058824 0.07843137 0.07058824
v -4.07559879 2.86136469 1.25366049 0.07058824 0.07843137 0.07058824
v -4.03892774 2.90408033 1.26753964 0.07058824 0.07843137 0.07058824
v -3.99876153 2.94385109 1.28046195 0.07058824 0.07843137 0.07058824
v -3.95536067 2.98041903 1.29234359 0.07058824 0.07843137 0.07058824
v -3.90900662 3.01354700 1.30310752 0.07058824 0.07843137 0.07058824
v -3.86000000 3.04302015 1.31268393 0.07058824 0.07843137 0.07058824
v -3.80865864 3.06864734 1.32101071 0.07058824 0.07843137 0.07058824
v -3.75531552 3.09026237 1.32803385 0.07058824 0.07843137 0.07058824
v -3.70031657 3.10772505 1.33370782 0.07058824 0.07843137 0.07058824
v -3.64401850 3.12092212 1.33799581 0.07058824 0.07843137 0.07058824
v -3.58678641 3.12976802 1.34087002 0.07058824 0.07843137 0.07058824
v -3.52899148 3.13420535 1.34231179 0.07058824 0.07843137 0.07058824
v 3.52899148 3.13420535 1.34231179 0.07058824 0.07843137 0.07058824
v 3.58678641 3.12976802 1.34087002 0.07058824 0.07843137 0.07058824
v 3.64401850 3.12092212 1.33799581 0.07058824 0.07843137 0.07058824
v 3.70031657 3.10772505 1.33370782 0.07058824 0.07843137 0.07058824
v 3.75531552 3.09026237 1.32803385 0.07058824 0.07843137 0.07058824
v 3.80865864 3.06864734 1.32101071 0.07058824 0.07843137 0.07058824
v 3.86000000 3.04302015 1.31268393 0.07058824 0.07843137 0.07058824
v 3.90900662 3.01354700 1.30310752 0.07058824 0.07843137 0.07058824
v 3.95536067 2.98041903 1.29234359 0.07058824 0.07843137 0.07058824
v 3.99876153 2.94385109 1.28046195 0.07058824 0.07843137 0.07058824
v 4.03892774 2.90408033 1.26753964 0.07058824 0.07843137 0.07058824
v 4.07559879 2.86136469 1.25366049 0.07058824 0.07843137 0.07058824
v 4.10853686 2.81598119 1.23891450 0.07058824 0.07843137 0.07058824
v 4.13752834 2.76822416 1.22339730 0.07058824 0.07843137 0.07058824
v 4.16238520 2.71840333 1.20720953 0.07058824 0.07843137 0.07058824
v 4.18294624 2.66684179 1.19045617 0.07058824 0.07843137 0.07058824
v 4.19907811 2.61387396 1.17324588 0.07058824 0.07843137 0.07058824
v 4.21067619 2.55984334 1.15569026 0.07058824 0.07843137 0.07058824
v 4.21766526 2.50510034 1.13790319 0.07058824 0.07843137 0.07058824
v -4.21766526 2.49687115 1.15405388 0.07058824 0.07843137 0.07058824
v -4.21067619 2.54343833 1.18788692 0.07058824 0.07843137 0.07058824
v -4.19907811 2.58939952 1.22127968 0.07058824 0.07843137 0.07058824
v -4.18294624 2.63445665 1.25401560 0.07058824 0.07843137 0.07058824
v -4.16238520 2.67831751 1.28588238 0.07058824 0.07843137 0.07058824
v -4.13752834 2.72069764 1.31667335 0.07058824 0.07843137 0.07058824
v -4.10853686 2.76132219 1.34618881 0.07058824 0.07843137 0.07058824
v -4.07559879 2.79992770 1.37423736 0.07058824 0.07843137 0.07058824
v -4.03892774 2.83626380 1.40063708 0.07058824 0.07843137 0.07058824
v -3.99876153 2.87009483 1.42521676 0.07058824 0.07843137 0.07058824
v -3.95536067 2.90120138 1.44781699 0.07058824 0.07843137 0.07058824
v -3.90900662 2.92938171 1.46829120 0.07058824 0.07843137 0.07058824
v -3.86000000 2.95445307 1.48650661 0.07058824 0.07843137 0.07058824
v -3.80865864 2.97625286 1.50234509 0.07058824 0.07843137 0.07058824
v -3.75531552 2.99463970 1.51570391 0.07058824 0.07843137 0.07058824
v -3.70031657 3.00949434 1.52649643 0.07058824 0.07843137 0.07058824
v -3.64401850 3.02072045 1.53465268 0.07058824 0.07843137 0.07058824
v -3.58678641 3.02824521 1.54011974 0.07058824 0.07843137 0.07058824
v -3.52899148 3.03201983 1.54286216 0.07058824 0.07843137 0.07058824
v 3.52899148 3.03201983 1.54286216 0.07058824 0.07843137 0.07058824
v 3.58678641 3.02824521 1.54011974 0.07058824 0.07843137 0.07058824
v 3.64401850 3.02072045 1.53465268 0.07058824 0.07843137 0.07058824
v 3.70031657 3.00949434 1.52649643 0.07058824 0.07843137 0.07058824
v 3.75531552 2.99463970 1.51570391 0.07058824 0.07843137 0.07058824
v 3.80865864 2.97625286 1.50234509 0.07058824 0.07843137 0.07058824
v 3.86000000 2.95445307 1.48650661 0.07058824 0.07843137 0.07058824
v 3.90900662 2.92938171 1.46829120 0.07058824 0.07843137 0.07058824
v 3.95536067 2.90120138 1.44781699 0.07058824 0.07843137 0.07058824
v 3.99876153 2.87009483 1.42521676 0.07058824 0.07843137 0.07058824
v 4.03892774 2.83626380 1.40063708 0.07058824 0.07843137 0.07058824
v 4.07559879 2.79992770 1.37423736 0.07058824 0.07843137 0.07058824
v 4.10853686 2.76132219 1.34618881 0.07058824 0.07843137 0.07058824
v 4.13752834 2.72069764 1.31667335 0.07058824 0.07843137 0.07058824
v 4.16238520 2.67831751 1.28588238 0.07058824 0.07843137 0.07058824
v 4.18294624 2.63445665 1.25401560 0.07058824 0.07843137 0.07058824
v 4.19907811 2.58939952 1.22127968 0.07058824 0.07843137 0.07058824
v 4.21067619 2.54343833 1.18788692 0.07058824 0.07843137 0.07058824
v 4.21766526 2.49687115 1.15405388 0.07058824 0.07843137 0.07058824
v -4.21766526 2.48405388 1.16687115 0.07058824 0.07843137 0.07058824
v -4.21067619 2.51788692 1.21343833 0.07058824 0.07843137 0.07058824
v -4.19907811 2.55127968 1.25939952 0.07058824 0.07843137 0.07058824
v -4.18294624 2.58401560 1.30445665 0.07058824 0.07843137 0.07058824
v -4.16238520 2.61588238 1.34831751 0.07058824 0.07843137 0.07058824
v -4.13752834 2.64667335 1.39069764 0.07058824 0.07843137 0.07058824
v -4.10853686 2.67618881 1.43132219 0.07058824 0.07843137 0.07058824
v -4.07559879 2.70423736 1.46992770 0.07058824 0.07843137 0.07058824
v -4.03892774 2.73063708 1.50626380 0.07058824 0.07843137 0.07058824
v -3.99876153 2.75521676 1.54009483 0.07058824 0.07843137 0.07058824
v -3.95536067 2.77781699 1.57120138 0.07058824 0.07843137 0.07058824
v -3.90900662 2.79829120 1.59938171 0.07058824 0.07843137 0.07058824
v -3.86000000 2.81650661 1.62445307 0.07058824 0.07843137 0.07058824
v -3.80865864 2.83234509 1.64625286 0.07058824 0.07843137 0.07058824
v -3.75531552 2.84570391 1.66463970 0.07058824 0.07843137 0.07058824
v -3.70031657 2.85649643 1.67949434 0.07058824 0.07843137 0.07058824
v -3.64401850 2.86465268 1.69072045 0.07058824 0.07843137 0.07058824
v -3.58678641 2.87011974 1.69824521 0.07058824 0.07843137 0.07058824
v -3.52899148 2.87286216 1.70201983 0.07058824 0.07843137 0.07058824
v 3.52899148 2.87286216 1.70201983 0.07058824 0.07843137 0.07058824
v 3.58678641 2.87011974 1.69824521 0.07058824 0.07843137 0.07058824
v 3.64401850 2.86465268 1.69072045 0.07058824 0.07843137 0.07058824
v 3.70031657 2.85649643 1.67949434 0.07058824 0.07843137 0.07058824
v 3.75531552 2.84570391 1.66463970 0.07058824 0.07843137 0.07058824
v 3.80865864 2.83234509 1.64625286 0.07058824 0.07843137 0.07058824
v 3.86000000 2.81650661 1.62445307 0.07058824 0.07843137 0.07058824
v 3.90900662 2.79829120 1.59938171 0.07058824 0.07843137 0.07058824
v 3.95536067 2.77781699 1.57120138 0.07058824 0.07843137 0.07058824
v 3.99876153 2.75521676 1.54009483 0.07058824 0.07843137 0.07058824
v 4.03892774 2.73063708 1.50626380 0.07058824 0.07843137 0.07058824
v 4.07559879 2.70423736 1.46992770 0.07058824 0.07843137 0.07058824
v 4.10853686 2.67618881 1.43132219 0.07058824 0.07843137 0.07058824
v 4.13752834 2.64667335 1.39069764 0.07058824 0.07843137 0.07058824
v 4.16238520 2.61588238 1.34831751 0.07058824 0.07843137 0.07058824
v 4.18294624 2.58401560 1.30445665 0.07058824 0.07843137 0.07058824
v 4.19907811 2.55127968 1.25939952 0.07058824 0.07843137 0.07058824
v 4.21067619 2.51788692 1.21343833 0.07058824 0.07843137 0.07058824
v 4.21766526 2.48405388 1.16687115 0.07058824 0.07843137 0.07058824
v -4.21766526 2.46790319 1.17510034 0.07058824 0.07843137 0.07058824
v -4.21067619 2.48569026 1.22984334 0.07058824 0.07843137 0.07058824
v -4.19907811 2.50324588 1.28387396 0.07058824 0.07843137 0.07058824
v -4.18294624 2.52045617 1.33684179 0.07058824 0.07843137 0.07058824
v -4.16238520 2.53720953 1.38840333 0.07058824 0.07843137 0.07058824
v -4.13752834 2.55339730 1.43822416 0.07058824 0.07843137 0.07058824
v -4.10853686 2.56891450 1.48598119 0.07058824 0.07843137 0.07058824
v -4.07559879 2.58366049 1.53136469 0.07058824 0.07843137 0.07058824
v -4.03892774 2.59753964 1.57408033 0.07058824 0.07843137 0.07058824
v -3.99876153 2.61046195 1.61385109 0.07058824 0.07843137 0.07058824
v -3.95536067 2.62234359 1.65041903 0.07058824 0.07843137 0.07058824
v -3.90900662 2.63310752 1.68354700 0.07058824 0.07843137 0.07058824
v -3.86000000 2.64268393 1.71302015 0.07058824 0.07843137 0.07058824
v -3.80865864 2.65101071 1.73864734 0.07058824 0.07843137 0.07058824
v -3.75531552 2.65803385 1.76026237 0.07058824 0.07843137 0.07058824
v -3.70031657 2.66370782 1.77772505 0.07058824 0.07843137 0.07058824
v -3.64401850 2.66799581 1.79092212 0.07058824 0.07843137 0.07058824
v -3.58678641 2.67087002 1.79976802 0.07058824 0.07843137 0.07058824
v -3.52899148 2.67231179 1.80420535 0.07058824 0.07843137 0.07058824
v 3.52899148 2.67231179 1.80420535 0.07058824 0.07843137 0.07058824
v 3.58678641 2.67087002 1.79976802 0.07058824 0.07843137 0.07058824
v 3.64401850 2.66799581 1.79092212 0.07058824 0.07843137 0.07058824
v 3.70031657 2.66370782 1.77772505 0.07058824 0.07843137 0.07058824
v 3.75531552 2.65803385 1.76026237 0.07058824 0.07843137 0.07058824
v 3.80865864 2.65101071 1.73864734 0.07058824 0.07843137 0.07058824
v 3.86000000 2.64268393 1.71302015 0.07058824 0.07843137 0.07058824
v 3.90900662 2.63310752 1.68354700 0.07058824 0.07843137 0.07058824
v 3.95536067 2.62234359 1.65041903 0.07058824 0.07843137 0.07058824
v 3.99876153 2.61046195 1.61385109 0.07058824 0.07843137 0.07058824
v 4.03892774 2.59753964 1.57408033 0.07058824 0.07843137 0.07058824
v 4.07559879 2.58366049 1.53136469 0.07058824 0.07843137 0.07058824
v 4.10853686 2.56891450 1.48598119 0.07058824 0.07843137 0.07058824
v 4.13752834 2.55339730 1.43822416 0.07058824 0.07843137 0.07058824
v 4.16238520 2.53720953 1.38840333 0.07058824 0.07843137 0.07058824
v 4.18294624 2.52045617 1.33684179 0.07058824 0.07843137 0.07058824
v 4.19907811 2.50324588 1.28387396 0.07058824 0.07843137 0.07058824
v 4.21067619 2.48569026 1.22984334 0.07058824 0.07843137 0.07058824
v 4.21766526 2.46790319 1.17510034 0.07058824 0.07843137 0.07058824
v -4.21766526 2.45000000 1.17793593 0.07058824 0.07843137 0.07058824
v -4.21067619 2.45000000 1.23549612 0.07058824 0.07843137 0.07058824
v -4.19907811 2.45000000 1.29230728 0.07058824 0.07843137 0.07058824
v -4.18294624 2.45000000 1.34800096 0.07058824 0.07843137 0.07058824
v -4.16238520 2.45000000 1.40221596 0.07058824 0.07843137 0.07058824
v -4.13752834 2.45000000 1.45460068 0.07058824 0.07843137 0.07058824
v -4.10853686 2.45000000 1.50481539 0.07058824 0.07843137 0.07058824
v -4.07559879 2.45000000 1.55253443 0.07058824 0.07843137 0.07058824
v -4.03892774 2.45000000 1.59744831 0.07058824 0.07843137 0.07058824
v -3.99876153 2.45000000 1.63926576 0.07058824 0.07843137 0.07058824
v -3.95536067 2.45000000 1.67771557 0.07058824 0.07843137 0.07058824
v -3.90900662 2.45000000 1.71254838 0.07058824 0.07843137 0.07058824
v -3.86000000 2.45000000 1.74353829 0.07058824 0.07843137 0.07058824
v -3.80865864 2.45000000 1.77048431 0.07058824 0.07843137 0.07058824
v -3.75531552 2.45000000 1.79321169 0.07058824 0.07843137 0.07058824
v -3.70031657 2.45000000 1.81157304 0.07058824 0.07843137 0.07058824
v -3.64401850 2.45000000 1.82544927 0.07058824 0.07843137 0.07058824
v -3.58678641 2.45000000 1.83475039 0.07058824 0.07843137 0.07058824
v -3.52899148 2.45000000 1.83941608 0.07058824 0.07843137 0.07058824
v 3.52899148 2.45000000 1.83941608 0.07058824 0.07843137 0.07058824
v 3.58678641 2.45000000 1.83475039 0.07058824 0.07843137 0.07058824
v 3.64401850 2.45000000 1.82544927 0.07058824 0.07843137 0.07058824
v 3.70031657 2.45000000 1.81157304 0.07058824 0.07843137 0.07058824
v 3.75531552 2.45000000 1.79321169 0.07058824 0.07843137 0.07058824
v 3.80865864 2.45000000 1.77048431 0.07058824 0.07843137 0.07058824
v 3.86000000 2.45000000 1.74353829 0.07058824 0.07843137 0.07058824
v 3.90900662 2.45000000 1.71254838 0.07058824 0.07843137 0.07058824
v 3.95536067 2.45000000 1.67771557 0.07058824 0.07843137 0.07058824
v 3.99876153 2.45000000 1.63926576 0.07058824 0.07843137 0.07058824
v 4.03892774 2.45000000 1.59744831 0.07058824 0.07843137 0.07058824
v 4.07559879 2.45000000 1.55253443 0.07058824 0.07843137 0.07058824
v 4.10853686 2.45000000 1.50481539 0.07058824 0.07843137 0.07058824
v 4.13752834 2.45000000 1.45460068 0.07058824 0.07843137 0.07058824
v 4.16238520 2.45000000 1.40221596 0.07058824 0.07843137 0.07058824
v 4.18294624 2.45000000 1.34800096 0.07058824 0.07843137 0.07058824
v 4.19907811 2.45000000 1.29230728 0.07058824 0.07843137 0.07058824
v 4.21067619 2.45000000 1.23549612 0.07058824 0.07843137 0.07058824
v 4.21766526 2.45000000 1.17793593 0.07058824 0.07843137 0.07058824
v -4.21766526 2.43209681 1.17510034 0.07058824 0.07843137 0.07058824
v -4.21067619 2.41430974 1.22984334 0.07058824 0.07843137 0.07058824
v -4.19907811 2.39675412 1.28387396 0.07058824 0.07843137 0.07058824
v -4.18294624 2.37954383 1.33684179 0.07058824 0.07843137 0.07058824
v -4.16238520 2.36279047 1.38840333 0.07058824 0.07843137 0.07058824
v -4.13752834 2.34660270 1.43822416 0.07058824 0.07843137 0.07058824
v -4.10853686 2.33108550 1.48598119 0.07058824 0.07843137 0.07058824
v -4.07559879 2.31633951 1.53136469 0.07058824 0.07843137 0.07058824
v -4.03892774 2.30246036 1.57408033 0.07058824 0.07843137 0.07058824
v -3.99876153 2.28953805 1.61385109 0.07058824 0.07843137 0.07058824
v -3.95536067 2.27765641 1.65041903 0.07058824 0.07843137 0.07058824
v -3.90900662 2.26689248 1.68354700 0.07058824 0.07843137 0.07058824
v -3.86000000 2.25731607 1.71302015 0.07058824 0.07843137 0.07058824
v -3.80865864 2.24898929 1.73864734 0.07058824 0.07843137 0.07058824
v -3.75531552 2.24196615 1.76026237 0.07058824 0.07843137 0.07058824
v -3.70031657 2.23629218 1.77772505 0.07058824 0.07843137 0.07058824
v -3.64401850 2.23200419 1.79092212 0.07058824 0.07843137 0.07058824
v -3.58678641 2.22912998 1.79976802 0.07058824 0.07843137 0.07058824
v -3.52899148 2.22768821 1.80420535 0.07058824 0.07843137 0.07058824
v 3.52899148 2.22768821 1.80420535 0.07058824 0.07843137 0.07058824
v 3.58678641 2.22912998 1.79976802 0.07058824 0.07843137 0.07058824
v 3.64401850 2.23200419 1.79092212 0.07058824 0.07843137 0.07058824
v 3.70031657 2.23629218 1.77772505 0.07058824 0.07843137 0.07058824
v 3.75531552 2.24196615 1.76026237 0.07058824 0.07843137 0.07058824
v 3.80865864 2.24898929 1.73864734 0.07058824 0.07843137 0.07058824
v 3.86000000 2.25731607 1.71302015 0.07058824 0.07843137 0.07058824
v 3.90900662 2.26689248 1.68354700 0.07058824 0.07843137 0.07058824
v 3.95536067 2.27765641 1.65041903 0.07058824 0.07843137 0.07058824
v 3.99876153 2.28953805 1.61385109 0.07058824 0.07843137 0.07058824
v 4.03892774 2.30246036 1.57408033 0.07058824 0.07843137 0.07058824
v 4.07559879 2.31633951 1.53136469 0.07058824 0.07843137 0.07058824
v 4.10853686 2.33108550 1.48598119 0.07058824 0.07843137 0.07058824
v 4.13752834 2.34660270 1.43822416 0.07058824 0.07843137 0.07058824
v 4.16238520 2.36279047 1.38840333 0.07058824 0.07843137 0.07058824
v 4.18294624 2.37954383 1.33684179 0.07058824 0.07843137 0.07058824
v 4.19907811 2.39675412 1.28387396 0.07058824 0.07843137 0.07058824
v 4.21067619 2.41430974 1.22984334 0.07058824 0.07843137 0.07058824
v 4.21766526 2.43209681 1.17510034 0.07058824 0.07843137 0.07058824
v -4.21766526 2.41594612 1.16687115 0.07058824 0.07843137 0.07058824
v -4.21067619 2.38211308 1.21343833 0.07058824 0.07843137 0.07058824
v -4.19907811 2.34872032 1.25939952 0.07058824 0.07843137 0.07058824
v -4.18294624 2.31598440 1.30445665 0.07058824 0.07843137 0.07058824
v -4.16238520 2.28411762 1.34831751 0.07058824 0.07843137 0.07058824
v -4.13752834 2.25332665 1.39069764 0.07058824 0.07843137 0.07058824
v -4.10853686 2.22381119 1.43132219 0.07058824 0.07843137 0.07058824
v -4.07559879 2.19576264 1.46992770 0.07058824 0.07843137 0.07058824
v -4.03892774 2.16936292 1.50626380 0.07058824 0.07843137 0.07058824
v -3.99876153 2.14478324 1.54009483 0.07058824 0.07843137 0.07058824
v -3.95536067 2.12218301 1.57120138 0.07058824 0.07843137 0.07058824
v -3.90900662 2.10170880 1.59938171 0.07058824 0.07843137 0.07058824
v -3.86000000 2.08349339 1.62445307 0.07058824 0.07843137 0.07058824
v -3.80865864 2.06765491 1.64625286 0.07058824 0.07843137 0.07058824
v -3.75531552 2.05429609 1.66463970 0.07058824 0.07843137 0.07058824
v -3.70031657 2.04350357 1.67949434 0.07058824 0.07843137 0.07058824
v -3.64401850 2.03534732 1.69072045 0.07058824 0.07843137 0.07058824
v -3.58678641 2.02988026 1.69824521 0.07058824 0.07843137 0.07058824
v -3.52899148 2.02713784 1.70201983 0.07058824 0.07843137 0.07058824
v 3.52899148 2.02713784 1.70201983 0.07058824 0.07843137 0.07058824
v 3.58678641 2.02988026 1.69824521 0.07058824 0.07843137 0.07058824
v 3.64401850 2.03534732 1.69072045 0.07058824 0.07843137 0.07058824
v 3.70031657 2.04350357 1.67949434 0.07058824 0.07843137 0.07058824
v 3.75531552 2.05429609 1.66463970 0.07058824 0.07843137 0.07058824
v 3.80865864 2.06765491 1.64625286 0.07058824 0.07843137 0.07058824
v 3.86000000 2.08349339 1.62445307 0.07058824 0.07843137 0.07058824
v 3.90900662 2.10170880 1.59938171 0.07058824 0.07843137 0.07058824
v 3.95536067 2.12218301 1.57120138 0.07058824 0.07843137 0.07058824
v 3.99876153 2.14478324 1.54009483 0.07058824 0.07843137 0.07058824
v 4.03892774 2.16936292 1.50626380 0.07058824 0.07843137 0.07058824
v 4.07559879 2.19576264 1.46992770 0.07058824 0.07843137 0.07058824
v 4.10853686 2.22381119 1.43132219 0.07058824 0.07843137 0.07058824
v 4.13752834 2.25332665 1.39069764 0.07058824 0.07843137 0.07058824
v 4.16238520 2.28411762 1.34831751 0.07058824 0.07843137 0.07058824
v 4.18294624 2.31598440 1.30445665 0.07058824 0.07843137 0.07058824
v 4.19907811 2.34872032 1.25939952 0.07058824 0.07843137 0.07058824
v 4.21067619 2.38211308 1.21343833 0.07058824 0.07843137 0.07058824
v 4.21766526 2.41594612 1.16687115 0.07058824 0.07843137 0.07058824
v -4.21766526 2.40312885 1.15405388 0.07058824 0.07843137 0.07058824
v -4.21067619 2.35656167 1.18788692 0.07058824 0.07843137 0.07058824
v -4.19907811 2.31060048 1.22127968 0.07058824 0.07843137 0.07058824
v -4.18294624 2.26554335 1.25401560 0.07058824 0.07843137 0.07058824
v -4.16238520 2.22168249 1.28588238 0.07058824 0.07843137 0.07058824
v -4.13752834 2.17930236 1.31667335 0.07058824 0.07843137 0.07058824
v -4.10853686 2.13867781 1.34618881 0.07058824 0.07843137 0.07058824
v -4.07559879 2.10007230 1.37423736 0.07058824 0.07843137 0.07058824
v -4.03892774 2.06373620 1.40063708 0.07058824 0.07843137 0.07058824
v -3.99876153 2.02990517 1.42521676 0.07058824 0.07843137 0.07058824
v -3.95536067 1.99879862 1.44781699 0.07058824 0.07843137 0.07058824
v -3.90900662 1.97061829 1.46829120 0.07058824 0.07843137 0.07058824
v -3.86000000 1.94554693 1.48650661 0.07058824 0.07843137 0.07058824
v -3.80865864 1.92374714 1.50234509 0.07058824 0.07843137 0.07058824
v -3.75531552 1.90536030 1.51570391 0.07058824 0.07843137 0.07058824
v -3.70031657 1.89050566 1.52649643 0.07058824 0.07843137 0.07058824
v -3.64401850 1.87927955 1.53465268 0.07058824 0.07843137 0.07058824
v -3.58678641 1.87175479 1.54011974 0.07058824 0.07843137 0.07058824
v -3.52899148 1.86798017 1.54286216 0.07058824 0.07843137 0.07058824
v 3.52899148 1.86798017 1.54286216 0.07058824 0.07843137 0.07058824
v 3.58678641 1.87175479 1.54011974 0.07058824 0.07843137 0.07058824
v 3.64401850 1.87927955 1.53465268 0.07058824 0.07843137 0.07058824
v 3.70031657 1.89050566 1.52649643 0.07058824 0.07843137 0.07058824
v 3.75531552 1.90536030 1.51570391 0.07058824 0.07843137 0.07058824
v 3.80865864 1.92374714 1.50234509 0.07058824 0.07843137 0.07058824
v 3.86000000 1.94554693 1.48650661 0.07058824 0.07843137 0.07058824
v 3.90900662 1.97061829 1.46829120 0.07058824 0.07843137 0.07058824
v 3.95536067 1.99879862 1.44781699 0.07058824 0.07843137 0.07058824
v 3.99876153 2.02990517 1.42521676 0.07058824 0.07843137 0.07058824
v 4.03892774 2.06373620 1.40063708 0.07058824 0.07843137 0.07058824
v 4.07559879 2.10007230 1.37423736 0.07058824 0.07843137 0.07058824
v 4.10853686 2.13867781 1.34618881 0.07058824 0.07843137 0.07058824
v 4.13752834 2.17930236 1.31667335 0.07058824 0.07843137 0.07058824
v 4.16238520 2.22168249 1.28588238 0.07058824 0.07843137 0.07058824
v 4.18294624 2.26554335 1.25401560 0.07058824 0.07843137 0.07058824
v 4.19907811 2.31060048 1.22127968 0.07058824 0.07843137 0.07058824
v 4.21067619 2.35656167 1.18788692 0.07058824 0.07843137 0.07058824
v 4.21766526 2.40312885 1.15405388 0.07058824 0.07843137 0.07058824
v -4.21766526 2.39489966 1.13790319 0.07058824 0.07843137 0.07058824
v -4.21067619 2.34015666 1.15569026 0.07058824 0.07843137 0.07058824
v -4.19907811 2.28612604 1.17324588 0.07058824 0.07843137 0.07058824
v -4.18294624 2.23315821 1.19045617 0.07058824 0.07843137 0.07058824
v -4.16238520 2.18159667 1.20720953 0.07058824 0.07843137 0.07058824
v -4.13752834 2.13177584 1.22339730 0.07058824 0.07843137 0.07058824
v -4.10853686 2.08401881 1.23891450 0.07058824 0.07843137 0.07058824
v -4.07559879 2.03863531 1.25366049 0.07058824 0.07843137 0.07058824
v -4.03892774 1.99591967 1.26753964 0.07058824 0.07843137 0.07058824
v -3.99876153 1.95614891 1.28046195 0.07058824 0.07843137 0.07058824
v -3.95536067 1.91958097 1.29234359 0.07058824 0.07843137 0.07058824
v -3.90900662 1.88645300 1.30310752 0.07058824 0.07843137 0.07058824
v -3.86000000 1.85697985 1.31268393 0.07058824 0.07843137 0.07058824
v -3.80865864 1.83135266 1.32101071 0.07058824 0.07843137 0.07058824
v -3.75531552 1.80973763 1.32803385 0.07058824 0.07843137 0.07058824
v -3.70031657 1.79227495 1.33370782 0.07058824 0.07843137 0.07058824
v -3.64401850 1.77907788 1.33799581 0.07058824 0.07843137 0.07058824
v -3.58678641 1.77023198 1.34087002 0.07058824 0.07843137 0.07058824
v -3.52899148 1.76579465 1.34231179 0.07058824 0.07843137 0.07058824
v 3.52899148 1.76579465 1.34231179 0.07058824 0.07843137 0.07058824
v 3.58678641 1.77023198 1.34087002 0.07058824 0.07843137 0.07058824
v 3.64401850 1.77907788 1.33799581 0.07058824 0.07843137 0.07058824
v 3.70031657 1.79227495 1.33370782 0.07058824 0.07843137 0.07058824
v 3.75531552 1.80973763 1.32803385 0.07058824 0.07843137 0.07058824
v 3.80865864 1.83135266 1.32101071 0.07058824 0.07843137 0.07058824
v 3.86000000 1.85697985 1.31268393 0.07058824 0.07843137 0.07058824
v 3.90900662 1.88645300 1.30310752 0.07058824 0.07843137 0.07058824
v 3.95536067 1.91958097 1.29234359 0.07058824 0.07843137 0.07058824
v 3.99876153 1.95614891 1.28046195 0.07058824 0.07843137 0.07058824
v 4.03892774 1.99591967 1.26753964 0.07058824 0.07843137 0.07058824
v 4.07559879 2.03863531 1.25366049 0.07058824 0.07843137 0.07058824
v 4.10853686 2.08401881 1.23891450 0.07058824 0.07843137 0.07058824
v 4.13752834 2.13177584 1.22339730 0.07058824 0.07843137 0.07058824
v 4.16238520 2.18159667 1.20720953 0.07058824 0.07843137 0.07058824
v 4.18294624 2.23315821 1.19045617 0.07058824 0.07843137 0.07058824
v 4.19907811 2.28612604 1.17324588 0.07058824 0.07843137 0.07058824
v 4.21067619 2.34015666 1.15569026 0.07058824 0.07843137 0.07058824
v 4.21766526 2.39489966 1.13790319 0.07058824 0.07843137 0.07058824
v -4.21766526 2.39206407 1.12000000 0.07058824 0.07843137 0.07058824
v -4.21067619 2.33450388 1.12000000 0.07058824 0.07843137 0.07058824
v -4.19907811 2.27769272 1.12000000 0.07058824 0.07843137 0.07058824
v -4.18294624 2.22199904 1.12000000 0.07058824 0.07843137 0.07058824
v -4.16238520 2.16778404 1.12000000 0.07058824 0.07843137 0.07058824
v -4.13752834 2.11539932 1.12000000 0.07058824 0.07843137 0.07058824
v -4.10853686 2.06518461 1.12000000 0.07058824 0.07843137 0.07058824
v -4.07559879 2.01746557 1.12000000 0.07058824 0.07843137 0.07058824
v -4.03892774 1.97255169 1.12000000 0.07058824 0.07843137 0.07058824
v -3.99876153 1.93073424 1.12000000 0.07058824 0.07843137 0.07058824
v -3.95536067 1.89228443 1.12000000 0.07058824 0.07843137 0.07058824
v -3.90900662 1.85745162 1.12000000 0.07058824 0.07843137 0.07058824
v -3.86000000 1.82646171 1.12000000 0.07058824 0.07843137 0.07058824
v -3.80865864 1.79951569 1.12000000 0.07058824 0.07843137 0.07058824
v -3.75531552 1.77678831 1.12000000 0.07058824 0.07843137 0.07058824
v -3.70031657 1.75842696 1.12000000 0.07058824 0.07843137 0.07058824
v -3.64401850 1.74455073 1.12000000 0.07058824 0.07843137 0.07058824
v -3.58678641 1.73524961 1.12000000 0.07058824 0.07843137 0.07058824
v -3.52899148 1.73058392 1.12000000 0.07058824 0.07843137 0.07058824
v 3.52899148 1.73058392 1.12000000 0.07058824 0.07843137 0.07058824
v 3.58678641 1.73524961 1.12000000 0.07058824 0.07843137 0.07058824
v 3.64401850 1.74455073 1.12000000 0.07058824 0.07843137 0.07058824
v 3.70031657 1.75842696 1.12000000 0.07058824 0.07843137 0.07058824
v 3.75531552 1.77678831 1.12000000 0.07058824 0.07843137 0.07058824
v 3.80865864 1.79951569 1.12000000 0.07058824 0.07843137 0.07058824
v 3.86000000 1.82646171 1.12000000 0.07058824 0.07843137 0.07058824
v 3.90900662 1.85745162 1.12000000 0.07058824 0.07843137 0.07058824
v 3.95536067 1.89228443 1.12000000 0.07058824 0.07843137 0.07058824
v 3.99876153 1.93073424 1.12000000 0.07058824 0.07843137 0.07058824
v 4.03892774 1.97255169 1.12000000 0.07058824 0.07843137 0.07058824
v 4.07559879 2.01746557 1.12000000 0.07058824 0.07843137 0.07058824
v 4.10853686 2.06518461 1.12000000 0.07058824 0.07843137 0.07058824
v 4.13752834 2.11539932 1.12000000 0.07058824 0.07843137 0.07058824
v 4.16238520 2.16778404 1.12000000 0.07058824 0.07843137 0.07058824
v 4.18294624 2.22199904 1.12000000 0.07058824 0.07843137 0.07058824
v 4.19907811 2.27769272 1.12000000 0.07058824 0.07843137 0.07058824
v 4.21067619 2.33450388 1.12000000 0.07058824 0.07843137 0.07058824
v 4.21766526 2.39206407 1.12000000 0.07058824 0.07843137 0.07058824
v -4.21766526 2.39489966 1.10209681 0.07058824 0.07843137 0.07058824
v -4.21067619 2.34015666 1.08430974 0.07058824 0.07843137 0.07058824
v -4.19907811 2.28612604 1.06675412 0.07058824 0.07843137 0.07058824
v -4.18294624 2.23315821 1.04954383 0.07058824 0.07843137 0.07058824
v -4.16238520 2.18159667 1.03279047 0.07058824 0.07843137 0.07058824
v -4.13752834 2.13177584 1.01660270 0.07058824 0.07843137 0.07058824
v -4.10853686 2.08401881 1.00108550 0.07058824 0.07843137 0.07058824
v -4.07559879 2.03863531 0.98633951 0.07058824 0.07843137 0.07058824
v -4.03892774 1.99591967 0.97246036 0.07058824 0.07843137 0.07058824
v -3.99876153 1.95614891 0.95953805 0.07058824 0.07843137 0.07058824
v -3.95536067 1.91958097 0.94765641 0.07058824 0.07843137 0.07058824
v -3.90900662 1.88645300 0.93689248 0.07058824 0.07843137 0.07058824
v -3.86000000 1.85697985 0.92731607 0.07058824 0.07843137 0.07058824
v -3.80865864 1.83135266 0.91898929 0.07058824 0.07843137 0.07058824
v -3.75531552 1.80973763 0.91196615 0.07058824 0.07843137 0.07058824
v -3.70031657 1.79227495 0.90629218 0.07058824 0.07843137 0.07058824
v -3.64401850 1.77907788 0.90200419 0.07058824 0.07843137 0.07058824
v -3.58678641 1.77023198 0.89912998 0.07058824 0.07843137 0.07058824
v -3.52899148 1.76579465 0.89768821 0.07058824 0.07843137 0.07058824
v 3.52899148 1.76579465 0.89768821 0.07058824 0.07843137 0.07058824
v 3.58678641 1.77023198 0.89912998 0.07058824 0.07843137 0.07058824
v 3.64401850 1.77907788 0.90200419 0.07058824 0.07843137 0.07058824
v 3.70031657 1.79227495 0.90629218 0.07058824 0.07843137 0.07058824
v 3.75531552 1.80973763 0.91196615 0.07058824 0.07843137 0.07058824
v 3.80865864 1.83135266 0.91898929 0.07058824 0.07843137 0.07058824
v 3.86000000 1.85697985 0.92731607 0.07058824 0.07843137 0.07058824
v 3.90900662 1.88645300 0.93689248 0.07058824 0.07843137 0.07058824
v 3.95536067 1.91958097 0.94765641 0.07058824 0.07843137 0.07058824
v 3.99876153 1.95614891 0.95953805 0.07058824 0.07843137 0.07058824
v 4.03892774 1.99591967 0.97246036 0.07058824 0.07843137 0.07058824
v 4.07559879 2.03863531 0.98633951 0.07058824 0.07843137 0.07058824
v 4.10853686 2.08401881 1.00108550 0.07058824 0.07843137 0.07058824
v 4.13752834 2.13177584 1.01660270 0.07058824 0.07843137 0.07058824
v 4.16238520 2.18159667 1.03279047 0.07058824 0.07843137 0.07058824
v 4.18294624 2.23315821 1.04954383 0.07058824 0.07843137 0.07058824
v 4.19907811 2.28612604 1.06675412 0.07058824 0.07843137 0.07058824
v 4.21067619 2.34015666 1.08430974 0.07058824 0.07843137 0.07058824
v 4.21766526 2.39489966 1.10209681 0.07058824 0.07843137 0.07058824
v -4.21766526 2.40312885 1.08594612 0.07058824 0.07843137 0.07058824
v -4.21067619 2.35656167 1.05211308 0.07058824 0.07843137 0.07058824
v -4.19907811 2.31060048 1.01872032 0.07058824 0.07843137 0.07058824
v -4.18294624 2.26554335 0.98598440 0.07058824 0.07843137 0.07058824
v -4.16238520 2.22168249 0.95411762 0.07058824 0.07843137 0.07058824
v -4.13752834 2.17930236 0.92332665 0.07058824 0.07843137 0.07058824
v -4.10853686 2.13867781 0.89381119 0.07058824 0.07843137 0.07058824
v -4.07559879 2.10007230 0.86576264 0.07058824 0.07843137 0.07058824
v -4.03892774 2.06373620 0.83936292 0.07058824 0.07843137 0.07058824
v -3.99876153 2.02990517 0.81478324 0.07058824 0.07843137 0.07058824
v -3.95536067 1.99879862 0.79218301 0.07058824 0.07843137 0.07058824
v -3.90900662 1.97061829 0.77170880 0.07058824 0.07843137 0.07058824
v -3.86000000 1.94554693 0.75349339 0.07058824 0.07843137 0.07058824
v -3.80865864 1.92374714 0.73765491 0.07058824 0.07843137 0.07058824
v -3.75531552 1.90536030 0.72429609 0.07058824 0.07843137 0.07058824
v -3.70031657 1.89050566 0.71350357 0.07058824 0.07843137 0.07058824
v -3.64401850 1.87927955 0.70534732 0.07058824 0.07843137 0.07058824
v -3.58678641 1.87175479 0.69988026 0.07058824 0.07843137 0.07058824
v -3.52899148 1.86798017 0.69713784 0.07058824 0.07843137 0.07058824
v 3.52899148 1.86798017 0.69713784 0.07058824 0.07843137 0.07058824
v 3.58678641 1.87175479 0.69988026 0.07058824 0.07843137 0.07058824
v 3.64401850 1.87927955 0.70534732 0.07058824 0.07843137 0.07058824
v 3.70031657 1.89050566 0.71350357 0.07058824 0.07843137 0.07058824
v 3.75531552 1.90536030 0.72429609 0.07058824 0.07843137 0.07058824
v 3.80865864 1.92374714 0.73765491 0.07058824 0.07843137 0.07058824
v 3.86000000 1.94554693 0.75349339 0.07058824 0.07843137 0.07058824
v 3.90900662 1.97061829 0.77170880 0.07058824 0.07843137 0.07058824
v 3.95536067 1.99879862 0.79218301 0.07058824 0.07843137 0.07058824
v 3.99876153 2.02990517 0.81478324 0.07058824 0.07843137 0.07058824
v 4.03892774 2.06373620 0.83936292 0.07058824 0.07843137 0.07058824
v 4.07559879 2.10007230 0.86576264 0.07058824 0.07843137 0.07058824
v 4.10853686 2.13867781 0.89381119 0.07058824 0.07843137 0.07058824
v 4.13752834 2.17930236 0.92332665 0.07058824 0.07843137 0.07058824
v 4.16238520 2.22168249 0.95411762 0.07058824 0.07843137 0.07058824
v 4.18294624 2.26554335 0.98598440 0.07058824 0.07843137 0.07058824
v 4.19907811 2.31060048 1.01872032 0.07058824 0.07843137 0.07058824
v 4.21067619 2.35656167 1.05211308 0.07058824 0.07843137 0.07058824
v 4.21766526 2.40312885 1.08594612 0.07058824 0.07843137 0.07058824
v -4.21766526 2.41594612 1.07312885 0.07058824 0.07843137 0.07058824
v -4.21067619 2.38211308 1.02656167 0.07058824 0.07843137 0.07058824
v -4.19907811 2.34872032 0.98060048 0.07058824 0.07843137 0.07058824
v -4.18294624 2.31598440 0.93554335 0.07058824 0.07843137 0.07058824
v -4.16238520 2.28411762 0.89168249 0.07058824 0.07843137 0.07058824
v -4.13752834 2.25332665 0.84930236 0.07058824 0.07843137 0.07058824
v -4.10853686 2.22381119 0.80867781 0.07058824 0.07843137 0.07058824
v -4.07559879 2.19576264 0.77007230 0.07058824 0.07843137 0.07058824
v -4.03892774 2.16936292 0.73373620 0.07058824 0.07843137 0.07058824
v -3.99876153 2.14478324 0.69990517 0.07058824 0.07843137 0.07058824
v -3.95536067 2.12218301 0.66879862 0.07058824 0.07843137 0.07058824
v -3.90900662 2.10170880 0.64061829 0.07058824 0.07843137 0.07058824
v -3.86000000 2.08349339 0.61554693 0.07058824 0.07843137 0.07058824
v -3.80865864 2.06765491 0.59374714 0.07058824 0.07843137 0.07058824
v -3.75531552 2.05429609 0.57536030 0.07058824 0.07843137 0.07058824
v -3.70031657 2.04350357 0.56050566 0.07058824 0.07843137 0.07058824
v -3.64401850 2.03534732 0.54927955 0.07058824 0.07843137 0.07058824
v -3.58678641 2.02988026 0.54175479 0.07058824 0.07843137 0.07058824
v -3.52899148 2.02713784 0.53798017 0.07058824 0.07843137 0.07058824
v 3.52899148 2.02713784 0.53798017 0.07058824 0.07843137 0.07058824
v 3.58678641 2.02988026 0.54175479 0.07058824 0.07843137 0.07058824
v 3.64401850 2.03534732 0.54927955 0.07058824 0.07843137 0.07058824
v 3.70031657 2.04350357 0.56050566 0.07058824 0.07843137 0.07058824
v 3.75531552 2.05429609 0.57536030 0.07058824 0.07843137 0.07058824
v 3.80865864 2.06765491 0.59374714 0.07058824 0.07843137 0.07058824
v 3.86000000 2.08349339 0.61554693 0.07058824 0.07843137 0.07058824
v 3.90900662 2.10170880 0.64061829 0.07058824 0.07843137 0.07058824
v 3.95536067 2.12218301 0.66879862 0.07058824 0.07843137 0.07058824
v 3.99876153 2.14478324 0.69990517 0.07058824 0.07843137 0.07058824
v 4.03892774 2.16936292 0.73373620 0.07058824 0.07843137 0.07058824
v 4.07559879 2.19576264 0.77007230 0.07058824 0.07843137 0.07058824
v 4.10853686 2.22381119 0.80867781 0.07058824 0.07843137 0.07058824
v 4.13752834 2.25332665 0.84930236 0.07058824 0.07843137 0.07058824
v 4.16238520 2.28411762 0.89168249 0.07058824 0.07843137 0.07058824
v 4.18294624 2.31598440 0.93554335 0.07058824 0.07843137 0.07058824
v 4.19907811 2.34872032 0.98060048 0.07058824 0.07843137 0.07058824
v 4.21067619 2.38211308 1.02656167 0.07058824 0.07843137 0.07058824
v 4.21766526 2.41594612 1.07312885 0.07058824 0.07843137 0.07058824
v -4.21766526 2.43209681 1.06489966 0.07058824 0.07843137 0.07058824
v -4.21067619 2.41430974 1.01015666 0.07058824 0.07843137 0.07058824
v -4.19907811 2.39675412 0.95612604 0.07058824 0.07843137 0.07058824
v -4.18294624 2.37954383 0.90315821 0.07058824 0.07843137 0.07058824
v -4.16238520 2.36279047 0.85159667 0.07058824 0.07843137 0.07058824
v -4.13752834 2.34660270 0.80177584 0.07058824 0.07843137 0.07058824
v -4.10853686 2.33108550 0.75401881 0.07058824 0.07843137 0.07058824
v -4.07559879 2.31633951 0.70863531 0.07058824 0.07843137 0.07058824
v -4.03892774 2.30246036 0.66591967 0.07058824 0.07843137 0.07058824
v -3.99876153 2.28953805 0.62614891 0.07058824 0.07843137 0.07058824
v -3.95536067 2.27765641 0.58958097 0.07058824 0.07843137 0.07058824
v -3.90900662 2.26689248 0.55645300 0.07058824 0.07843137 0.07058824
v -3.86000000 2.25731607 0.52697985 0.07058824 0.07843137 0.07058824
v -3.80865864 2.24898929 0.50135266 0.07058824 0.07843137 0.07058824
v -3.75531552 2.24196615 0.47973763 0.07058824 0.07843137 0.07058824
v -3.70031657 2.23629218 0.46227495 0.07058824 0.07843137 0.07058824
v -3.64401850 2.23200419 0.44907788 0.07058824 0.07843137 0.07058824
v -3.58678641 2.22912998 0.44023198 0.07058824 0.07843137 0.07058824
v -3.52899148 2.22768821 0.43579465 0.07058824 0.07843137 0.07058824
v 3.52899148 2.22768821 0.43579465 0.07058824 0.07843137 0.07058824
v 3.58678641 2.22912998 0.44023198 0.07058824 0.07843137 0.07058824
v 3.64401850 2.23200419 0.44907788 0.07058824 0.07843137 0.07058824
v 3.70031657 2.23629218 0.46227495 0.07058824 0.07843137 0.07058824
v 3.75531552 2.24196615 0.47973763 0.07058824 0.07843137 0.07058824
v 3.80865864 2.24898929 0.50135266 0.07058824 0.07843137 0.07058824
v 3.86000000 2.25731607 0.52697985 0.07058824 0.07843137 0.07058824
v 3.90900662 2.26689248 0.55645300 0.07058824 0.07843137 0.07058824
v 3.95536067 2.27765641 0.58958097 0.07058824 0.07843137 0.07058824
v 3.99876153 2.28953805 0.62614891 0.07058824 0.07843137 0.07058824
v 4.03892774 2.30246036 0.66591967 0.07058824 0.07843137 0.07058824
v 4.07559879 2.31633951 0.70863531 0.07058824 0.07843137 0.07058824
v 4.10853686 2.33108550 0.75401881 0.07058824 0.07843137 0.07058824
v 4.13752834 2.34660270 0.80177584 0.07058824 0.07843137 0.07058824
v 4.16238520 2.36279047 0.85159667 0.07058824 0.07843137 0.07058824
v 4.18294624 2.37954383 0.90315821 0.07058824 0.07843137 0.07058824
v 4.19907811 2.39675412 0.95612604 0.07058824 0.07843137 0.07058824
v 4.21067619 2.41430974 1.01015666 0.07058824 0.07843137 0.07058824
v 4.21766526 2.43209681 1.06489966 0.07058824 0.07843137 0.07058824
v -2.70000000 2.66000000 1.12000000 0.56862745 0.58823529 0.54901961
v -2.20000000 2.66000000 1.12000000 0.56862745 0.58823529 0.54901961
v -2.20000000 2.24000000 1.12000000 0.56862745 0.58823529 0.54901961
v -2.70000000 2.24000000 1.12000000 0.56862745 0.58823529 0.54901961
v -2.20960736 2.66000000 1.21754516 0.56862745 0.58823529 0.54901961
v -2.20960736 2.24000000 1.21754516 0.56862745 0.58823529 0.54901961
v -2.23806023 2.66000000 1.31134172 0.56862745 0.58823529 0.54901961
v -2.23806023 2.24000000 1.31134172 0.56862745 0.58823529 0.54901961
v -2.28426519 2.66000000 1.39778512 0.56862745 0.58823529 0.54901961
v -2.28426519 2.24000000 1.39778512 0.56862745 0.58823529 0.54901961
v -2.34644661 2.66000000 1.47355339 0.56862745 0.58823529 0.54901961
v -2.34644661 2.24000000 1.47355339 0.56862745 0.58823529 0.54901961
v -2.42221488 2.66000000 1.53573481 0.56862745 0.58823529 0.54901961
v -2.42221488 2.24000000 1.53573481 0.56862745 0.58823529 0.54901961
v -2.50865828 2.66000000 1.58193977 0.56862745 0.58823529 0.54901961
v -2.50865828 2.24000000 1.58193977 0.56862745 0.58823529 0.54901961
v -2.60245484 2.66000000 1.61039264 0.56862745 0.58823529 0.54901961
v -2.60245484 2.24000000 1.61039264 0.56862745 0.58823529 0.54901961
v -2.70000000 2.66000000 1.62000000 0.56862745 0.58823529 0.54901961
v -2.70000000 2.24000000 1.62000000 0.56862745 0.58823529 0.54901961
v -2.79754516 2.66000000 1.61039264 0.56862745 0.58823529 0.54901961
v -2.79754516 2.24000000 1.61039264 0.56862745 0.58823529 0.54901961
v -2.89134172 2.66000000 1.58193977 0.56862745 0.58823529 0.54901961
v -2.89134172 2.24000000 1.58193977 0.56862745 0.58823529 0.54901961
v -2.97778512 2.66000000 1.53573481 0.56862745 0.58823529 0.54901961
v -2.97778512 2.24000000 1.53573481 0.56862745 0.58823529 0.54901961
v -3.05355339 2.66000000 1.47355339 0.56862745 0.58823529 0.54901961
v -3.05355339 2.24000000 1.47355339 0.56862745 0.58823529 0.54901961
v -3.11573481 2.66000000 1.39778512 0.56862745 0.58823529 0.54901961
v -3.11573481 2.24000000 1.39778512 0.56862745 0.58823529 0.54901961
v -3.16193977 2.66000000 1.31134172 0.56862745 0.58823529 0.54901961
v -3.16193977 2.24000000 1.31134172 0.56862745 0.58823529 0.54901961
v -3.19039264 2.66000000 1.21754516 0.56862745 0.58823529 0.54901961
v -3.19039264 2.24000000 1.21754516 0.56862745 0.58823529 0.54901961
v -3.20000000 2.66000000 1.12000000 0.56862745 0.58823529 0.54901961
v -3.20000000 2.24000000 1.12000000 0.56862745 0.58823529 0.54901961
v -3.19039264 2.66000000 1.02245484 0.56862745 0.58823529 0.54901961
v -3.19039264 2.24000000 1.02245484 0.56862745 0.58823529 0.54901961
v -3.16193977 2.66000000 0.92865828 0.56862745 0.58823529 0.54901961
v -3.16193977 2.24000000 0.92865828 0.56862745 0.58823529 0.54901961
v -3.11573481 2.66000000 0.84221488 0.56862745 0.58823529 0.54901961
v -3.11573481 2.24000000 0.84221488 0.56862745 0.58823529 0.54901961
v -3.05355339 2.66000000 0.76644661 0.56862745 0.58823529 0.54901961
v -3.05355339 2.24000000 0.76644661 0.56862745 0.58823529 0.54901961
v -2.97778512 2.66000000 0.70426519 0.56862745 0.58823529 0.54901961
v -2.97778512 2.24000000 0.70426519 0.56862745 0.58823529 0.54901961
v -2.89134172 2.66000000 0.65806023 0.56862745 0.58823529 0.54901961
v -2.89134172 2.24000000 0.65806023 0.56862745 0.58823529 0.54901961
v -2.79754516 2.66000000 0.62960736 0.56862745 0.58823529 0.54901961
v -2.79754516 2.24000000 0.62960736 0.56862745 0.58823529 0.54901961
v -2.70000000 2.66000000 0.62000000 0.56862745 0.58823529 0.54901961
v -2.70000000 2.24000000 0.62000000 0.56862745 0.58823529 0.54901961
v -2.60245484 2.66000000 0.62960736 0.56862745 0.58823529 0.54901961
v -2.60245484 2.24000000 0.62960736 0.56862745 0.58823529 0.54901961
v -2.50865828 2.66000000 0.65806023 0.56862745 0.58823529 0.54901961
v -2.50865828 2.24000000 0.65806023 0.56862745 0.58823529 0.54901961
v -2.42221488 2.66000000 0.70426519 0.56862745 0.58823529 0.54901961
v -2.42221488 2.24000000 0.70426519 0.56862745 0.58823529 0.54901961
v -2.34644661 2.66000000 0.76644661 0.56862745 0.58823529 0.54901961
v -2.34644661 2.24000000 0.76644661 0.56862745 0.58823529 0.54901961
v -2.28426519 2.66000000 0.84221488 0.56862745 0.58823529 0.54901961
v -2.28426519 2.24000000 0.84221488 0.56862745 0.58823529 0.54901961
v -2.23806023 2.66000000 0.92865828 0.56862745 0.58823529 0.54901961
v -2.23806023 2.24000000 0.92865828 0.56862745 0.58823529 0.54901961
v -2.20960736 2.66000000 1.02245484 0.56862745 0.58823529 0.54901961
v -2.20960736 2.24000000 1.02245484 0.56862745 0.58823529 0.54901961
v -1.35000000 2.66000000 1.12000000 0.56862745 0.58823529 0.54901961
v -0.85000000 2.66000000 1.12000000 0.56862745 0.58823529 0.54901961
v -0.85000000 2.24000000 1.12000000 0.56862745 0.58823529 0.54901961
v -1.35000000 2.24000000 1.12000000 0.56862745 0.58823529 0.54901961
v -0.85960736 2.66000000 1.21754516 0.56862745 0.58823529 0.54901961
v -0.85960736 2.24000000 1.21754516 0.56862745 0.58823529 0.54901961
v -0.88806023 2.66000000 1.31134172 0.56862745 0.58823529 0.54901961
v -0.88806023 2.24000000 1.31134172 0.56862745 0.58823529 0.54901961
v -0.93426519 2.66000000 1.39778512 0.56862745 0.58823529 0.54901961
v -0.93426519 2.24000000 1.39778512 0.56862745 0.58823529 0.54901961
v -0.99644661 2.66000000 1.47355339 0.56862745 0.58823529 0.54901961
v -0.99644661 2.24000000 1.47355339 0.56862745 0.58823529 0.54901961
v -1.07221488 2.66000000 1.53573481 0.56862745 0.58823529 0.54901961
v -1.07221488 2.24000000 1.53573481 0.56862745 0.58823529 0.54901961
v -1.15865828 2.66000000 1.58193977 0.56862745 0.58823529 0.54901961
v -1.15865828 2.24000000 1.58193977 0.56862745 0.58823529 0.54901961
v -1.25245484 2.66000000 1.61039264 0.56862745 0.58823529 0.54901961
v -1.25245484 2.24000000 1.61039264 0.56862745 0.58823529 0.54901961
v -1.35000000 2.66000000 1.62000000 0.56862745 0.58823529 0.54901961
v -1.35000000 2.24000000 1.62000000 0.56862745 0.58823529 0.54901961
v -1.44754516 2.66000000 1.61039264 0.56862745 0.58823529 0.54901961
v -1.44754516 2.24000000 1.61039264 0.56862745 0.58823529 0.54901961
v -1.54134172 2.66000000 1.58193977 0.56862745 0.58823529 0.54901961
v -1.54134172 2.24000000 1.58193977 0.56862745 0.58823529 0.54901961
v -1.62778512 2.66000000 1.53573481 0.56862745 0.58823529 0.54901961
v -1.62778512 2.24000000 1.53573481 0.56862745 0.58823529 0.54901961
v -1.70355339 2.66000000 1.47355339 0.56862745 0.58823529 0.54901961
v -1.70355339 2.24000000 1.47355339 0.56862745 0.58823529 0.54901961
v -1.76573481 2.66000000 1.39778512 0.56862745 0.58823529 0.54901961
v -1.76573481 2.24000000 1.39778512 0.56862745 0.58823529 0.54901961
v -1.81193977 2.66000000 1.31134172 0.56862745 0.58823529 0.54901961
v -1.81193977 2.24000000 1.31134172 0.56862745 0.58823529 0.54901961
v -1.84039264 2.66000000 1.21754516 0.56862745 0.58823529 0.54901961
v -1.84039264 2.24000000 1.21754516 0.56862745 0.58823529 0.54901961
v -1.85000000 2.66000000 1.12000000 0.56862745 0.58823529 0.54901961
v -1.85000000 2.24000000 1.12000000 0.56862745 0.58823529 0.54901961
v -1.84039264 2.66000000 1.02245484 0.56862745 0.58823529 0.54901961
v -1.84039264 2.24000000 1.02245484 0.56862745 0.58823529 0.54901961
v -1.81193977 2.66000000 0.92865828 0.56862745 0.58823529 0.54901961
v -1.81193977 2.24000000 0.92865828 0.56862745 0.58823529 0.54901961
v -1.76573481 2.66000000 0.84221488 0.56862745 0.58823529 0.54901961
v -1.76573481 2.24000000 0.84221488 0.56862745 0.58823529 0.54901961
v -1.70355339 2.66000000 0.76644661 0.56862745 0.58823529 0.54901961
v -1.70355339 2.24000000 0.76644661 0.56862745 0.58823529 0.54901961
v -1.62778512 2.66000000 0.70426519 0.56862745 0.58823529 0.54901961
v -1.62778512 2.24000000 0.70426519 0.56862745 0.58823529 0.54901961
v -1.54134172 2.66000000 0.65806023 0.56862745 0.58823529 0.54901961
v -1.54134172 2.24000000 0.65806023 0.56862745 0.58823529 0.54901961
v -1.44754516 2.66000000 0.62960736 0.56862745 0.58823529 0.54901961
v -1.44754516 2.24000000 0.62960736 0.56862745 0.58823529 0.54901961
v -1.35000000 2.66000000 0.62000000 0.56862745 0.58823529 0.54901961
v -1.35000000 2.24000000 0.62000000 0.56862745 0.58823529 0.54901961
v -1.25245484 2.66000000 0.62960736 0.56862745 0.58823529 0.54901961
v -1.25245484 2.24000000 0.62960736 0.56862745 0.58823529 0.54901961
v -1.15865828 2.66000000 0.65806023 0.56862745 0.58823529 0.54901961
v -1.15865828 2.24000000 0.65806023 0.56862745 0.58823529 0.54901961
v -1.07221488 2.66000000 0.70426519 0.56862745 0.58823529 0.54901961
v -1.07221488 2.24000000 0.70426519 0.56862745 0.58823529 0.54901961
v -0.99644661 2.66000000 0.76644661 0.56862745 0.58823529 0.54901961
v -0.99644661 2.24000000 0.76644661 0.56862745 0.58823529 0.54901961
v -0.93426519 2.66000000 0.84221488 0.56862745 0.58823529 0.54901961
v -0.93426519 2.24000000 0.84221488 0.56862745 0.58823529 0.54901961
v -0.88806023 2.66000000 0.92865828 0.56862745 0.58823529 0.54901961
v -0.88806023 2.24000000 0.92865828 0.56862745 0.58823529 0.54901961
v -0.85960736 2.66000000 1.02245484 0.56862745 0.58823529 0.54901961
v -0.85960736 2.24000000 1.02245484 0.56862745 0.58823529 0.54901961
v 0.00000000 2.66000000 1.12000000 0.56862745 0.58823529 0.54901961
v 0.50000000 2.66000000 1.12000000 0.56862745 0.58823529 0.54901961
v 0.50000000 2.24000000 1.12000000 0.56862745 0.58823529 0.54901961
v 0.00000000 2.24000000 1.12000000 0.56862745 0.58823529 0.54901961
v 0.49039264 2.66000000 1.21754516 0.56862745 0.58823529 0.54901961
v 0.49039264 2.24000000 1.21754516 0.56862745 0.58823529 0.54901961
v 0.46193977 2.66000000 1.31134172 0.56862745 0.58823529 0.54901961
v 0.46193977 2.24000000 1.31134172 0.56862745 0.58823529 0.54901961
v 0.41573481 2.66000000 1.39778512 0.56862745 0.58823529 0.54901961
v 0.41573481 2.24000000 1.39778512 0.56862745 0.58823529 0.54901961
v 0.35355339 2.66000000 1.47355339 0.56862745 0.58823529 0.54901961
v 0.35355339 2.24000000 1.47355339 0.56862745 0.58823529 0.54901961
v 0.27778512 2.66000000 1.53573481 0.56862745 0.58823529 0.54901961
v 0.27778512 2.24000000 1.53573481 0.56862745 0.58823529 0.54901961
v 0.19134172 2.66000000 1.58193977 0.56862745 0.58823529 0.54901961
v 0.19134172 2.24000000 1.58193977 0.56862745 0.58823529 0.54901961
v 0.09754516 2.66000000 1.61039264 0.56862745 0.58823529 0.54901961
v 0.09754516 2.24000000 1.61039264 0.56862745 0.58823529 0.54901961
v 0.00000000 2.66000000 1.62000000 0.56862745 0.58823529 0.54901961
v 0.00000000 2.24000000 1.62000000 0.56862745 0.58823529 0.54901961
v -0.09754516 2.66000000 1.61039264 0.56862745 0.58823529 0.54901961
v -0.09754516 2.24000000 1.61039264 0.56862745 0.58823529 0.54901961
v -0.19134172 2.66000000 1.58193977 0.56862745 0.58823529 0.54901961
v -0.19134172 2.24000000 1.58193977 0.56862745 0.58823529 0.54901961
v -0.27778512 2.66000000 1.53573481 0.56862745 0.58823529 0.54901961
v -0.27778512 2.24000000 1.53573481 0.56862745 0.58823529 0.54901961
v -0.35355339 2.66000000 1.47355339 0.56862745 0.58823529 0.54901961
v -0.35355339 2.24000000 1.47355339 0.56862745 0.58823529 0.54901961
v -0.41573481 2.66000000 1.39778512 0.56862745 0.58823529 0.54901961
v -0.41573481 2.24000000 1.39778512 0.56862745 0.58823529 0.54901961
v -0.46193977 2.66000000 1.31134172 0.56862745 0.58823529 0.54901961
v -0.46193977 2.24000000 1.31134172 0.56862745 0.58823529 0.54901961
v -0.49039264 2.66000000 1.21754516 0.56862745 0.58823529 0.54901961
v -0.49039264 2.24000000 1.21754516 0.56862745 0.58823529 0.54901961
v -0.50000000 2.66000000 1.12000000 0.56862745 0.58823529 0.54901961
v -0.50000000 2.24000000 1.12000000 0.56862745 0.58823529 0.54901961
v -0.49039264 2.66000000 1.02245484 0.56862745 0.58823529 0.54901961
v -0.49039264 2.24000000 1.02245484 0.56862745 0.58823529 0.54901961
v -0.46193977 2.66000000 0.92865828 0.56862745 0.58823529 0.54901961
v -0.46193977 2.24000000 0.92865828 0.56862745 0.58823529 0.54901961
v -0.41573481 2.66000000 0.84221488 0.56862745 0.58823529 0.54901961
v -0.41573481 2.24000000 0.84221488 0.56862745 0.58823529 0.54901961
v -0.35355339 2.66000000 0.76644661 0.56862745 0.58823529 0.54901961
v -0.35355339 2.24000000 0.76644661 0.56862745 0.58823529 0.54901961
v -0.27778512 2.66000000 0.70426519 0.56862745 0.58823529 0.54901961
v -0.27778512 2.24000000 0.70426519 0.56862745 0.58823529 0.54901961
v -0.19134172 2.66000000 0.65806023 0.56862745 0.58823529 0.54901961
v -0.19134172 2.24000000 0.65806023 0.56862745 0.58823529 0.54901961
v -0.09754516 2.66000000 0.62960736 0.56862745 0.58823529 0.54901961
v -0.09754516 2.24000000 0.62960736 0.56862745 0.58823529 0.54901961
v -0.00000000 2.66000000 0.62000000 0.56862745 0.58823529 0.54901961
v -0.00000000 2.24000000 0.62000000 0.56862745 0.58823529 0.54901961
v 0.09754516 2.66000000 0.62960736 0.56862745 0.58823529 0.54901961
v 0.09754516 2.24000000 0.62960736 0.56862745 0.58823529 0.54901961
v 0.19134172 2.66000000 0.65806023 0.56862745 0.58823529 0.54901961
v 0.19134172 2.24000000 0.65806023 0.56862745 0.58823529 0.54901961
v 0.27778512 2.66000000 0.70426519 0.56862745 0.58823529 0.54901961
v 0.27778512 2.24000000 0.70426519 0.56862745 0.58823529 0.54901961
v 0.35355339 2.66000000 0.76644661 0.56862745 0.58823529 0.54901961
v 0.35355339 2.24000000 0.76644661 0.56862745 0.58823529 0.54901961
v 0.41573481 2.66000000 0.84221488 0.56862745 0.58823529 0.54901961
v 0.41573481 2.24000000 0.84221488 0.56862745 0.58823529 0.54901961
v 0.46193977 2.66000000 0.92865828 0.56862745 0.58823529 0.54901961
v 0.46193977 2.24000000 0.92865828 0.56862745 0.58823529 0.54901961
v 0.49039264 2.66000000 1.02245484 0.56862745 0.58823529 0.54901961
v 0.49039264 2.24000000 1.02245484 0.56862745 0.58823529 0.54901961
v 1.35000000 2.66000000 1.12000000 0.56862745 0.58823529 0.54901961
v 1.85000000 2.66000000 1.12000000 0.56862745 0.58823529 0.54901961
v 1.85000000 2.24000000 1.12000000 0.56862745 0.58823529 0.54901961
v 1.35000000 2.24000000 1.12000000 0.56862745 0.58823529 0.54901961
v 1.84039264 2.66000000 1.21754516 0.56862745 0.58823529 0.54901961
v 1.84039264 2.24000000 1.21754516 0.56862745 0.58823529 0.54901961
v 1.81193977 2.66000000 1.31134172 0.56862745 0.58823529 0.54901961
v 1.81193977 2.24000000 1.31134172 0.56862745 0.58823529 0.54901961
v 1.76573481 2.66000000 1.39778512 0.56862745 0.58823529 0.54901961
v 1.76573481 2.24000000 1.39778512 0.56862745 0.58823529 0.54901961
v 1.70355339 2.66000000 1.47355339 0.56862745 0.58823529 0.54901961
v 1.70355339 2.24000000 1.47355339 0.56862745 0.58823529 0.54901961
v 1.62778512 2.66000000 1.53573481 0.56862745 0.58823529 0.54901961
v 1.62778512 2.24000000 1.53573481 0.56862745 0.58823529 0.54901961
v 1.54134172 2.66000000 1.58193977 0.56862745 0.58823529 0.54901961
v 1.54134172 2.24000000 1.58193977 0.56862745 0.58823529 0.54901961
v 1.44754516 2.66000000 1.61039264 0.56862745 0.58823529 0.54901961
v 1.44754516 2.24000000 1.61039264 0.56862745 0.58823529 0.54901961
v 1.35000000 2.66000000 1.62000000 0.56862745 0.58823529 0.54901961
v 1.35000000 2.24000000 1.62000000 0.56862745 0.58823529 0.54901961
v 1.25245484 2.66000000 1.61039264 0.56862745 0.58823529 0.54901961
v 1.25245484 2.24000000 1.61039264 0.56862745 0.58823529 0.54901961
v 1.15865828 2.66000000 1.58193977 0.56862745 0.58823529 0.54901961
v 1.15865828 2.24000000 1.58193977 0.56862745 0.58823529 0.54901961
v 1.07221488 2.66000000 1.53573481 0.56862745 0.58823529 0.54901961
v 1.07221488 2.24000000 1.53573481 0.56862745 0.58823529 0.54901961
v 0.99644661 2.66000000 1.47355339 0.56862745 0.58823529 0.54901961
v 0.99644661 2.24000000 1.47355339 0.56862745 0.58823529 0.54901961
v 0.93426519 2.66000000 1.39778512 0.56862745 0.58823529 0.54901961
v 0.93426519 2.24000000 1.39778512 0.56862745 0.58823529 0.54901961
v 0.88806023 2.66000000 1.31134172 0.56862745 0.58823529 0.54901961
v 0.88806023 2.24000000 1.31134172 0.56862745 0.58823529 0.54901961
v 0.85960736 2.66000000 1.21754516 0.56862745 0.58823529 0.54901961
v 0.85960736 2.24000000 1.21754516 0.56862745 0.58823529 0.54901961
v 0.85000000 2.66000000 1.12000000 0.56862745 0.58823529 0.54901961
v 0.85000000 2.24000000 1.12000000 0.56862745 0.58823529 0.54901961
v 0.85960736 2.66000000 1.02245484 0.56862745 0.58823529 0.54901961
v 0.85960736 2.24000000 1.02245484 0.56862745 0.58823529 0.54901961
v 0.88806023 2.66000000 0.92865828 0.56862745 0.58823529 0.54901961
v 0.88806023 2.24000000 0.92865828 0.56862745 0.58823529 0.54901961
v 0.93426519 2.66000000 0.84221488 0.56862745 0.58823529 0.54901961
v 0.93426519 2.24000000 0.84221488 0.56862745 0.58823529 0.54901961
v 0.99644661 2.66000000 0.76644661 0.56862745 0.58823529 0.54901961
v 0.99644661 2.24000000 0.76644661 0.56862745 0.58823529 0.54901961
v 1.07221488 2.66000000 0.70426519 0.56862745 0.58823529 0.54901961
v 1.07221488 2.24000000 0.70426519 0.56862745 0.58823529 0.54901961
v 1.15865828 2.66000000 0.65806023 0.56862745 0.58823529 0.54901961
v 1.15865828 2.24000000 0.65806023 0.56862745 0.58823529 0.54901961
v 1.25245484 2.66000000 0.62960736 0.56862745 0.58823529 0.54901961
v 1.25245484 2.24000000 0.62960736 0.56862745 0.58823529 0.54901961
v 1.35000000 2.66000000 0.62000000 0.56862745 0.58823529 0.54901961
v 1.35000000 2.24000000 0.62000000 0.56862745 0.58823529 0.54901961
v 1.44754516 2.66000000 0.62960736 0.56862745 0.58823529 0.54901961
v 1.44754516 2.24000000 0.62960736 0.56862745 0.58823529 0.54901961
v 1.54134172 2.66000000 0.65806023 0.56862745 0.58823529 0.54901961
v 1.54134172 2.24000000 0.65806023 0.56862745 0.58823529 0.54901961
v 1.62778512 2.66000000 0.70426519 0.56862745 0.58823529 0.54901961
v 1.62778512 2.24000000 0.70426519 0.56862745 0.58823529 0.54901961
v 1.70355339 2.66000000 0.76644661 0.56862745 0.58823529 0.54901961
v 1.70355339 2.24000000 0.76644661 0.56862745 0.58823529 0.54901961
v 1.76573481 2.66000000 0.84221488 0.56862745 0.58823529 0.54901961
v 1.76573481 2.24000000 0.84221488 0.56862745 0.58823529 0.54901961
v 1.81193977 2.66000000 0.92865828 0.56862745 0.58823529 0.54901961
v 1.81193977 2.24000000 0.92865828 0.56862745 0.58823529 0.54901961
v 1.84039264 2.66000000 1.02245484 0.56862745 0.58823529 0.54901961
v 1.84039264 2.24000000 1.02245484 0.56862745 0.58823529 0.54901961
v 2.70000000 2.66000000 1.12000000 0.56862745 0.58823529 0.54901961
v 3.20000000 2.66000000 1.12000000 0.56862745 0.58823529 0.54901961
v 3.20000000 2.24000000 1.12000000 0.56862745 0.58823529 0.54901961
v 2.70000000 2.24000000 1.12000000 0.56862745 0.58823529 0.54901961
v 3.19039264 2.66000000 1.21754516 0.56862745 0.58823529 0.54901961
v 3.19039264 2.24000000 1.21754516 0.56862745 0.58823529 0.54901961
v 3.16193977 2.66000000 1.31134172 0.56862745 0.58823529 0.54901961
v 3.16193977 2.24000000 1.31134172 0.56862745 0.58823529 0.54901961
v 3.11573481 2.66000000 1.39778512 0.56862745 0.58823529 0.54901961
v 3.11573481 2.24000000 1.39778512 0.56862745 0.58823529 0.54901961
v 3.05355339 2.66000000 1.47355339 0.56862745 0.58823529 0.54901961
v 3.05355339 2.24000000 1.47355339 0.56862745 0.58823529 0.54901961
v 2.97778512 2.66000000 1.53573481 0.56862745 0.58823529 0.54901961
v 2.97778512 2.24000000 1.53573481 0.56862745 0.58823529 0.54901961
v 2.89134172 2.66000000 1.58193977 0.56862745 0.58823529 0.54901961
v 2.89134172 2.24000000 1.58193977 0.56862745 0.58823529 0.54901961
v 2.79754516 2.66000000 1.61039264 0.56862745 0.58823529 0.54901961
v 2.79754516 2.24000000 1.61039264 0.56862745 0.58823529 0.54901961
v 2.70000000 2.66000000 1.62000000 0.56862745 0.58823529 0.54901961
v 2.70000000 2.24000000 1.62000000 0.56862745 0.58823529 0.54901961
v 2.60245484 2.66000000 1.61039264 0.56862745 0.58823529 0.54901961
v 2.60245484 2.24000000 1.61039264 0.56862745 0.58823529 0.54901961
v 2.50865828 2.66000000 1.58193977 0.56862745 0.58823529 0.54901961
v 2.50865828 2.24000000 1.58193977 0.56862745 0.58823529 0.54901961
v 2.42221488 2.66000000 1.53573481 0.56862745 0.58823529 0.54901961
v 2.42221488 2.24000000 1.53573481 0.56862745 0.58823529 0.54901961
v 2.34644661 2.66000000 1.47355339 0.56862745 0.58823529 0.54901961
v 2.34644661 2.24000000 1.47355339 0.56862745 0.58823529 0.54901961
v 2.28426519 2.66000000 1.39778512 0.56862745 0.58823529 0.54901961
v 2.28426519 2.24000000 1.39778512 0.56862745 0.58823529 0.54901961
v 2.23806023 2.66000000 1.31134172 0.56862745 0.58823529 0.54901961
v 2.23806023 2.24000000 1.31134172 0.56862745 0.58823529 0.54901961
v 2.20960736 2.66000000 1.21754516 0.56862745 0.58823529 0.54901961
v 2.20960736 2.24000000 1.21754516 0.56862745 0.58823529 0.54901961
v 2.20000000 2.66000000 1.12000000 0.56862745 0.58823529 0.54901961
v 2.20000000 2.24000000 1.12000000 0.56862745 0.58823529 0.54901961
v 2.20960736 2.66000000 1.02245484 0.56862745 0.58823529 0.54901961
v 2.20960736 2.24000000 1.02245484 0.56862745 0.58823529 0.54901961
v 2.23806023 2.66000000 0.92865828 0.56862745 0.58823529 0.54901961
v 2.23806023 2.24000000 0.92865828 0.56862745 0.58823529 0.54901961
v 2.28426519 2.66000000 0.84221488 0.56862745 0.58823529 0.54901961
v 2.28426519 2.24000000 0.84221488 0.56862745 0.58823529 0.54901961
v 2.34644661 2.66000000 0.76644661 0.56862745 0.58823529 0.54901961
v 2.34644661 2.24000000 0.76644661 0.56862745 0.58823529 0.54901961
v 2.42221488 2.66000000 0.70426519 0.56862745 0.58823529 0.54901961
v 2.42221488 2.24000000 0.70426519 0.56862745 0.58823529 0.54901961
v 2.50865828 2.66000000 0.65806023 0.56862745 0.58823529 0.54901961
v 2.50865828 2.24000000 0.65806023 0.56862745 0.58823529 0.54901961
v 2.60245484 2.66000000 0.62960736 0.56862745 0.58823529 0.54901961
v 2.60245484 2.24000000 0.62960736 0.56862745 0.58823529 0.54901961
v 2.70000000 2.66000000 0.62000000 0.56862745 0.58823529 0.54901961
v 2.70000000 2.24000000 0.62000000 0.56862745 0.58823529 0.54901961
v 2.79754516 2.66000000 0.62960736 0.56862745 0.58823529 0.54901961
v 2.79754516 2.24000000 0.62960736 0.56862745 0.58823529 0.54901961
v 2.89134172 2.66000000 0.65806023 0.56862745 0.58823529 0.54901961
v 2.89134172 2.24000000 0.65806023 0.56862745 0.58823529 0.54901961
v 2.97778512 2.66000000 0.70426519 0.56862745 0.58823529 0.54901961
v 2.97778512 2.24000000 0.70426519 0.56862745 0.58823529 0.54901961
v 3.05355339 2.66000000 0.76644661 0.56862745 0.58823529 0.54901961
v 3.05355339 2.24000000 0.76644661 0.56862745 0.58823529 0.54901961
v 3.11573481 2.66000000 0.84221488 0.56862745 0.58823529 0.54901961
v 3.11573481 2.24000000 0.84221488 0.56862745 0.58823529 0.54901961
v 3.16193977 2.66000000 0.92865828 0.56862745 0.58823529 0.54901961
v 3.16193977 2.24000000 0.92865828 0.56862745 0.58823529 0.54901961
v 3.19039264 2.66000000 1.02245484 0.56862745 0.58823529 0.54901961
v 3.19039264 2.24000000 1.02245484 0.56862745 0.58823529 0.54901961
v 3.05000000 2.69000000 1.12000000 0.56862745 0.58823529 0.54901961
v 3.77000000 2.69000000 1.12000000 0.56862745 0.58823529 0.54901961
v 3.77000000 2.21000000 1.12000000 0.56862745 0.58823529 0.54901961
v 3.05000000 2.21000000 1.12000000 0.56862745 0.58823529 0.54901961
v 3.75616540 2.69000000 1.26046503 0.56862745 0.58823529 0.54901961
v 3.75616540 2.21000000 1.26046503 0.56862745 0.58823529 0.54901961
v 3.71519326 2.69000000 1.39553207 0.56862745 0.58823529 0.54901961
v 3.71519326 2.21000000 1.39553207 0.56862745 0.58823529 0.54901961
v 3.64865812 2.69000000 1.52001057 0.56862745 0.58823529 0.54901961
v 3.64865812 2.21000000 1.52001057 0.56862745 0.58823529 0.54901961
v 3.55911688 2.69000000 1.62911688 0.56862745 0.58823529 0.54901961
v 3.55911688 2.21000000 1.62911688 0.56862745 0.58823529 0.54901961
v 3.45001057 2.69000000 1.71865812 0.56862745 0.58823529 0.54901961
v 3.45001057 2.21000000 1.71865812 0.56862745 0.58823529 0.54901961
v 3.32553207 2.69000000 1.78519326 0.56862745 0.58823529 0.54901961
v 3.32553207 2.21000000 1.78519326 0.56862745 0.58823529 0.54901961
v 3.19046503 2.69000000 1.82616540 0.56862745 0.58823529 0.54901961
v 3.19046503 2.21000000 1.82616540 0.56862745 0.58823529 0.54901961
v 3.05000000 2.69000000 1.84000000 0.56862745 0.58823529 0.54901961
v 3.05000000 2.21000000 1.84000000 0.56862745 0.58823529 0.54901961
v 2.90953497 2.69000000 1.82616540 0.56862745 0.58823529 0.54901961
v 2.90953497 2.21000000 1.82616540 0.56862745 0.58823529 0.54901961
v 2.77446793 2.69000000 1.78519326 0.56862745 0.58823529 0.54901961
v 2.77446793 2.21000000 1.78519326 0.56862745 0.58823529 0.54901961
v 2.64998943 2.69000000 1.71865812 0.56862745 0.58823529 0.54901961
v 2.64998943 2.21000000 1.71865812 0.56862745 0.58823529 0.54901961
v 2.54088312 2.69000000 1.62911688 0.56862745 0.58823529 0.54901961
v 2.54088312 2.21000000 1.62911688 0.56862745 0.58823529 0.54901961
v 2.45134188 2.69000000 1.52001057 0.56862745 0.58823529 0.54901961
v 2.45134188 2.21000000 1.52001057 0.56862745 0.58823529 0.54901961
v 2.38480674 2.69000000 1.39553207 0.56862745 0.58823529 0.54901961
v 2.38480674 2.21000000 1.39553207 0.56862745 0.58823529 0.54901961
v 2.34383460 2.69000000 1.26046503 0.56862745 0.58823529 0.54901961
v 2.34383460 2.21000000 1.26046503 0.56862745 0.58823529 0.54901961
v 2.33000000 2.69000000 1.12000000 0.56862745 0.58823529 0.54901961
v 2.33000000 2.21000000 1.12000000 0.56862745 0.58823529 0.54901961
v 2.34383460 2.69000000 0.97953497 0.56862745 0.58823529 0.54901961
v 2.34383460 2.21000000 0.97953497 0.56862745 0.58823529 0.54901961
v 2.38480674 2.69000000 0.84446793 0.56862745 0.58823529 0.54901961
v 2.38480674 2.21000000 0.84446793 0.56862745 0.58823529 0.54901961
v 2.45134188 2.69000000 0.71998943 0.56862745 0.58823529 0.54901961
v 2.45134188 2.21000000 0.71998943 0.56862745 0.58823529 0.54901961
v 2.54088312 2.69000000 0.61088312 0.56862745 0.58823529 0.54901961
v 2.54088312 2.21000000 0.61088312 0.56862745 0.58823529 0.54901961
v 2.64998943 2.69000000 0.52134188 0.56862745 0.58823529 0.54901961
v 2.64998943 2.21000000 0.52134188 0.56862745 0.58823529 0.54901961
v 2.77446793 2.69000000 0.45480674 0.56862745 0.58823529 0.54901961
v 2.77446793 2.21000000 0.45480674 0.56862745 0.58823529 0.54901961
v 2.90953497 2.69000000 0.41383460 0.56862745 0.58823529 0.54901961
v 2.90953497 2.21000000 0.41383460 0.56862745 0.58823529 0.54901961
v 3.05000000 2.69000000 0.40000000 0.56862745 0.58823529 0.54901961
v 3.05000000 2.21000000 0.40000000 0.56862745 0.58823529 0.54901961
v 3.19046503 2.69000000 0.41383460 0.56862745 0.58823529 0.54901961
v 3.19046503 2.21000000 0.41383460 0.56862745 0.58823529 0.54901961
v 3.32553207 2.69000000 0.45480674 0.56862745 0.58823529 0.54901961
v 3.32553207 2.21000000 0.45480674 0.56862745 0.58823529 0.54901961
v 3.45001057 2.69000000 0.52134188 0.56862745 0.58823529 0.54901961
v 3.45001057 2.21000000 0.52134188 0.56862745 0.58823529 0.54901961
v 3.55911688 2.69000000 0.61088312 0.56862745 0.58823529 0.54901961
v 3.55911688 2.21000000 0.61088312 0.56862745 0.58823529 0.54901961
v 3.64865812 2.69000000 0.71998943 0.56862745 0.58823529 0.54901961
v 3.64865812 2.21000000 0.71998943 0.56862745 0.58823529 0.54901961
v 3.71519326 2.69000000 0.84446793 0.56862745 0.58823529 0.54901961
v 3.71519326 2.21000000 0.84446793 0.56862745 0.58823529 0.54901961
v 3.75616540 2.69000000 0.97953497 0.56862745 0.58823529 0.54901961
v 3.75616540 2.21000000 0.97953497 0.56862745 0.58823529 0.54901961
v -3.05000000 2.69000000 1.12000000 0.56862745 0.58823529 0.54901961
v -2.43000000 2.69000000 1.12000000 0.56862745 0.58823529 0.54901961
v -2.43000000 2.21000000 1.12000000 0.56862745 0.58823529 0.54901961
v -3.05000000 2.21000000 1.12000000 0.56862745 0.58823529 0.54901961
v -2.44191313 2.69000000 1.24095600 0.56862745 0.58823529 0.54901961
v -2.44191313 2.21000000 1.24095600 0.56862745 0.58823529 0.54901961
v -2.47719469 2.69000000 1.35726373 0.56862745 0.58823529 0.54901961
v -2.47719469 2.21000000 1.35726373 0.56862745 0.58823529 0.54901961
v -2.53448884 2.69000000 1.46445354 0.56862745 0.58823529 0.54901961
v -2.53448884 2.21000000 1.46445354 0.56862745 0.58823529 0.54901961
v -2.61159380 2.69000000 1.55840620 0.56862745 0.58823529 0.54901961
v -2.61159380 2.21000000 1.55840620 0.56862745 0.58823529 0.54901961
v -2.70554646 2.69000000 1.63551116 0.56862745 0.58823529 0.54901961
v -2.70554646 2.21000000 1.63551116 0.56862745 0.58823529 0.54901961
v -2.81273627 2.69000000 1.69280531 0.56862745 0.58823529 0.54901961
v -2.81273627 2.21000000 1.69280531 0.56862745 0.58823529 0.54901961
v -2.92904400 2.69000000 1.72808687 0.56862745 0.58823529 0.54901961
v -2.92904400 2.21000000 1.72808687 0.56862745 0.58823529 0.54901961
v -3.05000000 2.69000000 1.74000000 0.56862745 0.58823529 0.54901961
v -3.05000000 2.21000000 1.74000000 0.56862745 0.58823529 0.54901961
v -3.17095600 2.69000000 1.72808687 0.56862745 0.58823529 0.54901961
v -3.17095600 2.21000000 1.72808687 0.56862745 0.58823529 0.54901961
v -3.28726373 2.69000000 1.69280531 0.56862745 0.58823529 0.54901961
v -3.28726373 2.21000000 1.69280531 0.56862745 0.58823529 0.54901961
v -3.39445354 2.69000000 1.63551116 0.56862745 0.58823529 0.54901961
v -3.39445354 2.21000000 1.63551116 0.56862745 0.58823529 0.54901961
v -3.48840620 2.69000000 1.55840620 0.56862745 0.58823529 0.54901961
v -3.48840620 2.21000000 1.55840620 0.56862745 0.58823529 0.54901961
v -3.56551116 2.69000000 1.46445354 0.56862745 0.58823529 0.54901961
v -3.56551116 2.21000000 1.46445354 0.56862745 0.58823529 0.54901961
v -3.62280531 2.69000000 1.35726373 0.56862745 0.58823529 0.54901961
v -3.62280531 2.21000000 1.35726373 0.56862745 0.58823529 0.54901961
v -3.65808687 2.69000000 1.24095600 0.56862745 0.58823529 0.54901961
v -3.65808687 2.21000000 1.24095600 0.56862745 0.58823529 0.54901961
v -3.67000000 2.69000000 1.12000000 0.56862745 0.58823529 0.54901961
v -3.67000000 2.21000000 1.12000000 0.56862745 0.58823529 0.54901961
v -3.65808687 2.69000000 0.99904400 0.56862745 0.58823529 0.54901961
v -3.65808687 2.21000000 0.99904400 0.56862745 0.58823529 0.54901961
v -3.62280531 2.69000000 0.88273627 0.56862745 0.58823529 0.54901961
v -3.62280531 2.21000000 0.88273627 0.56862745 0.58823529 0.54901961
v -3.56551116 2.69000000 0.77554646 0.56862745 0.58823529 0.54901961
v -3.56551116 2.21000000 0.77554646 0.56862745 0.58823529 0.54901961
v -3.48840620 2.69000000 0.68159380 0.56862745 0.58823529 0.54901961
v -3.48840620 2.21000000 0.68159380 0.56862745 0.58823529 0.54901961
v -3.39445354 2.69000000 0.60448884 0.56862745 0.58823529 0.54901961
v -3.39445354 2.21000000 0.60448884 0.56862745 0.58823529 0.54901961
v -3.28726373 2.69000000 0.54719469 0.56862745 0.58823529 0.54901961
v -3.28726373 2.21000000 0.54719469 0.56862745 0.58823529 0.54901961
v -3.17095600 2.69000000 0.51191313 0.56862745 0.58823529 0.54901961
v -3.17095600 2.21000000 0.51191313 0.56862745 0.58823529 0.54901961
v -3.05000000 2.69000000 0.50000000 0.56862745 0.58823529 0.54901961
v -3.05000000 2.21000000 0.50000000 0.56862745 0.58823529 0.54901961
v -2.92904400 2.69000000 0.51191313 0.56862745 0.58823529 0.54901961
v -2.92904400 2.21000000 0.51191313 0.56862745 0.58823529 0.54901961
v -2.81273627 2.69000000 0.54719469 0.56862745 0.58823529 0.54901961
v -2.81273627 2.21000000 0.54719469 0.56862745 0.58823529 0.54901961
v -2.70554646 2.69000000 0.60448884 0.56862745 0.58823529 0.54901961
v -2.70554646 2.21000000 0.60448884 0.56862745 0.58823529 0.54901961
v -2.61159380 2.69000000 0.68159380 0.56862745 0.58823529 0.54901961
v -2.61159380 2.21000000 0.68159380 0.56862745 0.58823529 0.54901961
v -2.53448884 2.69000000 0.77554646 0.56862745 0.58823529 0.54901961
v -2.53448884 2.21000000 0.77554646 0.56862745 0.58823529 0.54901961
v -2.47719469 2.69000000 0.88273627 0.56862745 0.58823529 0.54901961
v -2.47719469 2.21000000 0.88273627 0.56862745 0.58823529 0.54901961
v -2.44191313 2.69000000 0.99904400 0.56862745 0.58823529 0.54901961
v -2.44191313 2.21000000 0.99904400 0.56862745 0.58823529 0.54901961
v -2.81000000 2.78000000 0.55000000 0.41176471 0.45098039 0.41176471
v -2.81000000 2.78000000 0.69000000 0.41176471 0.45098039 0.41176471
v -2.81000000 2.88000000 0.55000000 0.41176471 0.45098039 0.41176471
v -2.81000000 2.88000000 0.69000000 0.41176471 0.45098039 0.41176471
v -2.19000000 2.78000000 0.55000000 0.41176471 0.45098039 0.41176471
v -2.19000000 2.78000000 0.69000000 0.41176471 0.45098039 0.41176471
v -2.19000000 2.88000000 0.55000000 0.41176471 0.45098039 0.41176471
v -2.19000000 2.88000000 0.69000000 0.41176471 0.45098039 0.41176471
v -2.18500000 2.78000000 0.55000000 0.41176471 0.45098039 0.41176471
v -2.18500000 2.78000000 0.69000000 0.41176471 0.45098039 0.41176471
v -2.18500000 2.88000000 0.55000000 0.41176471 0.45098039 0.41176471
v -2.18500000 2.88000000 0.69000000 0.41176471 0.45098039 0.41176471
v -1.56500000 2.78000000 0.55000000 0.41176471 0.45098039 0.41176471
v -1.56500000 2.78000000 0.69000000 0.41176471 0.45098039 0.41176471
v -1.56500000 2.88000000 0.55000000 0.41176471 0.45098039 0.41176471
v -1.56500000 2.88000000 0.69000000 0.41176471 0.45098039 0.41176471
v -1.56000000 2.78000000 0.55000000 0.41176471 0.45098039 0.41176471
v -1.56000000 2.78000000 0.69000000 0.41176471 0.45098039 0.41176471
v -1.56000000 2.88000000 0.55000000 0.41176471 0.45098039 0.41176471
v -1.56000000 2.88000000 0.69000000 0.41176471 0.45098039 0.41176471
v -0.94000000 2.78000000 0.55000000 0.41176471 0.45098039 0.41176471
v -0.94000000 2.78000000 0.69000000 0.41176471 0.45098039 0.41176471
v -0.94000000 2.88000000 0.55000000 0.41176471 0.45098039 0.41176471
v -0.94000000 2.88000000 0.69000000 0.41176471 0.45098039 0.41176471
v -0.93500000 2.78000000 0.55000000 0.41176471 0.45098039 0.41176471
v -0.93500000 2.78000000 0.69000000 0.41176471 0.45098039 0.41176471
v -0.93500000 2.88000000 0.55000000 0.41176471 0.45098039 0.41176471
v -0.93500000 2.88000000 0.69000000 0.41176471 0.45098039 0.41176471
v -0.31500000 2.78000000 0.55000000 0.41176471 0.45098039 0.41176471
v -0.31500000 2.78000000 0.69000000 0.41176471 0.45098039 0.41176471
v -0.31500000 2.88000000 0.55000000 0.41176471 0.45098039 0.41176471
v -0.31500000 2.88000000 0.69000000 0.41176471 0.45098039 0.41176471
v -0.31000000 2.78000000 0.55000000 0.41176471 0.45098039 0.41176471
v -0.31000000 2.78000000 0.69000000 0.41176471 0.45098039 0.41176471
v -0.31000000 2.88000000 0.55000000 0.41176471 0.45098039 0.41176471
v -0.31000000 2.88000000 0.69000000 0.41176471 0.45098039 0.41176471
v 0.31000000 2.78000000 0.55000000 0.41176471 0.45098039 0.41176471
v 0.31000000 2.78000000 0.69000000 0.41176471 0.45098039 0.41176471
v 0.31000000 2.88000000 0.55000000 0.41176471 0.45098039 0.41176471
v 0.31000000 2.88000000 0.69000000 0.41176471 0.45098039 0.41176471
v 0.31500000 2.78000000 0.55000000 0.41176471 0.45098039 0.41176471
v 0.31500000 2.78000000 0.69000000 0.41176471 0.45098039 0.41176471
v 0.31500000 2.88000000 0.55000000 0.41176471 0.45098039 0.41176471
v 0.31500000 2.88000000 0.69000000 0.41176471 0.45098039 0.41176471
v 0.93500000 2.78000000 0.55000000 0.41176471 0.45098039 0.41176471
v 0.93500000 2.78000000 0.69000000 0.41176471 0.45098039 0.41176471
v 0.93500000 2.88000000 0.55000000 0.41176471 0.45098039 0.41176471
v 0.93500000 2.88000000 0.69000000 0.41176471 0.45098039 0.41176471
v 0.94000000 2.78000000 0.55000000 0.41176471 0.45098039 0.41176471
v 0.94000000 2.78000000 0.69000000 0.41176471 0.45098039 0.41176471
v 0.94000000 2.88000000 0.55000000 0.41176471 0.45098039 0.41176471
v 0.94000000 2.88000000 0.69000000 0.41176471 0.45098039 0.41176471
v 1.56000000 2.78000000 0.55000000 0.41176471 0.45098039 0.41176471
v 1.56000000 2.78000000 0.69000000 0.41176471 0.45098039 0.41176471
v 1.56000000 2.88000000 0.55000000 0.41176471 0.45098039 0.41176471
v 1.56000000 2.88000000 0.69000000 0.41176471 0.45098039 0.41176471
v 1.56500000 2.78000000 0.55000000 0.41176471 0.45098039 0.41176471
v 1.56500000 2.78000000 0.69000000 0.41176471 0.45098039 0.41176471
v 1.56500000 2.88000000 0.55000000 0.41176471 0.45098039 0.41176471
v 1.56500000 2.88000000 0.69000000 0.41176471 0.45098039 0.41176471
v 2.18500000 2.78000000 0.55000000 0.41176471 0.45098039 0.41176471
v 2.18500000 2.78000000 0.69000000 0.41176471 0.45098039 0.41176471
v 2.18500000 2.88000000 0.55000000 0.41176471 0.45098039 0.41176471
v 2.18500000 2.88000000 0.69000000 0.41176471 0.45098039 0.41176471
v 2.19000000 2.78000000 0.55000000 0.41176471 0.45098039 0.41176471
v 2.19000000 2.78000000 0.69000000 0.41176471 0.45098039 0.41176471
v 2.19000000 2.88000000 0.55000000 0.41176471 0.45098039 0.41176471
v 2.19000000 2.88000000 0.69000000 0.41176471 0.45098039 0.41176471
v 2.81000000 2.78000000 0.55000000 0.41176471 0.45098039 0.41176471
v 2.81000000 2.78000000 0.69000000 0.41176471 0.45098039 0.41176471
v 2.81000000 2.88000000 0.55000000 0.41176471 0.45098039 0.41176471
v 2.81000000 2.88000000 0.69000000 0.41176471 0.45098039 0.41176471
v -2.05000000 -1.60000000 3.12500000 0.03137255 0.04313725 0.03529412
v -2.05000000 -1.60000000 3.57500000 0.03137255 0.04313725 0.03529412
v -2.05000000 1.60000000 3.12500000 0.03137255 0.04313725 0.03529412
v -2.05000000 1.60000000 3.57500000 0.03137255 0.04313725 0.03529412
v 0.75000000 -1.60000000 3.12500000 0.03137255 0.04313725 0.03529412
v 0.75000000 -1.60000000 3.57500000 0.03137255 0.04313725 0.03529412
v 0.75000000 1.60000000 3.12500000 0.03137255 0.04313725 0.03529412
v 0.75000000 1.60000000 3.57500000 0.03137255 0.04313725 0.03529412
v -1.92500000 -1.47500000 3.32500000 0.21568627 0.26274510 0.20784314
v -1.92500000 -1.47500000 5.77500000 0.21568627 0.26274510 0.20784314
v -1.92500000 1.47500000 3.32500000 0.21568627 0.26274510 0.20784314
v -1.92500000 1.47500000 5.77500000 0.21568627 0.26274510 0.20784314
v 0.62500000 -1.47500000 3.32500000 0.21568627 0.26274510 0.20784314
v 0.62500000 -1.47500000 5.77500000 0.21568627 0.26274510 0.20784314
v 0.62500000 1.47500000 3.32500000 0.21568627 0.26274510 0.20784314
v 0.62500000 1.47500000 5.77500000 0.21568627 0.26274510 0.20784314
v -1.98000000 -1.22500000 3.92500000 0.13725490 0.25490196 0.22352941
v -1.98000000 -1.22500000 5.57500000 0.13725490 0.25490196 0.22352941
v -1.98000000 1.22500000 3.92500000 0.13725490 0.25490196 0.22352941
v -1.98000000 1.22500000 5.57500000 0.13725490 0.25490196 0.22352941
v -1.90000000 -1.22500000 3.92500000 0.13725490 0.25490196 0.22352941
v -1.90000000 -1.22500000 5.57500000 0.13725490 0.25490196 0.22352941
v -1.90000000 1.22500000 3.92500000 0.13725490 0.25490196 0.22352941
v -1.90000000 1.22500000 5.57500000 0.13725490 0.25490196 0.22352941
v -1.50000000 -1.53000000 3.92500000 0.13725490 0.25490196 0.22352941
v -1.50000000 -1.53000000 5.57500000 0.13725490 0.25490196 0.22352941
v -1.50000000 -1.45000000 3.92500000 0.13725490 0.25490196 0.22352941
v -1.50000000 -1.45000000 5.57500000 0.13725490 0.25490196 0.22352941
v 0.20000000 -1.53000000 3.92500000 0.13725490 0.25490196 0.22352941
v 0.20000000 -1.53000000 5.57500000 0.13725490 0.25490196 0.22352941
v 0.20000000 -1.45000000 3.92500000 0.13725490 0.25490196 0.22352941
v 0.20000000 -1.45000000 5.57500000 0.13725490 0.25490196 0.22352941
v -1.50000000 1.45000000 3.92500000 0.13725490 0.25490196 0.22352941
v -1.50000000 1.45000000 5.57500000 0.13725490 0.25490196 0.22352941
v -1.50000000 1.53000000 3.92500000 0.13725490 0.25490196 0.22352941
v -1.50000000 1.53000000 5.57500000 0.13725490 0.25490196 0.22352941
v 0.20000000 1.45000000 3.92500000 0.13725490 0.25490196 0.22352941
v 0.20000000 1.45000000 5.57500000 0.13725490 0.25490196 0.22352941
v 0.20000000 1.53000000 3.92500000 0.13725490 0.25490196 0.22352941
v 0.20000000 1.53000000 5.57500000 0.13725490 0.25490196 0.22352941
v -2.10000000 -1.60000000 5.72000000 0.03137255 0.04313725 0.03529412
v -2.10000000 -1.60000000 6.00000000 0.03137255 0.04313725 0.03529412
v -2.10000000 1.60000000 5.72000000 0.03137255 0.04313725 0.03529412
v -2.10000000 1.60000000 6.00000000 0.03137255 0.04313725 0.03529412
v 0.80000000 -1.60000000 5.72000000 0.03137255 0.04313725 0.03529412
v 0.80000000 -1.60000000 6.00000000 0.03137255 0.04313725 0.03529412
v 0.80000000 1.60000000 5.72000000 0.03137255 0.04313725 0.03529412
v 0.80000000 1.60000000 6.00000000 0.03137255 0.04313725 0.03529412
v -1.65000000 -1.70000000 5.80000000 0.80392157 1.00000000 0.13725490
v -1.65000000 -1.70000000 5.92000000 0.80392157 1.00000000 0.13725490
v -1.65000000 -1.54000000 5.80000000 0.80392157 1.00000000 0.13725490
v -1.65000000 -1.54000000 5.92000000 0.80392157 1.00000000 0.13725490
v 0.35000000 -1.70000000 5.80000000 0.80392157 1.00000000 0.13725490
v 0.35000000 -1.70000000 5.92000000 0.80392157 1.00000000 0.13725490
v 0.35000000 -1.54000000 5.80000000 0.80392157 1.00000000 0.13725490
v 0.35000000 -1.54000000 5.92000000 0.80392157 1.00000000 0.13725490
v -0.27000000 -0.04000000 4.62500000 0.13725490 0.25490196 0.22352941
v -0.27000000 -0.04000000 5.37500000 0.13725490 0.25490196 0.22352941
v -0.27000000 0.04000000 4.62500000 0.13725490 0.25490196 0.22352941
v -0.27000000 0.04000000 5.37500000 0.13725490 0.25490196 0.22352941
v 1.23000000 -0.04000000 4.62500000 0.13725490 0.25490196 0.22352941
v 1.23000000 -0.04000000 5.37500000 0.13725490 0.25490196 0.22352941
v 1.23000000 0.04000000 4.62500000 0.13725490 0.25490196 0.22352941
v 1.23000000 0.04000000 5.37500000 0.13725490 0.25490196 0.22352941
v -2.20000000 0.00000000 3.12500000 0.41176471 0.45098039 0.41176471
v -1.15000000 0.00000000 3.12500000 0.41176471 0.45098039 0.41176471
v -1.15000000 0.00000000 3.77500000 0.41176471 0.45098039 0.41176471
v -2.20000000 0.00000000 3.77500000 0.41176471 0.45098039 0.41176471
v -1.17017546 0.20484484 3.12500000 0.41176471 0.45098039 0.41176471
v -1.17017546 0.20484484 3.77500000 0.41176471 0.45098039 0.41176471
v -1.22992649 0.40181760 3.12500000 0.41176471 0.45098039 0.41176471
v -1.22992649 0.40181760 3.77500000 0.41176471 0.45098039 0.41176471
v -1.32695691 0.58334874 3.12500000 0.41176471 0.45098039 0.41176471
v -1.32695691 0.58334874 3.77500000 0.41176471 0.45098039 0.41176471
v -1.45753788 0.74246212 3.12500000 0.41176471 0.45098039 0.41176471
v -1.45753788 0.74246212 3.77500000 0.41176471 0.45098039 0.41176471
v -1.61665126 0.87304309 3.12500000 0.41176471 0.45098039 0.41176471
v -1.61665126 0.87304309 3.77500000 0.41176471 0.45098039 0.41176471
v -1.79818240 0.97007351 3.12500000 0.41176471 0.45098039 0.41176471
v -1.79818240 0.97007351 3.77500000 0.41176471 0.45098039 0.41176471
v -1.99515516 1.02982454 3.12500000 0.41176471 0.45098039 0.41176471
v -1.99515516 1.02982454 3.77500000 0.41176471 0.45098039 0.41176471
v -2.20000000 1.05000000 3.12500000 0.41176471 0.45098039 0.41176471
v -2.20000000 1.05000000 3.77500000 0.41176471 0.45098039 0.41176471
v -2.40484484 1.02982454 3.12500000 0.41176471 0.45098039 0.41176471
v -2.40484484 1.02982454 3.77500000 0.41176471 0.45098039 0.41176471
v -2.60181760 0.97007351 3.12500000 0.41176471 0.45098039 0.41176471
v -2.60181760 0.97007351 3.77500000 0.41176471 0.45098039 0.41176471
v -2.78334874 0.87304309 3.12500000 0.41176471 0.45098039 0.41176471
v -2.78334874 0.87304309 3.77500000 0.41176471 0.45098039 0.41176471
v -2.94246212 0.74246212 3.12500000 0.41176471 0.45098039 0.41176471
v -2.94246212 0.74246212 3.77500000 0.41176471 0.45098039 0.41176471
v -3.07304309 0.58334874 3.12500000 0.41176471 0.45098039 0.41176471
v -3.07304309 0.58334874 3.77500000 0.41176471 0.45098039 0.41176471
v -3.17007351 0.40181760 3.12500000 0.41176471 0.45098039 0.41176471
v -3.17007351 0.40181760 3.77500000 0.41176471 0.45098039 0.41176471
v -3.22982454 0.20484484 3.12500000 0.41176471 0.45098039 0.41176471
v -3.22982454 0.20484484 3.77500000 0.41176471 0.45098039 0.41176471
v -3.25000000 0.00000000 3.12500000 0.41176471 0.45098039 0.41176471
v -3.25000000 0.00000000 3.77500000 0.41176471 0.45098039 0.41176471
v -3.22982454 -0.20484484 3.12500000 0.41176471 0.45098039 0.41176471
v -3.22982454 -0.20484484 3.77500000 0.41176471 0.45098039 0.41176471
v -3.17007351 -0.40181760 3.12500000 0.41176471 0.45098039 0.41176471
v -3.17007351 -0.40181760 3.77500000 0.41176471 0.45098039 0.41176471
v -3.07304309 -0.58334874 3.12500000 0.41176471 0.45098039 0.41176471
v -3.07304309 -0.58334874 3.77500000 0.41176471 0.45098039 0.41176471
v -2.94246212 -0.74246212 3.12500000 0.41176471 0.45098039 0.41176471
v -2.94246212 -0.74246212 3.77500000 0.41176471 0.45098039 0.41176471
v -2.78334874 -0.87304309 3.12500000 0.41176471 0.45098039 0.41176471
v -2.78334874 -0.87304309 3.77500000 0.41176471 0.45098039 0.41176471
v -2.60181760 -0.97007351 3.12500000 0.41176471 0.45098039 0.41176471
v -2.60181760 -0.97007351 3.77500000 0.41176471 0.45098039 0.41176471
v -2.40484484 -1.02982454 3.12500000 0.41176471 0.45098039 0.41176471
v -2.40484484 -1.02982454 3.77500000 0.41176471 0.45098039 0.41176471
v -2.20000000 -1.05000000 3.12500000 0.41176471 0.45098039 0.41176471
v -2.20000000 -1.05000000 3.77500000 0.41176471 0.45098039 0.41176471
v -1.99515516 -1.02982454 3.12500000 0.41176471 0.45098039 0.41176471
v -1.99515516 -1.02982454 3.77500000 0.41176471 0.45098039 0.41176471
v -1.79818240 -0.97007351 3.12500000 0.41176471 0.45098039 0.41176471
v -1.79818240 -0.97007351 3.77500000 0.41176471 0.45098039 0.41176471
v -1.61665126 -0.87304309 3.12500000 0.41176471 0.45098039 0.41176471
v -1.61665126 -0.87304309 3.77500000 0.41176471 0.45098039 0.41176471
v -1.45753788 -0.74246212 3.12500000 0.41176471 0.45098039 0.41176471
v -1.45753788 -0.74246212 3.77500000 0.41176471 0.45098039 0.41176471
v -1.32695691 -0.58334874 3.12500000 0.41176471 0.45098039 0.41176471
v -1.32695691 -0.58334874 3.77500000 0.41176471 0.45098039 0.41176471
v -1.22992649 -0.40181760 3.12500000 0.41176471 0.45098039 0.41176471
v -1.22992649 -0.40181760 3.77500000 0.41176471 0.45098039 0.41176471
v -1.17017546 -0.20484484 3.12500000 0.41176471 0.45098039 0.41176471
v -1.17017546 -0.20484484 3.77500000 0.41176471 0.45098039 0.41176471
v -2.20000000 1.50000000 4.00000000 0.56862745 0.58823529 0.54901961
v -1.65000000 1.50000000 4.00000000 0.56862745 0.58823529 0.54901961
v -1.65000000 -1.50000000 4.00000000 0.56862745 0.58823529 0.54901961
v -2.20000000 -1.50000000 4.00000000 0.56862745 0.58823529 0.54901961
v -1.66056810 1.50000000 4.10729968 0.56862745 0.58823529 0.54901961
v -1.66056810 -1.50000000 4.10729968 0.56862745 0.58823529 0.54901961
v -1.69186626 1.50000000 4.21047589 0.56862745 0.58823529 0.54901961
v -1.69186626 -1.50000000 4.21047589 0.56862745 0.58823529 0.54901961
v -1.74269171 1.50000000 4.30556363 0.56862745 0.58823529 0.54901961
v -1.74269171 -1.50000000 4.30556363 0.56862745 0.58823529 0.54901961
v -1.81109127 1.50000000 4.38890873 0.56862745 0.58823529 0.54901961
v -1.81109127 -1.50000000 4.38890873 0.56862745 0.58823529 0.54901961
v -1.89443637 1.50000000 4.45730829 0.56862745 0.58823529 0.54901961
v -1.89443637 -1.50000000 4.45730829 0.56862745 0.58823529 0.54901961
v -1.98952411 1.50000000 4.50813374 0.56862745 0.58823529 0.54901961
v -1.98952411 -1.50000000 4.50813374 0.56862745 0.58823529 0.54901961
v -2.09270032 1.50000000 4.53943190 0.56862745 0.58823529 0.54901961
v -2.09270032 -1.50000000 4.53943190 0.56862745 0.58823529 0.54901961
v -2.20000000 1.50000000 4.55000000 0.56862745 0.58823529 0.54901961
v -2.20000000 -1.50000000 4.55000000 0.56862745 0.58823529 0.54901961
v -2.30729968 1.50000000 4.53943190 0.56862745 0.58823529 0.54901961
v -2.30729968 -1.50000000 4.53943190 0.56862745 0.58823529 0.54901961
v -2.41047589 1.50000000 4.50813374 0.56862745 0.58823529 0.54901961
v -2.41047589 -1.50000000 4.50813374 0.56862745 0.58823529 0.54901961
v -2.50556363 1.50000000 4.45730829 0.56862745 0.58823529 0.54901961
v -2.50556363 -1.50000000 4.45730829 0.56862745 0.58823529 0.54901961
v -2.58890873 1.50000000 4.38890873 0.56862745 0.58823529 0.54901961
v -2.58890873 -1.50000000 4.38890873 0.56862745 0.58823529 0.54901961
v -2.65730829 1.50000000 4.30556363 0.56862745 0.58823529 0.54901961
v -2.65730829 -1.50000000 4.30556363 0.56862745 0.58823529 0.54901961
v -2.70813374 1.50000000 4.21047589 0.56862745 0.58823529 0.54901961
v -2.70813374 -1.50000000 4.21047589 0.56862745 0.58823529 0.54901961
v -2.73943190 1.50000000 4.10729968 0.56862745 0.58823529 0.54901961
v -2.73943190 -1.50000000 4.10729968 0.56862745 0.58823529 0.54901961
v -2.75000000 1.50000000 4.00000000 0.56862745 0.58823529 0.54901961
v -2.75000000 -1.50000000 4.00000000 0.56862745 0.58823529 0.54901961
v -2.73943190 1.50000000 3.89270032 0.56862745 0.58823529 0.54901961
v -2.73943190 -1.50000000 3.89270032 0.56862745 0.58823529 0.54901961
v -2.70813374 1.50000000 3.78952411 0.56862745 0.58823529 0.54901961
v -2.70813374 -1.50000000 3.78952411 0.56862745 0.58823529 0.54901961
v -2.65730829 1.50000000 3.69443637 0.56862745 0.58823529 0.54901961
v -2.65730829 -1.50000000 3.69443637 0.56862745 0.58823529 0.54901961
v -2.58890873 1.50000000 3.61109127 0.56862745 0.58823529 0.54901961
v -2.58890873 -1.50000000 3.61109127 0.56862745 0.58823529 0.54901961
v -2.50556363 1.50000000 3.54269171 0.56862745 0.58823529 0.54901961
v -2.50556363 -1.50000000 3.54269171 0.56862745 0.58823529 0.54901961
v -2.41047589 1.50000000 3.49186626 0.56862745 0.58823529 0.54901961
v -2.41047589 -1.50000000 3.49186626 0.56862745 0.58823529 0.54901961
v -2.30729968 1.50000000 3.46056810 0.56862745 0.58823529 0.54901961
v -2.30729968 -1.50000000 3.46056810 0.56862745 0.58823529 0.54901961
v -2.20000000 1.50000000 3.45000000 0.56862745 0.58823529 0.54901961
v -2.20000000 -1.50000000 3.45000000 0.56862745 0.58823529 0.54901961
v -2.09270032 1.50000000 3.46056810 0.56862745 0.58823529 0.54901961
v -2.09270032 -1.50000000 3.46056810 0.56862745 0.58823529 0.54901961
v -1.98952411 1.50000000 3.49186626 0.56862745 0.58823529 0.54901961
v -1.98952411 -1.50000000 3.49186626 0.56862745 0.58823529 0.54901961
v -1.89443637 1.50000000 3.54269171 0.56862745 0.58823529 0.54901961
v -1.89443637 -1.50000000 3.54269171 0.56862745 0.58823529 0.54901961
v -1.81109127 1.50000000 3.61109127 0.56862745 0.58823529 0.54901961
v -1.81109127 -1.50000000 3.61109127 0.56862745 0.58823529 0.54901961
v -1.74269171 1.50000000 3.69443637 0.56862745 0.58823529 0.54901961
v -1.74269171 -1.50000000 3.69443637 0.56862745 0.58823529 0.54901961
v -1.69186626 1.50000000 3.78952411 0.56862745 0.58823529 0.54901961
v -1.69186626 -1.50000000 3.78952411 0.56862745 0.58823529 0.54901961
v -1.66056810 1.50000000 3.89270032 0.56862745 0.58823529 0.54901961
v -1.66056810 -1.50000000 3.89270032 0.56862745 0.58823529 0.54901961
v -2.54636562 -0.36000000 3.90186307 0.45098039 0.56862745 0.09803922
v -3.39636562 -0.36000000 6.90186307 0.45098039 0.56862745 0.09803922
v -2.54636562 0.36000000 3.90186307 0.45098039 0.56862745 0.09803922
v -3.39636562 0.36000000 6.90186307 0.45098039 0.56862745 0.09803922
v -1.85363438 -0.36000000 4.09813693 0.45098039 0.56862745 0.09803922
v -2.70363438 -0.36000000 7.09813693 0.45098039 0.56862745 0.09803922
v -1.85363438 0.36000000 4.09813693 0.45098039 0.56862745 0.09803922
v -2.70363438 0.36000000 7.09813693 0.45098039 0.56862745 0.09803922
v -2.33686263 -0.43000000 4.02644403 0.80392157 1.00000000 0.13725490
v -3.13686263 -0.43000000 6.97644403 0.80392157 1.00000000 0.13725490
v -2.33686263 -0.25000000 4.02644403 0.80392157 1.00000000 0.13725490
v -3.13686263 -0.25000000 6.97644403 0.80392157 1.00000000 0.13725490
v -2.16313737 -0.43000000 4.07355597 0.80392157 1.00000000 0.13725490
v -2.96313737 -0.43000000 7.02355597 0.80392157 1.00000000 0.13725490
v -2.16313737 -0.25000000 4.07355597 0.80392157 1.00000000 0.13725490
v -2.96313737 -0.25000000 7.02355597 0.80392157 1.00000000 0.13725490
v -2.82915358 -0.29000000 6.81204560 0.45098039 0.56862745 0.09803922
v -4.82915358 -0.29000000 4.46204560 0.45098039 0.56862745 0.09803922
v -2.82915358 0.29000000 6.81204560 0.45098039 0.56862745 0.09803922
v -4.82915358 0.29000000 4.46204560 0.45098039 0.56862745 0.09803922
v -3.27084642 -0.29000000 7.18795440 0.45098039 0.56862745 0.09803922
v -5.27084642 -0.29000000 4.83795440 0.45098039 0.56862745 0.09803922
v -3.27084642 0.29000000 7.18795440 0.45098039 0.56862745 0.09803922
v -5.27084642 0.29000000 4.83795440 0.45098039 0.56862745 0.09803922
v -2.99020725 -0.39000000 6.84685089 0.80392157 1.00000000 0.13725490
v -4.99020725 -0.39000000 4.59685089 0.80392157 1.00000000 0.13725490
v -2.99020725 -0.23000000 6.84685089 0.80392157 1.00000000 0.13725490
v -4.99020725 -0.23000000 4.59685089 0.80392157 1.00000000 0.13725490
v -3.10979275 -0.39000000 6.95314911 0.80392157 1.00000000 0.13725490
v -5.10979275 -0.39000000 4.70314911 0.80392157 1.00000000 0.13725490
v -3.10979275 -0.23000000 6.95314911 0.80392157 1.00000000 0.13725490
v -5.10979275 -0.23000000 4.70314911 0.80392157 1.00000000 0.13725490
v -1.78619391 -0.15000000 3.98714127 0.41176471 0.45098039 0.41176471
v -2.68619391 -0.15000000 5.93714127 0.41176471 0.45098039 0.41176471
v -1.78619391 0.15000000 3.98714127 0.41176471 0.45098039 0.41176471
v -2.68619391 0.15000000 5.93714127 0.41176471 0.45098039 0.41176471
v -1.51380609 -0.15000000 4.11285873 0.41176471 0.45098039 0.41176471
v -2.41380609 -0.15000000 6.06285873 0.41176471 0.45098039 0.41176471
v -1.51380609 0.15000000 4.11285873 0.41176471 0.45098039 0.41176471
v -2.41380609 0.15000000 6.06285873 0.41176471 0.45098039 0.41176471
v -2.61002450 -0.07000000 5.96398530 0.56862745 0.58823529 0.54901961
v -3.06002450 -0.07000000 6.71398530 0.56862745 0.58823529 0.54901961
v -2.61002450 0.07000000 5.96398530 0.56862745 0.58823529 0.54901961
v -3.06002450 0.07000000 6.71398530 0.56862745 0.58823529 0.54901961
v -2.48997550 -0.07000000 6.03601470 0.56862745 0.58823529 0.54901961
v -2.93997550 -0.07000000 6.78601470 0.56862745 0.58823529 0.54901961
v -2.48997550 0.07000000 6.03601470 0.56862745 0.58823529 0.54901961
v -2.93997550 0.07000000 6.78601470 0.56862745 0.58823529 0.54901961
v -2.78107727 -0.13500000 5.58391961 0.41176471 0.45098039 0.41176471
v -4.38107727 -0.13500000 4.63391961 0.41176471 0.45098039 0.41176471
v -2.78107727 0.13500000 5.58391961 0.41176471 0.45098039 0.41176471
v -4.38107727 0.13500000 4.63391961 0.41176471 0.45098039 0.41176471
v -2.91892273 -0.13500000 5.81608039 0.41176471 0.45098039 0.41176471
v -4.51892273 -0.13500000 4.86608039 0.41176471 0.45098039 0.41176471
v -2.91892273 0.13500000 5.81608039 0.41176471 0.45098039 0.41176471
v -4.51892273 0.13500000 4.86608039 0.41176471 0.45098039 0.41176471
v -4.42585961 -0.06500000 4.68964902 0.56862745 0.58823529 0.54901961
v -4.92585961 -0.06500000 4.48964902 0.56862745 0.58823529 0.54901961
v -4.42585961 0.06500000 4.68964902 0.56862745 0.58823529 0.54901961
v -4.92585961 0.06500000 4.48964902 0.56862745 0.58823529 0.54901961
v -4.47414039 -0.06500000 4.81035098 0.56862745 0.58823529 0.54901961
v -4.97414039 -0.06500000 4.61035098 0.56862745 0.58823529 0.54901961
v -4.47414039 0.06500000 4.81035098 0.56862745 0.58823529 0.54901961
v -4.97414039 0.06500000 4.61035098 0.56862745 0.58823529 0.54901961
v -5.90740330 -1.35000000 3.37356041 0.03137255 0.04313725 0.03529412
v -6.18559365 -1.35000000 4.07005889 0.03137255 0.04313725 0.03529412
v -5.90740330 1.35000000 3.37356041 0.03137255 0.04313725 0.03529412
v -6.18559365 1.35000000 4.07005889 0.03137255 0.04313725 0.03529412
v -4.51440635 -1.35000000 3.92994111 0.03137255 0.04313725 0.03529412
v -4.79259670 -1.35000000 4.62643959 0.03137255 0.04313725 0.03529412
v -4.51440635 1.35000000 3.92994111 0.03137255 0.04313725 0.03529412
v -4.79259670 1.35000000 4.62643959 0.03137255 0.04313725 0.03529412
v -6.72213831 -1.40000000 3.23931137 0.56862745 0.58823529 0.54901961
v -6.77656718 -1.40000000 3.45247210 0.56862745 0.58823529 0.54901961
v -6.72213831 1.40000000 3.23931137 0.56862745 0.58823529 0.54901961
v -6.77656718 1.40000000 3.45247210 0.56862745 0.58823529 0.54901961
v -5.12343282 -1.40000000 3.64752790 0.56862745 0.58823529 0.54901961
v -5.17786169 -1.40000000 3.86068863 0.56862745 0.58823529 0.54901961
v -5.12343282 1.40000000 3.64752790 0.56862745 0.58823529 0.54901961
v -5.17786169 1.40000000 3.86068863 0.56862745 0.58823529 0.54901961
v -5.85929757 -1.08500000 3.47537888 0.56862745 0.58823529 0.54901961
v -6.40929757 -1.08500000 3.17537888 0.56862745 0.58823529 0.54901961
v -5.85929757 -0.91500000 3.47537888 0.56862745 0.58823529 0.54901961
v -6.40929757 -0.91500000 3.17537888 0.56862745 0.58823529 0.54901961
v -5.94070243 -1.08500000 3.62462112 0.56862745 0.58823529 0.54901961
v -6.49070243 -1.08500000 3.32462112 0.56862745 0.58823529 0.54901961
v -5.94070243 -0.91500000 3.62462112 0.56862745 0.58823529 0.54901961
v -6.49070243 -0.91500000 3.32462112 0.56862745 0.58823529 0.54901961
v -5.85929757 -0.58500000 3.47537888 0.56862745 0.58823529 0.54901961
v -6.40929757 -0.58500000 3.17537888 0.56862745 0.58823529 0.54901961
v -5.85929757 -0.41500000 3.47537888 0.56862745 0.58823529 0.54901961
v -6.40929757 -0.41500000 3.17537888 0.56862745 0.58823529 0.54901961
v -5.94070243 -0.58500000 3.62462112 0.56862745 0.58823529 0.54901961
v -6.49070243 -0.58500000 3.32462112 0.56862745 0.58823529 0.54901961
v -5.94070243 -0.41500000 3.62462112 0.56862745 0.58823529 0.54901961
v -6.49070243 -0.41500000 3.32462112 0.56862745 0.58823529 0.54901961
v -5.85929757 -0.08500000 3.47537888 0.56862745 0.58823529 0.54901961
v -6.40929757 -0.08500000 3.17537888 0.56862745 0.58823529 0.54901961
v -5.85929757 0.08500000 3.47537888 0.56862745 0.58823529 0.54901961
v -6.40929757 0.08500000 3.17537888 0.56862745 0.58823529 0.54901961
v -5.94070243 -0.08500000 3.62462112 0.56862745 0.58823529 0.54901961
v -6.49070243 -0.08500000 3.32462112 0.56862745 0.58823529 0.54901961
v -5.94070243 0.08500000 3.62462112 0.56862745 0.58823529 0.54901961
v -6.49070243 0.08500000 3.32462112 0.56862745 0.58823529 0.54901961
v -5.85929757 0.41500000 3.47537888 0.56862745 0.58823529 0.54901961
v -6.40929757 0.41500000 3.17537888 0.56862745 0.58823529 0.54901961
v -5.85929757 0.58500000 3.47537888 0.56862745 0.58823529 0.54901961
v -6.40929757 0.58500000 3.17537888 0.56862745 0.58823529 0.54901961
v -5.94070243 0.41500000 3.62462112 0.56862745 0.58823529 0.54901961
v -6.49070243 0.41500000 3.32462112 0.56862745 0.58823529 0.54901961
v -5.94070243 0.58500000 3.62462112 0.56862745 0.58823529 0.54901961
v -6.49070243 0.58500000 3.32462112 0.56862745 0.58823529 0.54901961
v -5.85929757 0.91500000 3.47537888 0.56862745 0.58823529 0.54901961
v -6.40929757 0.91500000 3.17537888 0.56862745 0.58823529 0.54901961
v -5.85929757 1.08500000 3.47537888 0.56862745 0.58823529 0.54901961
v -6.40929757 1.08500000 3.17537888 0.56862745 0.58823529 0.54901961
v -5.94070243 0.91500000 3.62462112 0.56862745 0.58823529 0.54901961
v -6.49070243 0.91500000 3.32462112 0.56862745 0.58823529 0.54901961
v -5.94070243 1.08500000 3.62462112 0.56862745 0.58823529 0.54901961
v -6.49070243 1.08500000 3.32462112 0.56862745 0.58823529 0.54901961
v 1.62373042 -1.40000000 4.14310933 0.03137255 0.04313725 0.03529412
v 1.50630396 -1.40000000 4.50451080 0.03137255 0.04313725 0.03529412
v 1.62373042 1.40000000 4.14310933 0.03137255 0.04313725 0.03529412
v 1.50630396 1.40000000 4.50451080 0.03137255 0.04313725 0.03529412
v 6.09369604 -1.40000000 5.59548920 0.03137255 0.04313725 0.03529412
v 5.97626958 -1.40000000 5.95689067 0.03137255 0.04313725 0.03529412
v 6.09369604 1.40000000 5.59548920 0.03137255 0.04313725 0.03529412
v 5.97626958 1.40000000 5.95689067 0.03137255 0.04313725 0.03529412
v 1.75308327 -1.17500000 4.53131408 0.80392157 1.00000000 0.13725490
v 1.70982089 -1.17500000 4.66446199 0.80392157 1.00000000 0.13725490
v 1.75308327 1.17500000 4.53131408 0.80392157 1.00000000 0.13725490
v 1.70982089 1.17500000 4.66446199 0.80392157 1.00000000 0.13725490
v 5.89017911 -1.17500000 5.87553801 0.80392157 1.00000000 0.13725490
v 5.84691673 -1.17500000 6.00868592 0.80392157 1.00000000 0.13725490
v 5.89017911 1.17500000 5.87553801 0.80392157 1.00000000 0.13725490
v 5.84691673 1.17500000 6.00868592 0.80392157 1.00000000 0.13725490
v 1.70000000 1.17500000 5.12000000 0.56862745 0.58823529 0.54901961
v 1.83000000 1.17500000 5.12000000 0.56862745 0.58823529 0.54901961
v 1.83000000 -1.17500000 5.12000000 0.56862745 0.58823529 0.54901961
v 1.70000000 -1.17500000 5.12000000 0.56862745 0.58823529 0.54901961
v 1.82750209 1.17500000 5.14536174 0.56862745 0.58823529 0.54901961
v 1.82750209 -1.17500000 5.14536174 0.56862745 0.58823529 0.54901961
v 1.82010434 1.17500000 5.16974885 0.56862745 0.58823529 0.54901961
v 1.82010434 -1.17500000 5.16974885 0.56862745 0.58823529 0.54901961
v 1.80809105 1.17500000 5.19222413 0.56862745 0.58823529 0.54901961
v 1.80809105 -1.17500000 5.19222413 0.56862745 0.58823529 0.54901961
v 1.79192388 1.17500000 5.21192388 0.56862745 0.58823529 0.54901961
v 1.79192388 -1.17500000 5.21192388 0.56862745 0.58823529 0.54901961
v 1.77222413 1.17500000 5.22809105 0.56862745 0.58823529 0.54901961
v 1.77222413 -1.17500000 5.22809105 0.56862745 0.58823529 0.54901961
v 1.74974885 1.17500000 5.24010434 0.56862745 0.58823529 0.54901961
v 1.74974885 -1.17500000 5.24010434 0.56862745 0.58823529 0.54901961
v 1.72536174 1.17500000 5.24750209 0.56862745 0.58823529 0.54901961
v 1.72536174 -1.17500000 5.24750209 0.56862745 0.58823529 0.54901961
v 1.70000000 1.17500000 5.25000000 0.56862745 0.58823529 0.54901961
v 1.70000000 -1.17500000 5.25000000 0.56862745 0.58823529 0.54901961
v 1.67463826 1.17500000 5.24750209 0.56862745 0.58823529 0.54901961
v 1.67463826 -1.17500000 5.24750209 0.56862745 0.58823529 0.54901961
v 1.65025115 1.17500000 5.24010434 0.56862745 0.58823529 0.54901961
v 1.65025115 -1.17500000 5.24010434 0.56862745 0.58823529 0.54901961
v 1.62777587 1.17500000 5.22809105 0.56862745 0.58823529 0.54901961
v 1.62777587 -1.17500000 5.22809105 0.56862745 0.58823529 0.54901961
v 1.60807612 1.17500000 5.21192388 0.56862745 0.58823529 0.54901961
v 1.60807612 -1.17500000 5.21192388 0.56862745 0.58823529 0.54901961
v 1.59190895 1.17500000 5.19222413 0.56862745 0.58823529 0.54901961
v 1.59190895 -1.17500000 5.19222413 0.56862745 0.58823529 0.54901961
v 1.57989566 1.17500000 5.16974885 0.56862745 0.58823529 0.54901961
v 1.57989566 -1.17500000 5.16974885 0.56862745 0.58823529 0.54901961
v 1.57249791 1.17500000 5.14536174 0.56862745 0.58823529 0.54901961
v 1.57249791 -1.17500000 5.14536174 0.56862745 0.58823529 0.54901961
v 1.57000000 1.17500000 5.12000000 0.56862745 0.58823529 0.54901961
v 1.57000000 -1.17500000 5.12000000 0.56862745 0.58823529 0.54901961
v 1.57249791 1.17500000 5.09463826 0.56862745 0.58823529 0.54901961
v 1.57249791 -1.17500000 5.09463826 0.56862745 0.58823529 0.54901961
v 1.57989566 1.17500000 5.07025115 0.56862745 0.58823529 0.54901961
v 1.57989566 -1.17500000 5.07025115 0.56862745 0.58823529 0.54901961
v 1.59190895 1.17500000 5.04777587 0.56862745 0.58823529 0.54901961
v 1.59190895 -1.17500000 5.04777587 0.56862745 0.58823529 0.54901961
v 1.60807612 1.17500000 5.02807612 0.56862745 0.58823529 0.54901961
v 1.60807612 -1.17500000 5.02807612 0.56862745 0.58823529 0.54901961
v 1.62777587 1.17500000 5.01190895 0.56862745 0.58823529 0.54901961
v 1.62777587 -1.17500000 5.01190895 0.56862745 0.58823529 0.54901961
v 1.65025115 1.17500000 4.99989566 0.56862745 0.58823529 0.54901961
v 1.65025115 -1.17500000 4.99989566 0.56862745 0.58823529 0.54901961
v 1.67463826 1.17500000 4.99249791 0.56862745 0.58823529 0.54901961
v 1.67463826 -1.17500000 4.99249791 0.56862745 0.58823529 0.54901961
v 1.70000000 1.17500000 4.99000000 0.56862745 0.58823529 0.54901961
v 1.70000000 -1.17500000 4.99000000 0.56862745 0.58823529 0.54901961
v 1.72536174 1.17500000 4.99249791 0.56862745 0.58823529 0.54901961
v 1.72536174 -1.17500000 4.99249791 0.56862745 0.58823529 0.54901961
v 1.74974885 1.17500000 4.99989566 0.56862745 0.58823529 0.54901961
v 1.74974885 -1.17500000 4.99989566 0.56862745 0.58823529 0.54901961
v 1.77222413 1.17500000 5.01190895 0.56862745 0.58823529 0.54901961
v 1.77222413 -1.17500000 5.01190895 0.56862745 0.58823529 0.54901961
v 1.79192388 1.17500000 5.02807612 0.56862745 0.58823529 0.54901961
v 1.79192388 -1.17500000 5.02807612 0.56862745 0.58823529 0.54901961
v 1.80809105 1.17500000 5.04777587 0.56862745 0.58823529 0.54901961
v 1.80809105 -1.17500000 5.04777587 0.56862745 0.58823529 0.54901961
v 1.82010434 1.17500000 5.07025115 0.56862745 0.58823529 0.54901961
v 1.82010434 -1.17500000 5.07025115 0.56862745 0.58823529 0.54901961
v 1.82750209 1.17500000 5.09463826 0.56862745 0.58823529 0.54901961
v 1.82750209 -1.17500000 5.09463826 0.56862745 0.58823529 0.54901961
v 2.30000000 1.17500000 5.10000000 0.56862745 0.58823529 0.54901961
v 2.43000000 1.17500000 5.10000000 0.56862745 0.58823529 0.54901961
v 2.43000000 -1.17500000 5.10000000 0.56862745 0.58823529 0.54901961
v 2.30000000 -1.17500000 5.10000000 0.56862745 0.58823529 0.54901961
v 2.42750209 1.17500000 5.12536174 0.56862745 0.58823529 0.54901961
v 2.42750209 -1.17500000 5.12536174 0.56862745 0.58823529 0.54901961
v 2.42010434 1.17500000 5.14974885 0.56862745 0.58823529 0.54901961
v 2.42010434 -1.17500000 5.14974885 0.56862745 0.58823529 0.54901961
v 2.40809105 1.17500000 5.17222413 0.56862745 0.58823529 0.54901961
v 2.40809105 -1.17500000 5.17222413 0.56862745 0.58823529 0.54901961
v 2.39192388 1.17500000 5.19192388 0.56862745 0.58823529 0.54901961
v 2.39192388 -1.17500000 5.19192388 0.56862745 0.58823529 0.54901961
v 2.37222413 1.17500000 5.20809105 0.56862745 0.58823529 0.54901961
v 2.37222413 -1.17500000 5.20809105 0.56862745 0.58823529 0.54901961
v 2.34974885 1.17500000 5.22010434 0.56862745 0.58823529 0.54901961
v 2.34974885 -1.17500000 5.22010434 0.56862745 0.58823529 0.54901961
v 2.32536174 1.17500000 5.22750209 0.56862745 0.58823529 0.54901961
v 2.32536174 -1.17500000 5.22750209 0.56862745 0.58823529 0.54901961
v 2.30000000 1.17500000 5.23000000 0.56862745 0.58823529 0.54901961
v 2.30000000 -1.17500000 5.23000000 0.56862745 0.58823529 0.54901961
v 2.27463826 1.17500000 5.22750209 0.56862745 0.58823529 0.54901961
v 2.27463826 -1.17500000 5.22750209 0.56862745 0.58823529 0.54901961
v 2.25025115 1.17500000 5.22010434 0.56862745 0.58823529 0.54901961
v 2.25025115 -1.17500000 5.22010434 0.56862745 0.58823529 0.54901961
v 2.22777587 1.17500000 5.20809105 0.56862745 0.58823529 0.54901961
v 2.22777587 -1.17500000 5.20809105 0.56862745 0.58823529 0.54901961
v 2.20807612 1.17500000 5.19192388 0.56862745 0.58823529 0.54901961
v 2.20807612 -1.17500000 5.19192388 0.56862745 0.58823529 0.54901961
v 2.19190895 1.17500000 5.17222413 0.56862745 0.58823529 0.54901961
v 2.19190895 -1.17500000 5.17222413 0.56862745 0.58823529 0.54901961
v 2.17989566 1.17500000 5.14974885 0.56862745 0.58823529 0.54901961
v 2.17989566 -1.17500000 5.14974885 0.56862745 0.58823529 0.54901961
v 2.17249791 1.17500000 5.12536174 0.56862745 0.58823529 0.54901961
v 2.17249791 -1.17500000 5.12536174 0.56862745 0.58823529 0.54901961
v 2.17000000 1.17500000 5.10000000 0.56862745 0.58823529 0.54901961
v 2.17000000 -1.17500000 5.10000000 0.56862745 0.58823529 0.54901961
v 2.17249791 1.17500000 5.07463826 0.56862745 0.58823529 0.54901961
v 2.17249791 -1.17500000 5.07463826 0.56862745 0.58823529 0.54901961
v 2.17989566 1.17500000 5.05025115 0.56862745 0.58823529 0.54901961
v 2.17989566 -1.17500000 5.05025115 0.56862745 0.58823529 0.54901961
v 2.19190895 1.17500000 5.02777587 0.56862745 0.58823529 0.54901961
v 2.19190895 -1.17500000 5.02777587 0.56862745 0.58823529 0.54901961
v 2.20807612 1.17500000 5.00807612 0.56862745 0.58823529 0.54901961
v 2.20807612 -1.17500000 5.00807612 0.56862745 0.58823529 0.54901961
v 2.22777587 1.17500000 4.99190895 0.56862745 0.58823529 0.54901961
v 2.22777587 -1.17500000 4.99190895 0.56862745 0.58823529 0.54901961
v 2.25025115 1.17500000 4.97989566 0.56862745 0.58823529 0.54901961
v 2.25025115 -1.17500000 4.97989566 0.56862745 0.58823529 0.54901961
v 2.27463826 1.17500000 4.97249791 0.56862745 0.58823529 0.54901961
v 2.27463826 -1.17500000 4.97249791 0.56862745 0.58823529 0.54901961
v 2.30000000 1.17500000 4.97000000 0.56862745 0.58823529 0.54901961
v 2.30000000 -1.17500000 4.97000000 0.56862745 0.58823529 0.54901961
v 2.32536174 1.17500000 4.97249791 0.56862745 0.58823529 0.54901961
v 2.32536174 -1.17500000 4.97249791 0.56862745 0.58823529 0.54901961
v 2.34974885 1.17500000 4.97989566 0.56862745 0.58823529 0.54901961
v 2.34974885 -1.17500000 4.97989566 0.56862745 0.58823529 0.54901961
v 2.37222413 1.17500000 4.99190895 0.56862745 0.58823529 0.54901961
v 2.37222413 -1.17500000 4.99190895 0.56862745 0.58823529 0.54901961
v 2.39192388 1.17500000 5.00807612 0.56862745 0.58823529 0.54901961
v 2.39192388 -1.17500000 5.00807612 0.56862745 0.58823529 0.54901961
v 2.40809105 1.17500000 5.02777587 0.56862745 0.58823529 0.54901961
v 2.40809105 -1.17500000 5.02777587 0.56862745 0.58823529 0.54901961
v 2.42010434 1.17500000 5.05025115 0.56862745 0.58823529 0.54901961
v 2.42010434 -1.17500000 5.05025115 0.56862745 0.58823529 0.54901961
v 2.42750209 1.17500000 5.07463826 0.56862745 0.58823529 0.54901961
v 2.42750209 -1.17500000 5.07463826 0.56862745 0.58823529 0.54901961
v 2.90000000 1.17500000 5.08000000 0.56862745 0.58823529 0.54901961
v 3.03000000 1.17500000 5.08000000 0.56862745 0.58823529 0.54901961
v 3.03000000 -1.17500000 5.08000000 0.56862745 0.58823529 0.54901961
v 2.90000000 -1.17500000 5.08000000 0.56862745 0.58823529 0.54901961
v 3.02750209 1.17500000 5.10536174 0.56862745 0.58823529 0.54901961
v 3.02750209 -1.17500000 5.10536174 0.56862745 0.58823529 0.54901961
v 3.02010434 1.17500000 5.12974885 0.56862745 0.58823529 0.54901961
v 3.02010434 -1.17500000 5.12974885 0.56862745 0.58823529 0.54901961
v 3.00809105 1.17500000 5.15222413 0.56862745 0.58823529 0.54901961
v 3.00809105 -1.17500000 5.15222413 0.56862745 0.58823529 0.54901961
v 2.99192388 1.17500000 5.17192388 0.56862745 0.58823529 0.54901961
v 2.99192388 -1.17500000 5.17192388 0.56862745 0.58823529 0.54901961
v 2.97222413 1.17500000 5.18809105 0.56862745 0.58823529 0.54901961
v 2.97222413 -1.17500000 5.18809105 0.56862745 0.58823529 0.54901961
v 2.94974885 1.17500000 5.20010434 0.56862745 0.58823529 0.54901961
v 2.94974885 -1.17500000 5.20010434 0.56862745 0.58823529 0.54901961
v 2.92536174 1.17500000 5.20750209 0.56862745 0.58823529 0.54901961
v 2.92536174 -1.17500000 5.20750209 0.56862745 0.58823529 0.54901961
v 2.90000000 1.17500000 5.21000000 0.56862745 0.58823529 0.54901961
v 2.90000000 -1.17500000 5.21000000 0.56862745 0.58823529 0.54901961
v 2.87463826 1.17500000 5.20750209 0.56862745 0.58823529 0.54901961
v 2.87463826 -1.17500000 5.20750209 0.56862745 0.58823529 0.54901961
v 2.85025115 1.17500000 5.20010434 0.56862745 0.58823529 0.54901961
v 2.85025115 -1.17500000 5.20010434 0.56862745 0.58823529 0.54901961
v 2.82777587 1.17500000 5.18809105 0.56862745 0.58823529 0.54901961
v 2.82777587 -1.17500000 5.18809105 0.56862745 0.58823529 0.54901961
v 2.80807612 1.17500000 5.17192388 0.56862745 0.58823529 0.54901961
v 2.80807612 -1.17500000 5.17192388 0.56862745 0.58823529 0.54901961
v 2.79190895 1.17500000 5.15222413 0.56862745 0.58823529 0.54901961
v 2.79190895 -1.17500000 5.15222413 0.56862745 0.58823529 0.54901961
v 2.77989566 1.17500000 5.12974885 0.56862745 0.58823529 0.54901961
v 2.77989566 -1.17500000 5.12974885 0.56862745 0.58823529 0.54901961
v 2.77249791 1.17500000 5.10536174 0.56862745 0.58823529 0.54901961
v 2.77249791 -1.17500000 5.10536174 0.56862745 0.58823529 0.54901961
v 2.77000000 1.17500000 5.08000000 0.56862745 0.58823529 0.54901961
v 2.77000000 -1.17500000 5.08000000 0.56862745 0.58823529 0.54901961
v 2.77249791 1.17500000 5.05463826 0.56862745 0.58823529 0.54901961
v 2.77249791 -1.17500000 5.05463826 0.56862745 0.58823529 0.54901961
v 2.77989566 1.17500000 5.03025115 0.56862745 0.58823529 0.54901961
v 2.77989566 -1.17500000 5.03025115 0.56862745 0.58823529 0.54901961
v 2.79190895 1.17500000 5.00777587 0.56862745 0.58823529 0.54901961
v 2.79190895 -1.17500000 5.00777587 0.56862745 0.58823529 0.54901961
v 2.80807612 1.17500000 4.98807612 0.56862745 0.58823529 0.54901961
v 2.80807612 -1.17500000 4.98807612 0.56862745 0.58823529 0.54901961
v 2.82777587 1.17500000 4.97190895 0.56862745 0.58823529 0.54901961
v 2.82777587 -1.17500000 4.97190895 0.56862745 0.58823529 0.54901961
v 2.85025115 1.17500000 4.95989566 0.56862745 0.58823529 0.54901961
v 2.85025115 -1.17500000 4.95989566 0.56862745 0.58823529 0.54901961
v 2.87463826 1.17500000 4.95249791 0.56862745 0.58823529 0.54901961
v 2.87463826 -1.17500000 4.95249791 0.56862745 0.58823529 0.54901961
v 2.90000000 1.17500000 4.95000000 0.56862745 0.58823529 0.54901961
v 2.90000000 -1.17500000 4.95000000 0.56862745 0.58823529 0.54901961
v 2.92536174 1.17500000 4.95249791 0.56862745 0.58823529 0.54901961
v 2.92536174 -1.17500000 4.95249791 0.56862745 0.58823529 0.54901961
v 2.94974885 1.17500000 4.95989566 0.56862745 0.58823529 0.54901961
v 2.94974885 -1.17500000 4.95989566 0.56862745 0.58823529 0.54901961
v 2.97222413 1.17500000 4.97190895 0.56862745 0.58823529 0.54901961
v 2.97222413 -1.17500000 4.97190895 0.56862745 0.58823529 0.54901961
v 2.99192388 1.17500000 4.98807612 0.56862745 0.58823529 0.54901961
v 2.99192388 -1.17500000 4.98807612 0.56862745 0.58823529 0.54901961
v 3.00809105 1.17500000 5.00777587 0.56862745 0.58823529 0.54901961
v 3.00809105 -1.17500000 5.00777587 0.56862745 0.58823529 0.54901961
v 3.02010434 1.17500000 5.03025115 0.56862745 0.58823529 0.54901961
v 3.02010434 -1.17500000 5.03025115 0.56862745 0.58823529 0.54901961
v 3.02750209 1.17500000 5.05463826 0.56862745 0.58823529 0.54901961
v 3.02750209 -1.17500000 5.05463826 0.56862745 0.58823529 0.54901961
v 3.50000000 1.17500000 5.06000000 0.56862745 0.58823529 0.54901961
v 3.63000000 1.17500000 5.06000000 0.56862745 0.58823529 0.54901961
v 3.63000000 -1.17500000 5.06000000 0.56862745 0.58823529 0.54901961
v 3.50000000 -1.17500000 5.06000000 0.56862745 0.58823529 0.54901961
v 3.62750209 1.17500000 5.08536174 0.56862745 0.58823529 0.54901961
v 3.62750209 -1.17500000 5.08536174 0.56862745 0.58823529 0.54901961
v 3.62010434 1.17500000 5.10974885 0.56862745 0.58823529 0.54901961
v 3.62010434 -1.17500000 5.10974885 0.56862745 0.58823529 0.54901961
v 3.60809105 1.17500000 5.13222413 0.56862745 0.58823529 0.54901961
v 3.60809105 -1.17500000 5.13222413 0.56862745 0.58823529 0.54901961
v 3.59192388 1.17500000 5.15192388 0.56862745 0.58823529 0.54901961
v 3.59192388 -1.17500000 5.15192388 0.56862745 0.58823529 0.54901961
v 3.57222413 1.17500000 5.16809105 0.56862745 0.58823529 0.54901961
v 3.57222413 -1.17500000 5.16809105 0.56862745 0.58823529 0.54901961
v 3.54974885 1.17500000 5.18010434 0.56862745 0.58823529 0.54901961
v 3.54974885 -1.17500000 5.18010434 0.56862745 0.58823529 0.54901961
v 3.52536174 1.17500000 5.18750209 0.56862745 0.58823529 0.54901961
v 3.52536174 -1.17500000 5.18750209 0.56862745 0.58823529 0.54901961
v 3.50000000 1.17500000 5.19000000 0.56862745 0.58823529 0.54901961
v 3.50000000 -1.17500000 5.19000000 0.56862745 0.58823529 0.54901961
v 3.47463826 1.17500000 5.18750209 0.56862745 0.58823529 0.54901961
v 3.47463826 -1.17500000 5.18750209 0.56862745 0.58823529 0.54901961
v 3.45025115 1.17500000 5.18010434 0.56862745 0.58823529 0.54901961
v 3.45025115 -1.17500000 5.18010434 0.56862745 0.58823529 0.54901961
v 3.42777587 1.17500000 5.16809105 0.56862745 0.58823529 0.54901961
v 3.42777587 -1.17500000 5.16809105 0.56862745 0.58823529 0.54901961
v 3.40807612 1.17500000 5.15192388 0.56862745 0.58823529 0.54901961
v 3.40807612 -1.17500000 5.15192388 0.56862745 0.58823529 0.54901961
v 3.39190895 1.17500000 5.13222413 0.56862745 0.58823529 0.54901961
v 3.39190895 -1.17500000 5.13222413 0.56862745 0.58823529 0.54901961
v 3.37989566 1.17500000 5.10974885 0.56862745 0.58823529 0.54901961
v 3.37989566 -1.17500000 5.10974885 0.56862745 0.58823529 0.54901961
v 3.37249791 1.17500000 5.08536174 0.56862745 0.58823529 0.54901961
v 3.37249791 -1.17500000 5.08536174 0.56862745 0.58823529 0.54901961
v 3.37000000 1.17500000 5.06000000 0.56862745 0.58823529 0.54901961
v 3.37000000 -1.17500000 5.06000000 0.56862745 0.58823529 0.54901961
v 3.37249791 1.17500000 5.03463826 0.56862745 0.58823529 0.54901961
v 3.37249791 -1.17500000 5.03463826 0.56862745 0.58823529 0.54901961
v 3.37989566 1.17500000 5.01025115 0.56862745 0.58823529 0.54901961
v 3.37989566 -1.17500000 5.01025115 0.56862745 0.58823529 0.54901961
v 3.39190895 1.17500000 4.98777587 0.56862745 0.58823529 0.54901961
v 3.39190895 -1.17500000 4.98777587 0.56862745 0.58823529 0.54901961
v 3.40807612 1.17500000 4.96807612 0.56862745 0.58823529 0.54901961
v 3.40807612 -1.17500000 4.96807612 0.56862745 0.58823529 0.54901961
v 3.42777587 1.17500000 4.95190895 0.56862745 0.58823529 0.54901961
v 3.42777587 -1.17500000 4.95190895 0.56862745 0.58823529 0.54901961
v 3.45025115 1.17500000 4.93989566 0.56862745 0.58823529 0.54901961
v 3.45025115 -1.17500000 4.93989566 0.56862745 0.58823529 0.54901961
v 3.47463826 1.17500000 4.93249791 0.56862745 0.58823529 0.54901961
v 3.47463826 -1.17500000 4.93249791 0.56862745 0.58823529 0.54901961
v 3.50000000 1.17500000 4.93000000 0.56862745 0.58823529 0.54901961
v 3.50000000 -1.17500000 4.93000000 0.56862745 0.58823529 0.54901961
v 3.52536174 1.17500000 4.93249791 0.56862745 0.58823529 0.54901961
v 3.52536174 -1.17500000 4.93249791 0.56862745 0.58823529 0.54901961
v 3.54974885 1.17500000 4.93989566 0.56862745 0.58823529 0.54901961
v 3.54974885 -1.17500000 4.93989566 0.56862745 0.58823529 0.54901961
v 3.57222413 1.17500000 4.95190895 0.56862745 0.58823529 0.54901961
v 3.57222413 -1.17500000 4.95190895 0.56862745 0.58823529 0.54901961
v 3.59192388 1.17500000 4.96807612 0.56862745 0.58823529 0.54901961
v 3.59192388 -1.17500000 4.96807612 0.56862745 0.58823529 0.54901961
v 3.60809105 1.17500000 4.98777587 0.56862745 0.58823529 0.54901961
v 3.60809105 -1.17500000 4.98777587 0.56862745 0.58823529 0.54901961
v 3.62010434 1.17500000 5.01025115 0.56862745 0.58823529 0.54901961
v 3.62010434 -1.17500000 5.01025115 0.56862745 0.58823529 0.54901961
v 3.62750209 1.17500000 5.03463826 0.56862745 0.58823529 0.54901961
v 3.62750209 -1.17500000 5.03463826 0.56862745 0.58823529 0.54901961
v 4.10000000 1.17500000 5.04000000 0.56862745 0.58823529 0.54901961
v 4.23000000 1.17500000 5.04000000 0.56862745 0.58823529 0.54901961
v 4.23000000 -1.17500000 5.04000000 0.56862745 0.58823529 0.54901961
v 4.10000000 -1.17500000 5.04000000 0.56862745 0.58823529 0.54901961
v 4.22750209 1.17500000 5.06536174 0.56862745 0.58823529 0.54901961
v 4.22750209 -1.17500000 5.06536174 0.56862745 0.58823529 0.54901961
v 4.22010434 1.17500000 5.08974885 0.56862745 0.58823529 0.54901961
v 4.22010434 -1.17500000 5.08974885 0.56862745 0.58823529 0.54901961
v 4.20809105 1.17500000 5.11222413 0.56862745 0.58823529 0.54901961
v 4.20809105 -1.17500000 5.11222413 0.56862745 0.58823529 0.54901961
v 4.19192388 1.17500000 5.13192388 0.56862745 0.58823529 0.54901961
v 4.19192388 -1.17500000 5.13192388 0.56862745 0.58823529 0.54901961
v 4.17222413 1.17500000 5.14809105 0.56862745 0.58823529 0.54901961
v 4.17222413 -1.17500000 5.14809105 0.56862745 0.58823529 0.54901961
v 4.14974885 1.17500000 5.16010434 0.56862745 0.58823529 0.54901961
v 4.14974885 -1.17500000 5.16010434 0.56862745 0.58823529 0.54901961
v 4.12536174 1.17500000 5.16750209 0.56862745 0.58823529 0.54901961
v 4.12536174 -1.17500000 5.16750209 0.56862745 0.58823529 0.54901961
v 4.10000000 1.17500000 5.17000000 0.56862745 0.58823529 0.54901961
v 4.10000000 -1.17500000 5.17000000 0.56862745 0.58823529 0.54901961
v 4.07463826 1.17500000 5.16750209 0.56862745 0.58823529 0.54901961
v 4.07463826 -1.17500000 5.16750209 0.56862745 0.58823529 0.54901961
v 4.05025115 1.17500000 5.16010434 0.56862745 0.58823529 0.54901961
v 4.05025115 -1.17500000 5.16010434 0.56862745 0.58823529 0.54901961
v 4.02777587 1.17500000 5.14809105 0.56862745 0.58823529 0.54901961
v 4.02777587 -1.17500000 5.14809105 0.56862745 0.58823529 0.54901961
v 4.00807612 1.17500000 5.13192388 0.56862745 0.58823529 0.54901961
v 4.00807612 -1.17500000 5.13192388 0.56862745 0.58823529 0.54901961
v 3.99190895 1.17500000 5.11222413 0.56862745 0.58823529 0.54901961
v 3.99190895 -1.17500000 5.11222413 0.56862745 0.58823529 0.54901961
v 3.97989566 1.17500000 5.08974885 0.56862745 0.58823529 0.54901961
v 3.97989566 -1.17500000 5.08974885 0.56862745 0.58823529 0.54901961
v 3.97249791 1.17500000 5.06536174 0.56862745 0.58823529 0.54901961
v 3.97249791 -1.17500000 5.06536174 0.56862745 0.58823529 0.54901961
v 3.97000000 1.17500000 5.04000000 0.56862745 0.58823529 0.54901961
v 3.97000000 -1.17500000 5.04000000 0.56862745 0.58823529 0.54901961
v 3.97249791 1.17500000 5.01463826 0.56862745 0.58823529 0.54901961
v 3.97249791 -1.17500000 5.01463826 0.56862745 0.58823529 0.54901961
v 3.97989566 1.17500000 4.99025115 0.56862745 0.58823529 0.54901961
v 3.97989566 -1.17500000 4.99025115 0.56862745 0.58823529 0.54901961
v 3.99190895 1.17500000 4.96777587 0.56862745 0.58823529 0.54901961
v 3.99190895 -1.17500000 4.96777587 0.56862745 0.58823529 0.54901961
v 4.00807612 1.17500000 4.94807612 0.56862745 0.58823529 0.54901961
v 4.00807612 -1.17500000 4.94807612 0.56862745 0.58823529 0.54901961
v 4.02777587 1.17500000 4.93190895 0.56862745 0.58823529 0.54901961
v 4.02777587 -1.17500000 4.93190895 0.56862745 0.58823529 0.54901961
v 4.05025115 1.17500000 4.91989566 0.56862745 0.58823529 0.54901961
v 4.05025115 -1.17500000 4.91989566 0.56862745 0.58823529 0.54901961
v 4.07463826 1.17500000 4.91249791 0.56862745 0.58823529 0.54901961
v 4.07463826 -1.17500000 4.91249791 0.56862745 0.58823529 0.54901961
v 4.10000000 1.17500000 4.91000000 0.56862745 0.58823529 0.54901961
v 4.10000000 -1.17500000 4.91000000 0.56862745 0.58823529 0.54901961
v 4.12536174 1.17500000 4.91249791 0.56862745 0.58823529 0.54901961
v 4.12536174 -1.17500000 4.91249791 0.56862745 0.58823529 0.54901961
v 4.14974885 1.17500000 4.91989566 0.56862745 0.58823529 0.54901961
v 4.14974885 -1.17500000 4.91989566 0.56862745 0.58823529 0.54901961
v 4.17222413 1.17500000 4.93190895 0.56862745 0.58823529 0.54901961
v 4.17222413 -1.17500000 4.93190895 0.56862745 0.58823529 0.54901961
v 4.19192388 1.17500000 4.94807612 0.56862745 0.58823529 0.54901961
v 4.19192388 -1.17500000 4.94807612 0.56862745 0.58823529 0.54901961
v 4.20809105 1.17500000 4.96777587 0.56862745 0.58823529 0.54901961
v 4.20809105 -1.17500000 4.96777587 0.56862745 0.58823529 0.54901961
v 4.22010434 1.17500000 4.99025115 0.56862745 0.58823529 0.54901961
v 4.22010434 -1.17500000 4.99025115 0.56862745 0.58823529 0.54901961
v 4.22750209 1.17500000 5.01463826 0.56862745 0.58823529 0.54901961
v 4.22750209 -1.17500000 5.01463826 0.56862745 0.58823529 0.54901961
v 4.70000000 1.17500000 5.02000000 0.56862745 0.58823529 0.54901961
v 4.83000000 1.17500000 5.02000000 0.56862745 0.58823529 0.54901961
v 4.83000000 -1.17500000 5.02000000 0.56862745 0.58823529 0.54901961
v 4.70000000 -1.17500000 5.02000000 0.56862745 0.58823529 0.54901961
v 4.82750209 1.17500000 5.04536174 0.56862745 0.58823529 0.54901961
v 4.82750209 -1.17500000 5.04536174 0.56862745 0.58823529 0.54901961
v 4.82010434 1.17500000 5.06974885 0.56862745 0.58823529 0.54901961
v 4.82010434 -1.17500000 5.06974885 0.56862745 0.58823529 0.54901961
v 4.80809105 1.17500000 5.09222413 0.56862745 0.58823529 0.54901961
v 4.80809105 -1.17500000 5.09222413 0.56862745 0.58823529 0.54901961
v 4.79192388 1.17500000 5.11192388 0.56862745 0.58823529 0.54901961
v 4.79192388 -1.17500000 5.11192388 0.56862745 0.58823529 0.54901961
v 4.77222413 1.17500000 5.12809105 0.56862745 0.58823529 0.54901961
v 4.77222413 -1.17500000 5.12809105 0.56862745 0.58823529 0.54901961
v 4.74974885 1.17500000 5.14010434 0.56862745 0.58823529 0.54901961
v 4.74974885 -1.17500000 5.14010434 0.56862745 0.58823529 0.54901961
v 4.72536174 1.17500000 5.14750209 0.56862745 0.58823529 0.54901961
v 4.72536174 -1.17500000 5.14750209 0.56862745 0.58823529 0.54901961
v 4.70000000 1.17500000 5.15000000 0.56862745 0.58823529 0.54901961
v 4.70000000 -1.17500000 5.15000000 0.56862745 0.58823529 0.54901961
v 4.67463826 1.17500000 5.14750209 0.56862745 0.58823529 0.54901961
v 4.67463826 -1.17500000 5.14750209 0.56862745 0.58823529 0.54901961
v 4.65025115 1.17500000 5.14010434 0.56862745 0.58823529 0.54901961
v 4.65025115 -1.17500000 5.14010434 0.56862745 0.58823529 0.54901961
v 4.62777587 1.17500000 5.12809105 0.56862745 0.58823529 0.54901961
v 4.62777587 -1.17500000 5.12809105 0.56862745 0.58823529 0.54901961
v 4.60807612 1.17500000 5.11192388 0.56862745 0.58823529 0.54901961
v 4.60807612 -1.17500000 5.11192388 0.56862745 0.58823529 0.54901961
v 4.59190895 1.17500000 5.09222413 0.56862745 0.58823529 0.54901961
v 4.59190895 -1.17500000 5.09222413 0.56862745 0.58823529 0.54901961
v 4.57989566 1.17500000 5.06974885 0.56862745 0.58823529 0.54901961
v 4.57989566 -1.17500000 5.06974885 0.56862745 0.58823529 0.54901961
v 4.57249791 1.17500000 5.04536174 0.56862745 0.58823529 0.54901961
v 4.57249791 -1.17500000 5.04536174 0.56862745 0.58823529 0.54901961
v 4.57000000 1.17500000 5.02000000 0.56862745 0.58823529 0.54901961
v 4.57000000 -1.17500000 5.02000000 0.56862745 0.58823529 0.54901961
v 4.57249791 1.17500000 4.99463826 0.56862745 0.58823529 0.54901961
v 4.57249791 -1.17500000 4.99463826 0.56862745 0.58823529 0.54901961
v 4.57989566 1.17500000 4.97025115 0.56862745 0.58823529 0.54901961
v 4.57989566 -1.17500000 4.97025115 0.56862745 0.58823529 0.54901961
v 4.59190895 1.17500000 4.94777587 0.56862745 0.58823529 0.54901961
v 4.59190895 -1.17500000 4.94777587 0.56862745 0.58823529 0.54901961
v 4.60807612 1.17500000 4.92807612 0.56862745 0.58823529 0.54901961
v 4.60807612 -1.17500000 4.92807612 0.56862745 0.58823529 0.54901961
v 4.62777587 1.17500000 4.91190895 0.56862745 0.58823529 0.54901961
v 4.62777587 -1.17500000 4.91190895 0.56862745 0.58823529 0.54901961
v 4.65025115 1.17500000 4.89989566 0.56862745 0.58823529 0.54901961
v 4.65025115 -1.17500000 4.89989566 0.56862745 0.58823529 0.54901961
v 4.67463826 1.17500000 4.89249791 0.56862745 0.58823529 0.54901961
v 4.67463826 -1.17500000 4.89249791 0.56862745 0.58823529 0.54901961
v 4.70000000 1.17500000 4.89000000 0.56862745 0.58823529 0.54901961
v 4.70000000 -1.17500000 4.89000000 0.56862745 0.58823529 0.54901961
v 4.72536174 1.17500000 4.89249791 0.56862745 0.58823529 0.54901961
v 4.72536174 -1.17500000 4.89249791 0.56862745 0.58823529 0.54901961
v 4.74974885 1.17500000 4.89989566 0.56862745 0.58823529 0.54901961
v 4.74974885 -1.17500000 4.89989566 0.56862745 0.58823529 0.54901961
v 4.77222413 1.17500000 4.91190895 0.56862745 0.58823529 0.54901961
v 4.77222413 -1.17500000 4.91190895 0.56862745 0.58823529 0.54901961
v 4.79192388 1.17500000 4.92807612 0.56862745 0.58823529 0.54901961
v 4.79192388 -1.17500000 4.92807612 0.56862745 0.58823529 0.54901961
v 4.80809105 1.17500000 4.94777587 0.56862745 0.58823529 0.54901961
v 4.80809105 -1.17500000 4.94777587 0.56862745 0.58823529 0.54901961
v 4.82010434 1.17500000 4.97025115 0.56862745 0.58823529 0.54901961
v 4.82010434 -1.17500000 4.97025115 0.56862745 0.58823529 0.54901961
v 4.82750209 1.17500000 4.99463826 0.56862745 0.58823529 0.54901961
v 4.82750209 -1.17500000 4.99463826 0.56862745 0.58823529 0.54901961
v 5.30000000 1.17500000 5.00000000 0.56862745 0.58823529 0.54901961
v 5.43000000 1.17500000 5.00000000 0.56862745 0.58823529 0.54901961
v 5.43000000 -1.17500000 5.00000000 0.56862745 0.58823529 0.54901961
v 5.30000000 -1.17500000 5.00000000 0.56862745 0.58823529 0.54901961
v 5.42750209 1.17500000 5.02536174 0.56862745 0.58823529 0.54901961
v 5.42750209 -1.17500000 5.02536174 0.56862745 0.58823529 0.54901961
v 5.42010434 1.17500000 5.04974885 0.56862745 0.58823529 0.54901961
v 5.42010434 -1.17500000 5.04974885 0.56862745 0.58823529 0.54901961
v 5.40809105 1.17500000 5.07222413 0.56862745 0.58823529 0.54901961
v 5.40809105 -1.17500000 5.07222413 0.56862745 0.58823529 0.54901961
v 5.39192388 1.17500000 5.09192388 0.56862745 0.58823529 0.54901961
v 5.39192388 -1.17500000 5.09192388 0.56862745 0.58823529 0.54901961
v 5.37222413 1.17500000 5.10809105 0.56862745 0.58823529 0.54901961
v 5.37222413 -1.17500000 5.10809105 0.56862745 0.58823529 0.54901961
v 5.34974885 1.17500000 5.12010434 0.56862745 0.58823529 0.54901961
v 5.34974885 -1.17500000 5.12010434 0.56862745 0.58823529 0.54901961
v 5.32536174 1.17500000 5.12750209 0.56862745 0.58823529 0.54901961
v 5.32536174 -1.17500000 5.12750209 0.56862745 0.58823529 0.54901961
v 5.30000000 1.17500000 5.13000000 0.56862745 0.58823529 0.54901961
v 5.30000000 -1.17500000 5.13000000 0.56862745 0.58823529 0.54901961
v 5.27463826 1.17500000 5.12750209 0.56862745 0.58823529 0.54901961
v 5.27463826 -1.17500000 5.12750209 0.56862745 0.58823529 0.54901961
v 5.25025115 1.17500000 5.12010434 0.56862745 0.58823529 0.54901961
v 5.25025115 -1.17500000 5.12010434 0.56862745 0.58823529 0.54901961
v 5.22777587 1.17500000 5.10809105 0.56862745 0.58823529 0.54901961
v 5.22777587 -1.17500000 5.10809105 0.56862745 0.58823529 0.54901961
v 5.20807612 1.17500000 5.09192388 0.56862745 0.58823529 0.54901961
v 5.20807612 -1.17500000 5.09192388 0.56862745 0.58823529 0.54901961
v 5.19190895 1.17500000 5.07222413 0.56862745 0.58823529 0.54901961
v 5.19190895 -1.17500000 5.07222413 0.56862745 0.58823529 0.54901961
v 5.17989566 1.17500000 5.04974885 0.56862745 0.58823529 0.54901961
v 5.17989566 -1.17500000 5.04974885 0.56862745 0.58823529 0.54901961
v 5.17249791 1.17500000 5.02536174 0.56862745 0.58823529 0.54901961
v 5.17249791 -1.17500000 5.02536174 0.56862745 0.58823529 0.54901961
v 5.17000000 1.17500000 5.00000000 0.56862745 0.58823529 0.54901961
v 5.17000000 -1.17500000 5.00000000 0.56862745 0.58823529 0.54901961
v 5.17249791 1.17500000 4.97463826 0.56862745 0.58823529 0.54901961
v 5.17249791 -1.17500000 4.97463826 0.56862745 0.58823529 0.54901961
v 5.17989566 1.17500000 4.95025115 0.56862745 0.58823529 0.54901961
v 5.17989566 -1.17500000 4.95025115 0.56862745 0.58823529 0.54901961
v 5.19190895 1.17500000 4.92777587 0.56862745 0.58823529 0.54901961
v 5.19190895 -1.17500000 4.92777587 0.56862745 0.58823529 0.54901961
v 5.20807612 1.17500000 4.90807612 0.56862745 0.58823529 0.54901961
v 5.20807612 -1.17500000 4.90807612 0.56862745 0.58823529 0.54901961
v 5.22777587 1.17500000 4.89190895 0.56862745 0.58823529 0.54901961
v 5.22777587 -1.17500000 4.89190895 0.56862745 0.58823529 0.54901961
v 5.25025115 1.17500000 4.87989566 0.56862745 0.58823529 0.54901961
v 5.25025115 -1.17500000 4.87989566 0.56862745 0.58823529 0.54901961
v 5.27463826 1.17500000 4.87249791 0.56862745 0.58823529 0.54901961
v 5.27463826 -1.17500000 4.87249791 0.56862745 0.58823529 0.54901961
v 5.30000000 1.17500000 4.87000000 0.56862745 0.58823529 0.54901961
v 5.30000000 -1.17500000 4.87000000 0.56862745 0.58823529 0.54901961
v 5.32536174 1.17500000 4.87249791 0.56862745 0.58823529 0.54901961
v 5.32536174 -1.17500000 4.87249791 0.56862745 0.58823529 0.54901961
v 5.34974885 1.17500000 4.87989566 0.56862745 0.58823529 0.54901961
v 5.34974885 -1.17500000 4.87989566 0.56862745 0.58823529 0.54901961
v 5.37222413 1.17500000 4.89190895 0.56862745 0.58823529 0.54901961
v 5.37222413 -1.17500000 4.89190895 0.56862745 0.58823529 0.54901961
v 5.39192388 1.17500000 4.90807612 0.56862745 0.58823529 0.54901961
v 5.39192388 -1.17500000 4.90807612 0.56862745 0.58823529 0.54901961
v 5.40809105 1.17500000 4.92777587 0.56862745 0.58823529 0.54901961
v 5.40809105 -1.17500000 4.92777587 0.56862745 0.58823529 0.54901961
v 5.42010434 1.17500000 4.95025115 0.56862745 0.58823529 0.54901961
v 5.42010434 -1.17500000 4.95025115 0.56862745 0.58823529 0.54901961
v 5.42750209 1.17500000 4.97463826 0.56862745 0.58823529 0.54901961
v 5.42750209 -1.17500000 4.97463826 0.56862745 0.58823529 0.54901961
v 5.90000000 1.17500000 4.98000000 0.56862745 0.58823529 0.54901961
v 6.03000000 1.17500000 4.98000000 0.56862745 0.58823529 0.54901961
v 6.03000000 -1.17500000 4.98000000 0.56862745 0.58823529 0.54901961
v 5.90000000 -1.17500000 4.98000000 0.56862745 0.58823529 0.54901961
v 6.02750209 1.17500000 5.00536174 0.56862745 0.58823529 0.54901961
v 6.02750209 -1.17500000 5.00536174 0.56862745 0.58823529 0.54901961
v 6.02010434 1.17500000 5.02974885 0.56862745 0.58823529 0.54901961
v 6.02010434 -1.17500000 5.02974885 0.56862745 0.58823529 0.54901961
v 6.00809105 1.17500000 5.05222413 0.56862745 0.58823529 0.54901961
v 6.00809105 -1.17500000 5.05222413 0.56862745 0.58823529 0.54901961
v 5.99192388 1.17500000 5.07192388 0.56862745 0.58823529 0.54901961
v 5.99192388 -1.17500000 5.07192388 0.56862745 0.58823529 0.54901961
v 5.97222413 1.17500000 5.08809105 0.56862745 0.58823529 0.54901961
v 5.97222413 -1.17500000 5.08809105 0.56862745 0.58823529 0.54901961
v 5.94974885 1.17500000 5.10010434 0.56862745 0.58823529 0.54901961
v 5.94974885 -1.17500000 5.10010434 0.56862745 0.58823529 0.54901961
v 5.92536174 1.17500000 5.10750209 0.56862745 0.58823529 0.54901961
v 5.92536174 -1.17500000 5.10750209 0.56862745 0.58823529 0.54901961
v 5.90000000 1.17500000 5.11000000 0.56862745 0.58823529 0.54901961
v 5.90000000 -1.17500000 5.11000000 0.56862745 0.58823529 0.54901961
v 5.87463826 1.17500000 5.10750209 0.56862745 0.58823529 0.54901961
v 5.87463826 -1.17500000 5.10750209 0.56862745 0.58823529 0.54901961
v 5.85025115 1.17500000 5.10010434 0.56862745 0.58823529 0.54901961
v 5.85025115 -1.17500000 5.10010434 0.56862745 0.58823529 0.54901961
v 5.82777587 1.17500000 5.08809105 0.56862745 0.58823529 0.54901961
v 5.82777587 -1.17500000 5.08809105 0.56862745 0.58823529 0.54901961
v 5.80807612 1.17500000 5.07192388 0.56862745 0.58823529 0.54901961
v 5.80807612 -1.17500000 5.07192388 0.56862745 0.58823529 0.54901961
v 5.79190895 1.17500000 5.05222413 0.56862745 0.58823529 0.54901961
v 5.79190895 -1.17500000 5.05222413 0.56862745 0.58823529 0.54901961
v 5.77989566 1.17500000 5.02974885 0.56862745 0.58823529 0.54901961
v 5.77989566 -1.17500000 5.02974885 0.56862745 0.58823529 0.54901961
v 5.77249791 1.17500000 5.00536174 0.56862745 0.58823529 0.54901961
v 5.77249791 -1.17500000 5.00536174 0.56862745 0.58823529 0.54901961
v 5.77000000 1.17500000 4.98000000 0.56862745 0.58823529 0.54901961
v 5.77000000 -1.17500000 4.98000000 0.56862745 0.58823529 0.54901961
v 5.77249791 1.17500000 4.95463826 0.56862745 0.58823529 0.54901961
v 5.77249791 -1.17500000 4.95463826 0.56862745 0.58823529 0.54901961
v 5.77989566 1.17500000 4.93025115 0.56862745 0.58823529 0.54901961
v 5.77989566 -1.17500000 4.93025115 0.56862745 0.58823529 0.54901961
v 5.79190895 1.17500000 4.90777587 0.56862745 0.58823529 0.54901961
v 5.79190895 -1.17500000 4.90777587 0.56862745 0.58823529 0.54901961
v 5.80807612 1.17500000 4.88807612 0.56862745 0.58823529 0.54901961
v 5.80807612 -1.17500000 4.88807612 0.56862745 0.58823529 0.54901961
v 5.82777587 1.17500000 4.87190895 0.56862745 0.58823529 0.54901961
v 5.82777587 -1.17500000 4.87190895 0.56862745 0.58823529 0.54901961
v 5.85025115 1.17500000 4.85989566 0.56862745 0.58823529 0.54901961
v 5.85025115 -1.17500000 4.85989566 0.56862745 0.58823529 0.54901961
v 5.87463826 1.17500000 4.85249791 0.56862745 0.58823529 0.54901961
v 5.87463826 -1.17500000 4.85249791 0.56862745 0.58823529 0.54901961
v 5.90000000 1.17500000 4.85000000 0.56862745 0.58823529 0.54901961
v 5.90000000 -1.17500000 4.85000000 0.56862745 0.58823529 0.54901961
v 5.92536174 1.17500000 4.85249791 0.56862745 0.58823529 0.54901961
v 5.92536174 -1.17500000 4.85249791 0.56862745 0.58823529 0.54901961
v 5.94974885 1.17500000 4.85989566 0.56862745 0.58823529 0.54901961
v 5.94974885 -1.17500000 4.85989566 0.56862745 0.58823529 0.54901961
v 5.97222413 1.17500000 4.87190895 0.56862745 0.58823529 0.54901961
v 5.97222413 -1.17500000 4.87190895 0.56862745 0.58823529 0.54901961
v 5.99192388 1.17500000 4.88807612 0.56862745 0.58823529 0.54901961
v 5.99192388 -1.17500000 4.88807612 0.56862745 0.58823529 0.54901961
v 6.00809105 1.17500000 4.90777587 0.56862745 0.58823529 0.54901961
v 6.00809105 -1.17500000 4.90777587 0.56862745 0.58823529 0.54901961
v 6.02010434 1.17500000 4.93025115 0.56862745 0.58823529 0.54901961
v 6.02010434 -1.17500000 4.93025115 0.56862745 0.58823529 0.54901961
v 6.02750209 1.17500000 4.95463826 0.56862745 0.58823529 0.54901961
v 6.02750209 -1.17500000 4.95463826 0.56862745 0.58823529 0.54901961
v 1.47988565 -1.49000000 4.91704784 0.41176471 0.45098039 0.41176471
v 5.97988565 -1.49000000 6.26704784 0.41176471 0.45098039 0.41176471
v 1.47988565 -1.35000000 4.91704784 0.41176471 0.45098039 0.41176471
v 5.97988565 -1.35000000 6.26704784 0.41176471 0.45098039 0.41176471
v 1.52011435 -1.49000000 4.78295216 0.41176471 0.45098039 0.41176471
v 6.02011435 -1.49000000 6.13295216 0.41176471 0.45098039 0.41176471
v 1.52011435 -1.35000000 4.78295216 0.41176471 0.45098039 0.41176471
v 6.02011435 -1.35000000 6.13295216 0.41176471 0.45098039 0.41176471
v 1.47988565 1.35000000 4.91704784 0.41176471 0.45098039 0.41176471
v 5.97988565 1.35000000 6.26704784 0.41176471 0.45098039 0.41176471
v 1.47988565 1.49000000 4.91704784 0.41176471 0.45098039 0.41176471
v 5.97988565 1.49000000 6.26704784 0.41176471 0.45098039 0.41176471
v 1.52011435 1.35000000 4.78295216 0.41176471 0.45098039 0.41176471
v 6.02011435 1.35000000 6.13295216 0.41176471 0.45098039 0.41176471
v 1.52011435 1.49000000 4.78295216 0.41176471 0.45098039 0.41176471
v 6.02011435 1.49000000 6.13295216 0.41176471 0.45098039 0.41176471
v 2.90561416 -1.30000000 3.03303504 0.41176471 0.45098039 0.41176471
v 3.60561416 -1.30000000 5.03303504 0.41176471 0.45098039 0.41176471
v 2.90561416 -1.10000000 3.03303504 0.41176471 0.45098039 0.41176471
v 3.60561416 -1.10000000 5.03303504 0.41176471 0.45098039 0.41176471
v 3.09438584 -1.30000000 2.96696496 0.41176471 0.45098039 0.41176471
v 3.79438584 -1.30000000 4.96696496 0.41176471 0.45098039 0.41176471
v 3.09438584 -1.10000000 2.96696496 0.41176471 0.45098039 0.41176471
v 3.79438584 -1.10000000 4.96696496 0.41176471 0.45098039 0.41176471
v 2.90561416 1.10000000 3.03303504 0.41176471 0.45098039 0.41176471
v 3.60561416 1.10000000 5.03303504 0.41176471 0.45098039 0.41176471
v 2.90561416 1.30000000 3.03303504 0.41176471 0.45098039 0.41176471
v 3.60561416 1.30000000 5.03303504 0.41176471 0.45098039 0.41176471
v 3.09438584 1.10000000 2.96696496 0.41176471 0.45098039 0.41176471
v 3.79438584 1.10000000 4.96696496 0.41176471 0.45098039 0.41176471
v 3.09438584 1.30000000 2.96696496 0.41176471 0.45098039 0.41176471
v 3.79438584 1.30000000 4.96696496 0.41176471 0.45098039 0.41176471
v 0.97684769 -1.79500000 4.23858718 0.80392157 1.00000000 0.13725490
v 1.97684769 -1.79500000 4.83858718 0.80392157 1.00000000 0.13725490
v 0.97684769 -1.70500000 4.23858718 0.80392157 1.00000000 0.13725490
v 1.97684769 -1.70500000 4.83858718 0.80392157 1.00000000 0.13725490
v 1.02315231 -1.79500000 4.16141282 0.80392157 1.00000000 0.13725490
v 2.02315231 -1.79500000 4.76141282 0.80392157 1.00000000 0.13725490
v 1.02315231 -1.70500000 4.16141282 0.80392157 1.00000000 0.13725490
v 2.02315231 -1.70500000 4.76141282 0.80392157 1.00000000 0.13725490
v 2.00000000 -1.79500000 4.84500000 0.80392157 1.00000000 0.13725490
v 3.00000000 -1.79500000 4.84500000 0.80392157 1.00000000 0.13725490
v 2.00000000 -1.70500000 4.84500000 0.80392157 1.00000000 0.13725490
v 3.00000000 -1.70500000 4.84500000 0.80392157 1.00000000 0.13725490
v 2.00000000 -1.79500000 4.75500000 0.80392157 1.00000000 0.13725490
v 3.00000000 -1.79500000 4.75500000 0.80392157 1.00000000 0.13725490
v 2.00000000 -1.70500000 4.75500000 0.80392157 1.00000000 0.13725490
v 3.00000000 -1.70500000 4.75500000 0.80392157 1.00000000 0.13725490
v 0.97684769 1.70500000 4.23858718 0.80392157 1.00000000 0.13725490
v 1.97684769 1.70500000 4.83858718 0.80392157 1.00000000 0.13725490
v 0.97684769 1.79500000 4.23858718 0.80392157 1.00000000 0.13725490
v 1.97684769 1.79500000 4.83858718 0.80392157 1.00000000 0.13725490
v 1.02315231 1.70500000 4.16141282 0.80392157 1.00000000 0.13725490
v 2.02315231 1.70500000 4.76141282 0.80392157 1.00000000 0.13725490
v 1.02315231 1.79500000 4.16141282 0.80392157 1.00000000 0.13725490
v 2.02315231 1.79500000 4.76141282 0.80392157 1.00000000 0.13725490
v 2.00000000 1.70500000 4.84500000 0.80392157 1.00000000 0.13725490
v 3.00000000 1.70500000 4.84500000 0.80392157 1.00000000 0.13725490
v 2.00000000 1.79500000 4.84500000 0.80392157 1.00000000 0.13725490
v 3.00000000 1.79500000 4.84500000 0.80392157 1.00000000 0.13725490
v 2.00000000 1.70500000 4.75500000 0.80392157 1.00000000 0.13725490
v 3.00000000 1.70500000 4.75500000 0.80392157 1.00000000 0.13725490
v 2.00000000 1.79500000 4.75500000 0.80392157 1.00000000 0.13725490
v 3.00000000 1.79500000 4.75500000 0.80392157 1.00000000 0.13725490
v -3.29000000 -2.08000000 3.29000000 0.80392157 1.00000000 0.13725490
v -3.29000000 -2.08000000 3.61000000 0.80392157 1.00000000 0.13725490
v -3.29000000 -1.58000000 3.29000000 0.80392157 1.00000000 0.13725490
v -3.29000000 -1.58000000 3.61000000 0.80392157 1.00000000 0.13725490
v -3.11000000 -2.08000000 3.29000000 0.80392157 1.00000000 0.13725490
v -3.11000000 -2.08000000 3.61000000 0.80392157 1.00000000 0.13725490
v -3.11000000 -1.58000000 3.29000000 0.80392157 1.00000000 0.13725490
v -3.11000000 -1.58000000 3.61000000 0.80392157 1.00000000 0.13725490
v -2.49000000 -2.08000000 3.29000000 0.80392157 1.00000000 0.13725490
v -2.49000000 -2.08000000 3.61000000 0.80392157 1.00000000 0.13725490
v -2.49000000 -1.58000000 3.29000000 0.80392157 1.00000000 0.13725490
v -2.49000000 -1.58000000 3.61000000 0.80392157 1.00000000 0.13725490
v -2.31000000 -2.08000000 3.29000000 0.80392157 1.00000000 0.13725490
v -2.31000000 -2.08000000 3.61000000 0.80392157 1.00000000 0.13725490
v -2.31000000 -1.58000000 3.29000000 0.80392157 1.00000000 0.13725490
v -2.31000000 -1.58000000 3.61000000 0.80392157 1.00000000 0.13725490
v 3.66000000 -2.17000000 3.37500000 0.80392157 1.00000000 0.13725490
v 3.66000000 -2.17000000 3.72500000 0.80392157 1.00000000 0.13725490
v 3.66000000 -1.47000000 3.37500000 0.80392157 1.00000000 0.13725490
v 3.66000000 -1.47000000 3.72500000 0.80392157 1.00000000 0.13725490
v 3.84000000 -2.17000000 3.37500000 0.80392157 1.00000000 0.13725490
v 3.84000000 -2.17000000 3.72500000 0.80392157 1.00000000 0.13725490
v 3.84000000 -1.47000000 3.37500000 0.80392157 1.00000000 0.13725490
v 3.84000000 -1.47000000 3.72500000 0.80392157 1.00000000 0.13725490
v -4.25000000 0.00000000 2.70000000 0.56862745 0.58823529 0.54901961
v -4.25000000 0.00000000 2.52000000 0.56862745 0.58823529 0.54901961
v -3.45000000 0.00000000 2.52000000 0.56862745 0.58823529 0.54901961
v -3.45000000 0.00000000 2.70000000 0.56862745 0.58823529 0.54901961
v -4.25000000 0.03511626 2.52345865 0.56862745 0.58823529 0.54901961
v -3.45000000 0.03511626 2.52345865 0.56862745 0.58823529 0.54901961
v -4.25000000 0.06888302 2.53370168 0.56862745 0.58823529 0.54901961
v -3.45000000 0.06888302 2.53370168 0.56862745 0.58823529 0.54901961
v -4.25000000 0.10000264 2.55033547 0.56862745 0.58823529 0.54901961
v -3.45000000 0.10000264 2.55033547 0.56862745 0.58823529 0.54901961
v -4.25000000 0.12727922 2.57272078 0.56862745 0.58823529 0.54901961
v -3.45000000 0.12727922 2.57272078 0.56862745 0.58823529 0.54901961
v -4.25000000 0.14966453 2.59999736 0.56862745 0.58823529 0.54901961
v -3.45000000 0.14966453 2.59999736 0.56862745 0.58823529 0.54901961
v -4.25000000 0.16629832 2.63111698 0.56862745 0.58823529 0.54901961
v -3.45000000 0.16629832 2.63111698 0.56862745 0.58823529 0.54901961
v -4.25000000 0.17654135 2.66488374 0.56862745 0.58823529 0.54901961
v -3.45000000 0.17654135 2.66488374 0.56862745 0.58823529 0.54901961
v -4.25000000 0.18000000 2.70000000 0.56862745 0.58823529 0.54901961
v -3.45000000 0.18000000 2.70000000 0.56862745 0.58823529 0.54901961
v -4.25000000 0.17654135 2.73511626 0.56862745 0.58823529 0.54901961
v -3.45000000 0.17654135 2.73511626 0.56862745 0.58823529 0.54901961
v -4.25000000 0.16629832 2.76888302 0.56862745 0.58823529 0.54901961
v -3.45000000 0.16629832 2.76888302 0.56862745 0.58823529 0.54901961
v -4.25000000 0.14966453 2.80000264 0.56862745 0.58823529 0.54901961
v -3.45000000 0.14966453 2.80000264 0.56862745 0.58823529 0.54901961
v -4.25000000 0.12727922 2.82727922 0.56862745 0.58823529 0.54901961
v -3.45000000 0.12727922 2.82727922 0.56862745 0.58823529 0.54901961
v -4.25000000 0.10000264 2.84966453 0.56862745 0.58823529 0.54901961
v -3.45000000 0.10000264 2.84966453 0.56862745 0.58823529 0.54901961
v -4.25000000 0.06888302 2.86629832 0.56862745 0.58823529 0.54901961
v -3.45000000 0.06888302 2.86629832 0.56862745 0.58823529 0.54901961
v -4.25000000 0.03511626 2.87654135 0.56862745 0.58823529 0.54901961
v -3.45000000 0.03511626 2.87654135 0.56862745 0.58823529 0.54901961
v -4.25000000 0.00000000 2.88000000 0.56862745 0.58823529 0.54901961
v -3.45000000 0.00000000 2.88000000 0.56862745 0.58823529 0.54901961
v -4.25000000 -0.03511626 2.87654135 0.56862745 0.58823529 0.54901961
v -3.45000000 -0.03511626 2.87654135 0.56862745 0.58823529 0.54901961
v -4.25000000 -0.06888302 2.86629832 0.56862745 0.58823529 0.54901961
v -3.45000000 -0.06888302 2.86629832 0.56862745 0.58823529 0.54901961
v -4.25000000 -0.10000264 2.84966453 0.56862745 0.58823529 0.54901961
v -3.45000000 -0.10000264 2.84966453 0.56862745 0.58823529 0.54901961
v -4.25000000 -0.12727922 2.82727922 0.56862745 0.58823529 0.54901961
v -3.45000000 -0.12727922 2.82727922 0.56862745 0.58823529 0.54901961
v -4.25000000 -0.14966453 2.80000264 0.56862745 0.58823529 0.54901961
v -3.45000000 -0.14966453 2.80000264 0.56862745 0.58823529 0.54901961
v -4.25000000 -0.16629832 2.76888302 0.56862745 0.58823529 0.54901961
v -3.45000000 -0.16629832 2.76888302 0.56862745 0.58823529 0.54901961
v -4.25000000 -0.17654135 2.73511626 0.56862745 0.58823529 0.54901961
v -3.45000000 -0.17654135 2.73511626 0.56862745 0.58823529 0.54901961
v -4.25000000 -0.18000000 2.70000000 0.56862745 0.58823529 0.54901961
v -3.45000000 -0.18000000 2.70000000 0.56862745 0.58823529 0.54901961
v -4.25000000 -0.17654135 2.66488374 0.56862745 0.58823529 0.54901961
v -3.45000000 -0.17654135 2.66488374 0.56862745 0.58823529 0.54901961
v -4.25000000 -0.16629832 2.63111698 0.56862745 0.58823529 0.54901961
v -3.45000000 -0.16629832 2.63111698 0.56862745 0.58823529 0.54901961
v -4.25000000 -0.14966453 2.59999736 0.56862745 0.58823529 0.54901961
v -3.45000000 -0.14966453 2.59999736 0.56862745 0.58823529 0.54901961
v -4.25000000 -0.12727922 2.57272078 0.56862745 0.58823529 0.54901961
v -3.45000000 -0.12727922 2.57272078 0.56862745 0.58823529 0.54901961
v -4.25000000 -0.10000264 2.55033547 0.56862745 0.58823529 0.54901961
v -3.45000000 -0.10000264 2.55033547 0.56862745 0.58823529 0.54901961
v -4.25000000 -0.06888302 2.53370168 0.56862745 0.58823529 0.54901961
v -3.45000000 -0.06888302 2.53370168 0.56862745 0.58823529 0.54901961
v -4.25000000 -0.03511626 2.52345865 0.56862745 0.58823529 0.54901961
v -3.45000000 -0.03511626 2.52345865 0.56862745 0.58823529 0.54901961
v -3.75000000 -1.30000000 2.87500000 0.41176471 0.45098039 0.41176471
v -3.75000000 -1.30000000 3.42500000 0.41176471 0.45098039 0.41176471
v -3.75000000 1.30000000 2.87500000 0.41176471 0.45098039 0.41176471
v -3.75000000 1.30000000 3.42500000 0.41176471 0.45098039 0.41176471
v -2.65000000 -1.30000000 2.87500000 0.41176471 0.45098039 0.41176471
v -2.65000000 -1.30000000 3.42500000 0.41176471 0.45098039 0.41176471
v -2.65000000 1.30000000 2.87500000 0.41176471 0.45098039 0.41176471
v -2.65000000 1.30000000 3.42500000 0.41176471 0.45098039 0.41176471
v -3.20000000 -0.77500000 3.20000000 0.56862745 0.58823529 0.54901961
v -3.02000000 -0.77500000 3.20000000 0.56862745 0.58823529 0.54901961
v -3.02000000 -1.22500000 3.20000000 0.56862745 0.58823529 0.54901961
v -3.20000000 -1.22500000 3.20000000 0.56862745 0.58823529 0.54901961
v -3.02345865 -0.77500000 3.23511626 0.56862745 0.58823529 0.54901961
v -3.02345865 -1.22500000 3.23511626 0.56862745 0.58823529 0.54901961
v -3.03370168 -0.77500000 3.26888302 0.56862745 0.58823529 0.54901961
v -3.03370168 -1.22500000 3.26888302 0.56862745 0.58823529 0.54901961
v -3.05033547 -0.77500000 3.30000264 0.56862745 0.58823529 0.54901961
v -3.05033547 -1.22500000 3.30000264 0.56862745 0.58823529 0.54901961
v -3.07272078 -0.77500000 3.32727922 0.56862745 0.58823529 0.54901961
v -3.07272078 -1.22500000 3.32727922 0.56862745 0.58823529 0.54901961
v -3.09999736 -0.77500000 3.34966453 0.56862745 0.58823529 0.54901961
v -3.09999736 -1.22500000 3.34966453 0.56862745 0.58823529 0.54901961
v -3.13111698 -0.77500000 3.36629832 0.56862745 0.58823529 0.54901961
v -3.13111698 -1.22500000 3.36629832 0.56862745 0.58823529 0.54901961
v -3.16488374 -0.77500000 3.37654135 0.56862745 0.58823529 0.54901961
v -3.16488374 -1.22500000 3.37654135 0.56862745 0.58823529 0.54901961
v -3.20000000 -0.77500000 3.38000000 0.56862745 0.58823529 0.54901961
v -3.20000000 -1.22500000 3.38000000 0.56862745 0.58823529 0.54901961
v -3.23511626 -0.77500000 3.37654135 0.56862745 0.58823529 0.54901961
v -3.23511626 -1.22500000 3.37654135 0.56862745 0.58823529 0.54901961
v -3.26888302 -0.77500000 3.36629832 0.56862745 0.58823529 0.54901961
v -3.26888302 -1.22500000 3.36629832 0.56862745 0.58823529 0.54901961
v -3.30000264 -0.77500000 3.34966453 0.56862745 0.58823529 0.54901961
v -3.30000264 -1.22500000 3.34966453 0.56862745 0.58823529 0.54901961
v -3.32727922 -0.77500000 3.32727922 0.56862745 0.58823529 0.54901961
v -3.32727922 -1.22500000 3.32727922 0.56862745 0.58823529 0.54901961
v -3.34966453 -0.77500000 3.30000264 0.56862745 0.58823529 0.54901961
v -3.34966453 -1.22500000 3.30000264 0.56862745 0.58823529 0.54901961
v -3.36629832 -0.77500000 3.26888302 0.56862745 0.58823529 0.54901961
v -3.36629832 -1.22500000 3.26888302 0.56862745 0.58823529 0.54901961
v -3.37654135 -0.77500000 3.23511626 0.56862745 0.58823529 0.54901961
v -3.37654135 -1.22500000 3.23511626 0.56862745 0.58823529 0.54901961
v -3.38000000 -0.77500000 3.20000000 0.56862745 0.58823529 0.54901961
v -3.38000000 -1.22500000 3.20000000 0.56862745 0.58823529 0.54901961
v -3.37654135 -0.77500000 3.16488374 0.56862745 0.58823529 0.54901961
v -3.37654135 -1.22500000 3.16488374 0.56862745 0.58823529 0.54901961
v -3.36629832 -0.77500000 3.13111698 0.56862745 0.58823529 0.54901961
v -3.36629832 -1.22500000 3.13111698 0.56862745 0.58823529 0.54901961
v -3.34966453 -0.77500000 3.09999736 0.56862745 0.58823529 0.54901961
v -3.34966453 -1.22500000 3.09999736 0.56862745 0.58823529 0.54901961
v -3.32727922 -0.77500000 3.07272078 0.56862745 0.58823529 0.54901961
v -3.32727922 -1.22500000 3.07272078 0.56862745 0.58823529 0.54901961
v -3.30000264 -0.77500000 3.05033547 0.56862745 0.58823529 0.54901961
v -3.30000264 -1.22500000 3.05033547 0.56862745 0.58823529 0.54901961
v -3.26888302 -0.77500000 3.03370168 0.56862745 0.58823529 0.54901961
v -3.26888302 -1.22500000 3.03370168 0.56862745 0.58823529 0.54901961
v -3.23511626 -0.77500000 3.02345865 0.56862745 0.58823529 0.54901961
v -3.23511626 -1.22500000 3.02345865 0.56862745 0.58823529 0.54901961
v -3.20000000 -0.77500000 3.02000000 0.56862745 0.58823529 0.54901961
v -3.20000000 -1.22500000 3.02000000 0.56862745 0.58823529 0.54901961
v -3.16488374 -0.77500000 3.02345865 0.56862745 0.58823529 0.54901961
v -3.16488374 -1.22500000 3.02345865 0.56862745 0.58823529 0.54901961
v -3.13111698 -0.77500000 3.03370168 0.56862745 0.58823529 0.54901961
v -3.13111698 -1.22500000 3.03370168 0.56862745 0.58823529 0.54901961
v -3.09999736 -0.77500000 3.05033547 0.56862745 0.58823529 0.54901961
v -3.09999736 -1.22500000 3.05033547 0.56862745 0.58823529 0.54901961
v -3.07272078 -0.77500000 3.07272078 0.56862745 0.58823529 0.54901961
v -3.07272078 -1.22500000 3.07272078 0.56862745 0.58823529 0.54901961
v -3.05033547 -0.77500000 3.09999736 0.56862745 0.58823529 0.54901961
v -3.05033547 -1.22500000 3.09999736 0.56862745 0.58823529 0.54901961
v -3.03370168 -0.77500000 3.13111698 0.56862745 0.58823529 0.54901961
v -3.03370168 -1.22500000 3.13111698 0.56862745 0.58823529 0.54901961
v -3.02345865 -0.77500000 3.16488374 0.56862745 0.58823529 0.54901961
v -3.02345865 -1.22500000 3.16488374 0.56862745 0.58823529 0.54901961
v -3.20000000 1.22500000 3.20000000 0.56862745 0.58823529 0.54901961
v -3.02000000 1.22500000 3.20000000 0.56862745 0.58823529 0.54901961
v -3.02000000 0.77500000 3.20000000 0.56862745 0.58823529 0.54901961
v -3.20000000 0.77500000 3.20000000 0.56862745 0.58823529 0.54901961
v -3.02345865 1.22500000 3.23511626 0.56862745 0.58823529 0.54901961
v -3.02345865 0.77500000 3.23511626 0.56862745 0.58823529 0.54901961
v -3.03370168 1.22500000 3.26888302 0.56862745 0.58823529 0.54901961
v -3.03370168 0.77500000 3.26888302 0.56862745 0.58823529 0.54901961
v -3.05033547 1.22500000 3.30000264 0.56862745 0.58823529 0.54901961
v -3.05033547 0.77500000 3.30000264 0.56862745 0.58823529 0.54901961
v -3.07272078 1.22500000 3.32727922 0.56862745 0.58823529 0.54901961
v -3.07272078 0.77500000 3.32727922 0.56862745 0.58823529 0.54901961
v -3.09999736 1.22500000 3.34966453 0.56862745 0.58823529 0.54901961
v -3.09999736 0.77500000 3.34966453 0.56862745 0.58823529 0.54901961
v -3.13111698 1.22500000 3.36629832 0.56862745 0.58823529 0.54901961
v -3.13111698 0.77500000 3.36629832 0.56862745 0.58823529 0.54901961
v -3.16488374 1.22500000 3.37654135 0.56862745 0.58823529 0.54901961
v -3.16488374 0.77500000 3.37654135 0.56862745 0.58823529 0.54901961
v -3.20000000 1.22500000 3.38000000 0.56862745 0.58823529 0.54901961
v -3.20000000 0.77500000 3.38000000 0.56862745 0.58823529 0.54901961
v -3.23511626 1.22500000 3.37654135 0.56862745 0.58823529 0.54901961
v -3.23511626 0.77500000 3.37654135 0.56862745 0.58823529 0.54901961
v -3.26888302 1.22500000 3.36629832 0.56862745 0.58823529 0.54901961
v -3.26888302 0.77500000 3.36629832 0.56862745 0.58823529 0.54901961
v -3.30000264 1.22500000 3.34966453 0.56862745 0.58823529 0.54901961
v -3.30000264 0.77500000 3.34966453 0.56862745 0.58823529 0.54901961
v -3.32727922 1.22500000 3.32727922 0.56862745 0.58823529 0.54901961
v -3.32727922 0.77500000 3.32727922 0.56862745 0.58823529 0.54901961
v -3.34966453 1.22500000 3.30000264 0.56862745 0.58823529 0.54901961
v -3.34966453 0.77500000 3.30000264 0.56862745 0.58823529 0.54901961
v -3.36629832 1.22500000 3.26888302 0.56862745 0.58823529 0.54901961
v -3.36629832 0.77500000 3.26888302 0.56862745 0.58823529 0.54901961
v -3.37654135 1.22500000 3.23511626 0.56862745 0.58823529 0.54901961
v -3.37654135 0.77500000 3.23511626 0.56862745 0.58823529 0.54901961
v -3.38000000 1.22500000 3.20000000 0.56862745 0.58823529 0.54901961
v -3.38000000 0.77500000 3.20000000 0.56862745 0.58823529 0.54901961
v -3.37654135 1.22500000 3.16488374 0.56862745 0.58823529 0.54901961
v -3.37654135 0.77500000 3.16488374 0.56862745 0.58823529 0.54901961
v -3.36629832 1.22500000 3.13111698 0.56862745 0.58823529 0.54901961
v -3.36629832 0.77500000 3.13111698 0.56862745 0.58823529 0.54901961
v -3.34966453 1.22500000 3.09999736 0.56862745 0.58823529 0.54901961
v -3.34966453 0.77500000 3.09999736 0.56862745 0.58823529 0.54901961
v -3.32727922 1.22500000 3.07272078 0.56862745 0.58823529 0.54901961
v -3.32727922 0.77500000 3.07272078 0.56862745 0.58823529 0.54901961
v -3.30000264 1.22500000 3.05033547 0.56862745 0.58823529 0.54901961
v -3.30000264 0.77500000 3.05033547 0.56862745 0.58823529 0.54901961
v -3.26888302 1.22500000 3.03370168 0.56862745 0.58823529 0.54901961
v -3.26888302 0.77500000 3.03370168 0.56862745 0.58823529 0.54901961
v -3.23511626 1.22500000 3.02345865 0.56862745 0.58823529 0.54901961
v -3.23511626 0.77500000 3.02345865 0.56862745 0.58823529 0.54901961
v -3.20000000 1.22500000 3.02000000 0.56862745 0.58823529 0.54901961
v -3.20000000 0.77500000 3.02000000 0.56862745 0.58823529 0.54901961
v -3.16488374 1.22500000 3.02345865 0.56862745 0.58823529 0.54901961
v -3.16488374 0.77500000 3.02345865 0.56862745 0.58823529 0.54901961
v -3.13111698 1.22500000 3.03370168 0.56862745 0.58823529 0.54901961
v -3.13111698 0.77500000 3.03370168 0.56862745 0.58823529 0.54901961
v -3.09999736 1.22500000 3.05033547 0.56862745 0.58823529 0.54901961
v -3.09999736 0.77500000 3.05033547 0.56862745 0.58823529 0.54901961
v -3.07272078 1.22500000 3.07272078 0.56862745 0.58823529 0.54901961
v -3.07272078 0.77500000 3.07272078 0.56862745 0.58823529 0.54901961
v -3.05033547 1.22500000 3.09999736 0.56862745 0.58823529 0.54901961
v -3.05033547 0.77500000 3.09999736 0.56862745 0.58823529 0.54901961
v -3.03370168 1.22500000 3.13111698 0.56862745 0.58823529 0.54901961
v -3.03370168 0.77500000 3.13111698 0.56862745 0.58823529 0.54901961
v -3.02345865 1.22500000 3.16488374 0.56862745 0.58823529 0.54901961
v -3.02345865 0.77500000 3.16488374 0.56862745 0.58823529 0.54901961
f 2 4 1
f 5 2 1
f 1 4 3
f 3 5 1
f 2 8 4
f 6 2 5
f 6 8 2
f 4 8 3
f 7 5 3
f 3 8 7
f 7 6 5
f 8 6 7
f 10 12 9
f 13 10 9
f 9 12 11
f 11 13 9
f 10 16 12
f 14 10 13
f 14 16 10
f 12 16 11
f 15 13 11
f 11 16 15
f 15 14 13
f 16 14 15
f 18 20 17
f 21 18 17
f 17 20 19
f 19 21 17
f 18 24 20
f 22 18 21
f 22 24 18
f 20 24 19
f 23 21 19
f 19 24 23
f 23 22 21
f 24 22 23
f 26 28 25
f 29 26 25
f 25 28 27
f 27 29 25
f 26 32 28
f 30 26 29
f 30 32 26
f 28 32 27
f 31 29 27
f 27 32 31
f 31 30 29
f 32 30 31
f 34 36 33
f 37 34 33
f 33 36 35
f 35 37 33
f 34 40 36
f 38 34 37
f 38 40 34
f 36 40 35
f 39 37 35
f 35 40 39
f 39 38 37
f 40 38 39
f 42 41 81
f 42 81 43
f 43 81 82
f 43 82 44
f 44 82 83
f 44 83 45
f 45 83 84
f 45 84 46
f 46 84 85
f 46 85 47
f 47 85 86
f 47 86 48
f 48 86 87
f 48 87 49
f 49 87 88
f 49 88 50
f 50 88 89
f 50 89 51
f 51 89 90
f 51 90 52
f 52 90 91
f 52 91 53
f 53 91 92
f 53 92 54
f 54 92 93
f 54 93 55
f 55 93 94
f 55 94 56
f 56 94 95
f 56 95 57
f 57 95 96
f 57 96 58
f 58 96 97
f 58 97 59
f 59 97 98
f 59 98 60
f 60 98 99
f 60 99 61
f 61 99 100
f 61 100 62
f 62 100 101
f 62 101 63
f 63 101 102
f 63 102 64
f 64 102 103
f 64 103 65
f 65 103 104
f 65 104 66
f 66 104 105
f 66 105 67
f 67 105 106
f 67 106 68
f 68 106 107
f 68 107 69
f 69 107 108
f 69 108 70
f 70 108 109
f 70 109 71
f 71 109 110
f 71 110 72
f 72 110 111
f 72 111 73
f 73 111 112
f 73 112 74
f 74 112 113
f 74 113 75
f 75 113 114
f 75 114 76
f 76 114 115
f 76 115 77
f 77 115 116
f 77 116 78
f 78 116 117
f 78 117 79
f 79 117 118
f 79 118 80
f 81 41 119
f 81 119 82
f 82 119 120
f 82 120 83
f 83 120 121
f 83 121 84
f 84 121 122
f 84 122 85
f 85 122 123
f 85 123 86
f 86 123 124
f 86 124 87
f 87 124 125
f 87 125 88
f 88 125 126
f 88 126 89
f 89 126 127
f 89 127 90
f 90 127 128
f 90 128 91
f 91 128 129
f 91 129 92
f 92 129 130
f 92 130 93
f 93 130 131
f 93 131 94
f 94 131 132
f 94 132 95
f 95 132 133
f 95 133 96
f 96 133 134
f 96 134 97
f 97 134 135
f 97 135 98
f 98 135 136
f 98 136 99
f 99 136 137
f 99 137 100
f 100 137 138
f 100 138 101
f 101 138 139
f 101 139 102
f 102 139 140
f 102 140 103
f 103 140 141
f 103 141 104
f 104 141 142
f 104 142 105
f 105 142 143
f 105 143 106
f 106 143 144
f 106 144 107
f 107 144 145
f 107 145 108
f 108 145 146
f 108 146 109
f 109 146 147
f 109 147 110
f 110 147 148
f 110 148 111
f 111 148 149
f 111 149 112
f 112 149 150
f 112 150 113
f 113 150 151
f 113 151 114
f 114 151 152
f 114 152 115
f 115 152 153
f 115 153 116
f 116 153 154
f 116 154 117
f 117 154 155
f 117 155 118
f 118 155 156
f 118 156 80
f 119 41 157
f 119 157 120
f 120 157 158
f 120 158 121
f 121 158 159
f 121 159 122
f 122 159 160
f 122 160 123
f 123 160 161
f 123 161 124
f 124 161 162
f 124 162 125
f 125 162 163
f 125 163 126
f 126 163 164
f 126 164 127
f 127 164 165
f 127 165 128
f 128 165 166
f 128 166 129
f 129 166 167
f 129 167 130
f 130 167 168
f 130 168 131
f 131 168 169
f 131 169 132
f 132 169 170
f 132 170 133
f 133 170 171
f 133 171 134
f 134 171 172
f 134 172 135
f 135 172 173
f 135 173 136
f 136 173 174
f 136 174 137
f 137 174 175
f 137 175 138
f 138 175 176
f 138 176 139
f 139 176 177
f 139 177 140
f 140 177 178
f 140 178 141
f 141 178 179
f 141 179 142
f 142 179 180
f 142 180 143
f 143 180 181
f 143 181 144
f 144 181 182
f 144 182 145
f 145 182 183
f 145 183 146
f 146 183 184
f 146 184 147
f 147 184 185
f 147 185 148
f 148 185 186
f 148 186 149
f 149 186 187
f 149 187 150
f 150 187 188
f 150 188 151
f 151 188 189
f 151 189 152
f 152 189 190
f 152 190 153
f 153 190 191
f 153 191 154
f 154 191 192
f 154 192 155
f 155 192 193
f 155 193 156
f 156 193 194
f 156 194 80
f 157 41 195
f 157 195 158
f 158 195 196
f 158 196 159
f 159 196 197
f 159 197 160
f 160 197 198
f 160 198 161
f 161 198 199
f 161 199 162
f 162 199 200
f 162 200 163
f 163 200 201
f 163 201 164
f 164 201 202
f 164 202 165
f 165 202 203
f 165 203 166
f 166 203 204
f 166 204 167
f 167 204 205
f 167 205 168
f 168 205 206
f 168 206 169
f 169 206 207
f 169 207 170
f 170 207 208
f 170 208 171
f 171 208 209
f 171 209 172
f 172 209 210
f 172 210 173
f 173 210 211
f 173 211 174
f 174 211 212
f 174 212 175
f 175 212 213
f 175 213 176
f 176 213 214
f 176 214 177
f 177 214 215
f 177 215 178
f 178 215 216
f 178 216 179
f 179 216 217
f 179 217 180
f 180 217 218
f 180 218 181
f 181 218 219
f 181 219 182
f 182 219 220
f 182 220 183
f 183 220 221
f 183 221 184
f 184 221 222
f 184 222 185
f 185 222 223
f 185 223 186
f 186 223 224
f 186 224 187
f 187 224 225
f 187 225 188
f 188 225 226
f 188 226 189
f 189 226 227
f 189 227 190
f 190 227 228
f 190 228 191
f 191 228 229
f 191 229 192
f 192 229 230
f 192 230 193
f 193 230 231
f 193 231 194
f 194 231 232
f 194 232 80
f 195 41 233
f 195 233 196
f 196 233 234
f 196 234 197
f 197 234 235
f 197 235 198
f 198 235 236
f 198 236 199
f 199 236 237
f 199 237 200
f 200 237 238
f 200 238 201
f 201 238 239
f 201 239 202
f 202 239 240
f 202 240 203
f 203 240 241
f 203 241 204
f 204 241 242
f 204 242 205
f 205 242 243
f 205 243 206
f 206 243 244
f 206 244 207
f 207 244 245
f 207 245 208
f 208 245 246
f 208 246 209
f 209 246 247
f 209 247 210
f 210 247 248
f 210 248 211
f 211 248 249
f 211 249 212
f 212 249 250
f 212 250 213
f 213 250 251
f 213 251 214
f 214 251 252
f 214 252 215
f 215 252 253
f 215 253 216
f 216 253 254
f 216 254 217
f 217 254 255
f 217 255 218
f 218 255 256
f 218 256 219
f 219 256 257
f 219 257 220
f 220 257 258
f 220 258 221
f 221 258 259
f 221 259 222
f 222 259 260
f 222 260 223
f 223 260 261
f 223 261 224
f 224 261 262
f 224 262 225
f 225 262 263
f 225 263 226
f 226 263 264
f 226 264 227
f 227 264 265
f 227 265 228
f 228 265 266
f 228 266 229
f 229 266 267
f 229 267 230
f 230 267 268
f 230 268 231
f 231 268 269
f 231 269 232
f 232 269 270
f 232 270 80
f 233 41 271
f 233 271 234
f 234 271 272
f 234 272 235
f 235 272 273
f 235 273 236
f 236 273 274
f 236 274 237
f 237 274 275
f 237 275 238
f 238 275 276
f 238 276 239
f 239 276 277
f 239 277 240
f 240 277 278
f 240 278 241
f 241 278 279
f 241 279 242
f 242 279 280
f 242 280 243
f 243 280 281
f 243 281 244
f 244 281 282
f 244 282 245
f 245 282 283
f 245 283 246
f 246 283 284
f 246 284 247
f 247 284 285
f 247 285 248
f 248 285 286
f 248 286 249
f 249 286 287
f 249 287 250
f 250 287 288
f 250 288 251
f 251 288 289
f 251 289 252
f 252 289 290
f 252 290 253
f 253 290 291
f 253 291 254
f 254 291 292
f 254 292 255
f 255 292 293
f 255 293 256
f 256 293 294
f 256 294 257
f 257 294 295
f 257 295 258
f 258 295 296
f 258 296 259
f 259 296 297
f 259 297 260
f 260 297 298
f 260 298 261
f 261 298 299
f 261 299 262
f 262 299 300
f 262 300 263
f 263 300 301
f 263 301 264
f 264 301 302
f 264 302 265
f 265 302 303
f 265 303 266
f 266 303 304
f 266 304 267
f 267 304 305
f 267 305 268
f 268 305 306
f 268 306 269
f 269 306 307
f 269 307 270
f 270 307 308
f 270 308 80
f 271 41 309
f 271 309 272
f 272 309 310
f 272 310 273
f 273 310 311
f 273 311 274
f 274 311 312
f 274 312 275
f 275 312 313
f 275 313 276
f 276 313 314
f 276 314 277
f 277 314 315
f 277 315 278
f 278 315 316
f 278 316 279
f 279 316 317
f 279 317 280
f 280 317 318
f 280 318 281
f 281 318 319
f 281 319 282
f 282 319 320
f 282 320 283
f 283 320 321
f 283 321 284
f 284 321 322
f 284 322 285
f 285 322 323
f 285 323 286
f 286 323 324
f 286 324 287
f 287 324 325
f 287 325 288
f 288 325 326
f 288 326 289
f 289 326 327
f 289 327 290
f 290 327 328
f 290 328 291
f 291 328 329
f 291 329 292
f 292 329 330
f 292 330 293
f 293 330 331
f 293 331 294
f 294 331 332
f 294 332 295
f 295 332 333
f 295 333 296
f 296 333 334
f 296 334 297
f 297 334 335
f 297 335 298
f 298 335 336
f 298 336 299
f 299 336 337
f 299 337 300
f 300 337 338
f 300 338 301
f 301 338 339
f 301 339 302
f 302 339 340
f 302 340 303
f 303 340 341
f 303 341 304
f 304 341 342
f 304 342 305
f 305 342 343
f 305 343 306
f 306 343 344
f 306 344 307
f 307 344 345
f 307 345 308
f 308 345 346
f 308 346 80
f 309 41 347
f 309 347 310
f 310 347 348
f 310 348 311
f 311 348 349
f 311 349 312
f 312 349 350
f 312 350 313
f 313 350 351
f 313 351 314
f 314 351 352
f 314 352 315
f 315 352 353
f 315 353 316
f 316 353 354
f 316 354 317
f 317 354 355
f 317 355 318
f 318 355 356
f 318 356 319
f 319 356 357
f 319 357 320
f 320 357 358
f 320 358 321
f 321 358 359
f 321 359 322
f 322 359 360
f 322 360 323
f 323 360 361
f 323 361 324
f 324 361 362
f 324 362 325
f 325 362 363
f 325 363 326
f 326 363 364
f 326 364 327
f 327 364 365
f 327 365 328
f 328 365 366
f 328 366 329
f 329 366 367
f 329 367 330
f 330 367 368
f 330 368 331
f 331 368 369
f 331 369 332
f 332 369 370
f 332 370 333
f 333 370 371
f 333 371 334
f 334 371 372
f 334 372 335
f 335 372 373
f 335 373 336
f 336 373 374
f 336 374 337
f 337 374 375
f 337 375 338
f 338 375 376
f 338 376 339
f 339 376 377
f 339 377 340
f 340 377 378
f 340 378 341
f 341 378 379
f 341 379 342
f 342 379 380
f 342 380 343
f 343 380 381
f 343 381 344
f 344 381 382
f 344 382 345
f 345 382 383
f 345 383 346
f 346 383 384
f 346 384 80
f 347 41 385
f 347 385 348
f 348 385 386
f 348 386 349
f 349 386 387
f 349 387 350
f 350 387 388
f 350 388 351
f 351 388 389
f 351 389 352
f 352 389 390
f 352 390 353
f 353 390 391
f 353 391 354
f 354 391 392
f 354 392 355
f 355 392 393
f 355 393 356
f 356 393 394
f 356 394 357
f 357 394 395
f 357 395 358
f 358 395 396
f 358 396 359
f 359 396 397
f 359 397 360
f 360 397 398
f 360 398 361
f 361 398 399
f 361 399 362
f 362 399 400
f 362 400 363
f 363 400 401
f 363 401 364
f 364 401 402
f 364 402 365
f 365 402 403
f 365 403 366
f 366 403 404
f 366 404 367
f 367 404 405
f 367 405 368
f 368 405 406
f 368 406 369
f 369 406 407
f 369 407 370
f 370 407 408
f 370 408 371
f 371 408 409
f 371 409 372
f 372 409 410
f 372 410 373
f 373 410 411
f 373 411 374
f 374 411 412
f 374 412 375
f 375 412 413
f 375 413 376
f 376 413 414
f 376 414 377
f 377 414 415
f 377 415 378
f 378 415 416
f 378 416 379
f 379 416 417
f 379 417 380
f 380 417 418
f 380 418 381
f 381 418 419
f 381 419 382
f 382 419 420
f 382 420 383
f 383 420 421
f 383 421 384
f 384 421 422
f 384 422 80
f 385 41 423
f 385 423 386
f 386 423 424
f 386 424 387
f 387 424 425
f 387 425 388
f 388 425 426
f 388 426 389
f 389 426 427
f 389 427 390
f 390 427 428
f 390 428 391
f 391 428 429
f 391 429 392
f 392 429 430
f 392 430 393
f 393 430 431
f 393 431 394
f 394 431 432
f 394 432 395
f 395 432 433
f 395 433 396
f 396 433 434
f 396 434 397
f 397 434 435
f 397 435 398
f 398 435 436
f 398 436 399
f 399 436 437
f 399 437 400
f 400 437 438
f 400 438 401
f 401 438 439
f 401 439 402
f 402 439 440
f 402 440 403
f 403 440 441
f 403 441 404
f 404 441 442
f 404 442 405
f 405 442 443
f 405 443 406
f 406 443 444
f 406 444 407
f 407 444 445
f 407 445 408
f 408 445 446
f 408 446 409
f 409 446 447
f 409 447 410
f 410 447 448
f 410 448 411
f 411 448 449
f 411 449 412
f 412 449 450
f 412 450 413
f 413 450 451
f 413 451 414
f 414 451 452
f 414 452 415
f 415 452 453
f 415 453 416
f 416 453 454
f 416 454 417
f 417 454 455
f 417 455 418
f 418 455 456
f 418 456 419
f 419 456 457
f 419 457 420
f 420 457 458
f 420 458 421
f 421 458 459
f 421 459 422
f 422 459 460
f 422 460 80
f 423 41 461
f 423 461 424
f 424 461 462
f 424 462 425
f 425 462 463
f 425 463 426
f 426 463 464
f 426 464 427
f 427 464 465
f 427 465 428
f 428 465 466
f 428 466 429
f 429 466 467
f 429 467 430
f 430 467 468
f 430 468 431
f 431 468 469
f 431 469 432
f 432 469 470
f 432 470 433
f 433 470 471
f 433 471 434
f 434 471 472
f 434 472 435
f 435 472 473
f 435 473 436
f 436 473 474
f 436 474 437
f 437 474 475
f 437 475 438
f 438 475 476
f 438 476 439
f 439 476 477
f 439 477 440
f 440 477 478
f 440 478 441
f 441 478 479
f 441 479 442
f 442 479 480
f 442 480 443
f 443 480 481
f 443 481 444
f 444 481 482
f 444 482 445
f 445 482 483
f 445 483 446
f 446 483 484
f 446 484 447
f 447 484 485
f 447 485 448
f 448 485 486
f 448 486 449
f 449 486 487
f 449 487 450
f 450 487 488
f 450 488 451
f 451 488 489
f 451 489 452
f 452 489 490
f 452 490 453
f 453 490 491
f 453 491 454
f 454 491 492
f 454 492 455
f 455 492 493
f 455 493 456
f 456 493 494
f 456 494 457
f 457 494 495
f 457 495 458
f 458 495 496
f 458 496 459
f 459 496 497
f 459 497 460
f 460 497 498
f 460 498 80
f 461 41 499
f 461 499 462
f 462 499 500
f 462 500 463
f 463 500 501
f 463 501 464
f 464 501 502
f 464 502 465
f 465 502 503
f 465 503 466
f 466 503 504
f 466 504 467
f 467 504 505
f 467 505 468
f 468 505 506
f 468 506 469
f 469 506 507
f 469 507 470
f 470 507 508
f 470 508 471
f 471 508 509
f 471 509 472
f 472 509 510
f 472 510 473
f 473 510 511
f 473 511 474
f 474 511 512
f 474 512 475
f 475 512 513
f 475 513 476
f 476 513 514
f 476 514 477
f 477 514 515
f 477 515 478
f 478 515 516
f 478 516 479
f 479 516 517
f 479 517 480
f 480 517 518
f 480 518 481
f 481 518 519
f 481 519 482
f 482 519 520
f 482 520 483
f 483 520 521
f 483 521 484
f 484 521 522
f 484 522 485
f 485 522 523
f 485 523 486
f 486 523 524
f 486 524 487
f 487 524 525
f 487 525 488
f 488 525 526
f 488 526 489
f 489 526 527
f 489 527 490
f 490 527 528
f 490 528 491
f 491 528 529
f 491 529 492
f 492 529 530
f 492 530 493
f 493 530 531
f 493 531 494
f 494 531 532
f 494 532 495
f 495 532 533
f 495 533 496
f 496 533 534
f 496 534 497
f 497 534 535
f 497 535 498
f 498 535 536
f 498 536 80
f 499 41 537
f 499 537 500
f 500 537 538
f 500 538 501
f 501 538 539
f 501 539 502
f 502 539 540
f 502 540 503
f 503 540 541
f 503 541 504
f 504 541 542
f 504 542 505
f 505 542 543
f 505 543 506
f 506 543 544
f 506 544 507
f 507 544 545
f 507 545 508
f 508 545 546
f 508 546 509
f 509 546 547
f 509 547 510
f 510 547 548
f 510 548 511
f 511 548 549
f 511 549 512
f 512 549 550
f 512 550 513
f 513 550 551
f 513 551 514
f 514 551 552
f 514 552 515
f 515 552 553
f 515 553 516
f 516 553 554
f 516 554 517
f 517 554 555
f 517 555 518
f 518 555 556
f 518 556 519
f 519 556 557
f 519 557 520
f 520 557 558
f 520 558 521
f 521 558 559
f 521 559 522
f 522 559 560
f 522 560 523
f 523 560 561
f 523 561 524
f 524 561 562
f 524 562 525
f 525 562 563
f 525 563 526
f 526 563 564
f 526 564 527
f 527 564 565
f 527 565 528
f 528 565 566
f 528 566 529
f 529 566 567
f 529 567 530
f 530 567 568
f 530 568 531
f 531 568 569
f 531 569 532
f 532 569 570
f 532 570 533
f 533 570 571
f 533 571 534
f 534 571 572
f 534 572 535
f 535 572 573
f 535 573 536
f 536 573 574
f 536 574 80
f 537 41 575
f 537 575 538
f 538 575 576
f 538 576 539
f 539 576 577
f 539 577 540
f 540 577 578
f 540 578 541
f 541 578 579
f 541 579 542
f 542 579 580
f 542 580 543
f 543 580 581
f 543 581 544
f 544 581 582
f 544 582 545
f 545 582 583
f 545 583 546
f 546 583 584
f 546 584 547
f 547 584 585
f 547 585 548
f 548 585 586
f 548 586 549
f 549 586 587
f 549 587 550
f 550 587 588
f 550 588 551
f 551 588 589
f 551 589 552
f 552 589 590
f 552 590 553
f 553 590 591
f 553 591 554
f 554 591 592
f 554 592 555
f 555 592 593
f 555 593 556
f 556 593 594
f 556 594 557
f 557 594 595
f 557 595 558
f 558 595 596
f 558 596 559
f 559 596 597
f 559 597 560
f 560 597 598
f 560 598 561
f 561 598 599
f 561 599 562
f 562 599 600
f 562 600 563
f 563 600 601
f 563 601 564
f 564 601 602
f 564 602 565
f 565 602 603
f 565 603 566
f 566 603 604
f 566 604 567
f 567 604 605
f 567 605 568
f 568 605 606
f 568 606 569
f 569 606 607
f 569 607 570
f 570 607 608
f 570 608 571
f 571 608 609
f 571 609 572
f 572 609 610
f 572 610 573
f 573 610 611
f 573 611 574
f 574 611 612
f 574 612 80
f 575 41 613
f 575 613 576
f 576 613 614
f 576 614 577
f 577 614 615
f 577 615 578
f 578 615 616
f 578 616 579
f 579 616 617
f 579 617 580
f 580 617 618
f 580 618 581
f 581 618 619
f 581 619 582
f 582 619 620
f 582 620 583
f 583 620 621
f 583 621 584
f 584 621 622
f 584 622 585
f 585 622 623
f 585 623 586
f 586 623 624
f 586 624 587
f 587 624 625
f 587 625 588
f 588 625 626
f 588 626 589
f 589 626 627
f 589 627 590
f 590 627 628
f 590 628 591
f 591 628 629
f 591 629 592
f 592 629 630
f 592 630 593
f 593 630 631
f 593 631 594
f 594 631 632
f 594 632 595
f 595 632 633
f 595 633 596
f 596 633 634
f 596 634 597
f 597 634 635
f 597 635 598
f 598 635 636
f 598 636 599
f 599 636 637
f 599 637 600
f 600 637 638
f 600 638 601
f 601 638 639
f 601 639 602
f 602 639 640
f 602 640 603
f 603 640 641
f 603 641 604
f 604 641 642
f 604 642 605
f 605 642 643
f 605 643 606
f 606 643 644
f 606 644 607
f 607 644 645
f 607 645 608
f 608 645 646
f 608 646 609
f 609 646 647
f 609 647 610
f 610 647 648
f 610 648 611
f 611 648 649
f 611 649 612
f 612 649 650
f 612 650 80
f 613 41 651
f 613 651 614
f 614 651 652
f 614 652 615
f 615 652 653
f 615 653 616
f 616 653 654
f 616 654 617
f 617 654 655
f 617 655 618
f 618 655 656
f 618 656 619
f 619 656 657
f 619 657 620
f 620 657 658
f 620 658 621
f 621 658 659
f 621 659 622
f 622 659 660
f 622 660 623
f 623 660 661
f 623 661 624
f 624 661 662
f 624 662 625
f 625 662 663
f 625 663 626
f 626 663 664
f 626 664 627
f 627 664 665
f 627 665 628
f 628 665 666
f 628 666 629
f 629 666 667
f 629 667 630
f 630 667 668
f 630 668 631
f 631 668 669
f 631 669 632
f 632 669 670
f 632 670 633
f 633 670 671
f 633 671 634
f 634 671 672
f 634 672 635
f 635 672 673
f 635 673 636
f 636 673 674
f 636 674 637
f 637 674 675
f 637 675 638
f 638 675 676
f 638 676 639
f 639 676 677
f 639 677 640
f 640 677 678
f 640 678 641
f 641 678 679
f 641 679 642
f 642 679 680
f 642 680 643
f 643 680 681
f 643 681 644
f 644 681 682
f 644 682 645
f 645 682 683
f 645 683 646
f 646 683 684
f 646 684 647
f 647 684 685
f 647 685 648
f 648 685 686
f 648 686 649
f 649 686 687
f 649 687 650
f 650 687 688
f 650 688 80
f 651 41 689
f 651 689 652
f 652 689 690
f 652 690 653
f 653 690 691
f 653 691 654
f 654 691 692
f 654 692 655
f 655 692 693
f 655 693 656
f 656 693 694
f 656 694 657
f 657 694 695
f 657 695 658
f 658 695 696
f 658 696 659
f 659 696 697
f 659 697 660
f 660 697 698
f 660 698 661
f 661 698 699
f 661 699 662
f 662 699 700
f 662 700 663
f 663 700 701
f 663 701 664
f 664 701 702
f 664 702 665
f 665 702 703
f 665 703 666
f 666 703 704
f 666 704 667
f 667 704 705
f 667 705 668
f 668 705 706
f 668 706 669
f 669 706 707
f 669 707 670
f 670 707 708
f 670 708 671
f 671 708 709
f 671 709 672
f 672 709 710
f 672 710 673
f 673 710 711
f 673 711 674
f 674 711 712
f 674 712 675
f 675 712 713
f 675 713 676
f 676 713 714
f 676 714 677
f 677 714 715
f 677 715 678
f 678 715 716
f 678 716 679
f 679 716 717
f 679 717 680
f 680 717 718
f 680 718 681
f 681 718 719
f 681 719 682
f 682 719 720
f 682 720 683
f 683 720 721
f 683 721 684
f 684 721 722
f 684 722 685
f 685 722 723
f 685 723 686
f 686 723 724
f 686 724 687
f 687 724 725
f 687 725 688
f 688 725 726
f 688 726 80
f 689 41 727
f 689 727 690
f 690 727 728
f 690 728 691
f 691 728 729
f 691 729 692
f 692 729 730
f 692 730 693
f 693 730 731
f 693 731 694
f 694 731 732
f 694 732 695
f 695 732 733
f 695 733 696
f 696 733 734
f 696 734 697
f 697 734 735
f 697 735 698
f 698 735 736
f 698 736 699
f 699 736 737
f 699 737 700
f 700 737 738
f 700 738 701
f 701 738 739
f 701 739 702
f 702 739 740
f 702 740 703
f 703 740 741
f 703 741 704
f 704 741 742
f 704 742 705
f 705 742 743
f 705 743 706
f 706 743 744
f 706 744 707
f 707 744 745
f 707 745 708
f 708 745 746
f 708 746 709
f 709 746 747
f 709 747 710
f 710 747 748
f 710 748 711
f 711 748 749
f 711 749 712
f 712 749 750
f 712 750 713
f 713 750 751
f 713 751 714
f 714 751 752
f 714 752 715
f 715 752 753
f 715 753 716
f 716 753 754
f 716 754 717
f 717 754 755
f 717 755 718
f 718 755 756
f 718 756 719
f 719 756 757
f 719 757 720
f 720 757 758
f 720 758 721
f 721 758 759
f 721 759 722
f 722 759 760
f 722 760 723
f 723 760 761
f 723 761 724
f 724 761 762
f 724 762 725
f 725 762 763
f 725 763 726
f 726 763 764
f 726 764 80
f 727 41 765
f 727 765 728
f 728 765 766
f 728 766 729
f 729 766 767
f 729 767 730
f 730 767 768
f 730 768 731
f 731 768 769
f 731 769 732
f 732 769 770
f 732 770 733
f 733 770 771
f 733 771 734
f 734 771 772
f 734 772 735
f 735 772 773
f 735 773 736
f 736 773 774
f 736 774 737
f 737 774 775
f 737 775 738
f 738 775 776
f 738 776 739
f 739 776 777
f 739 777 740
f 740 777 778
f 740 778 741
f 741 778 779
f 741 779 742
f 742 779 780
f 742 780 743
f 743 780 781
f 743 781 744
f 744 781 782
f 744 782 745
f 745 782 783
f 745 783 746
f 746 783 784
f 746 784 747
f 747 784 785
f 747 785 748
f 748 785 786
f 748 786 749
f 749 786 787
f 749 787 750
f 750 787 788
f 750 788 751
f 751 788 789
f 751 789 752
f 752 789 790
f 752 790 753
f 753 790 791
f 753 791 754
f 754 791 792
f 754 792 755
f 755 792 793
f 755 793 756
f 756 793 794
f 756 794 757
f 757 794 795
f 757 795 758
f 758 795 796
f 758 796 759
f 759 796 797
f 759 797 760
f 760 797 798
f 760 798 761
f 761 798 799
f 761 799 762
f 762 799 800
f 762 800 763
f 763 800 801
f 763 801 764
f 764 801 802
f 764 802 80
f 765 41 42
f 765 42 766
f 766 42 43
f 766 43 767
f 767 43 44
f 767 44 768
f 768 44 45
f 768 45 769
f 769 45 46
f 769 46 770
f 770 46 47
f 770 47 771
f 771 47 48
f 771 48 772
f 772 48 49
f 772 49 773
f 773 49 50
f 773 50 774
f 774 50 51
f 774 51 775
f 775 51 52
f 775 52 776
f 776 52 53
f 776 53 777
f 777 53 54
f 777 54 778
f 778 54 55
f 778 55 779
f 779 55 56
f 779 56 780
f 780 56 57
f 780 57 781
f 781 57 58
f 781 58 782
f 782 58 59
f 782 59 783
f 783 59 60
f 783 60 784
f 784 60 61
f 784 61 785
f 785 61 62
f 785 62 786
f 786 62 63
f 786 63 787
f 787 63 64
f 787 64 788
f 788 64 65
f 788 65 789
f 789 65 66
f 789 66 790
f 790 66 67
f 790 67 791
f 791 67 68
f 791 68 792
f 792 68 69
f 792 69 793
f 793 69 70
f 793 70 794
f 794 70 71
f 794 71 795
f 795 71 72
f 795 72 796
f 796 72 73
f 796 73 797
f 797 73 74
f 797 74 798
f 798 74 75
f 798 75 799
f 799 75 76
f 799 76 800
f 800 76 77
f 800 77 801
f 801 77 78
f 801 78 802
f 802 78 79
f 802 79 80
f 804 803 807
f 804 807 805
f 805 807 808
f 805 808 806
f 807 803 809
f 807 809 808
f 808 809 810
f 808 810 806
f 809 803 811
f 809 811 810
f 810 811 812
f 810 812 806
f 811 803 813
f 811 813 812
f 812 813 814
f 812 814 806
f 813 803 815
f 813 815 814
f 814 815 816
f 814 816 806
f 815 803 817
f 815 817 816
f 816 817 818
f 816 818 806
f 817 803 819
f 817 819 818
f 818 819 820
f 818 820 806
f 819 803 821
f 819 821 820
f 820 821 822
f 820 822 806
f 821 803 823
f 821 823 822
f 822 823 824
f 822 824 806
f 823 803 825
f 823 825 824
f 824 825 826
f 824 826 806
f 825 803 827
f 825 827 826
f 826 827 828
f 826 828 806
f 827 803 829
f 827 829 828
f 828 829 830
f 828 830 806
f 829 803 831
f 829 831 830
f 830 831 832
f 830 832 806
f 831 803 833
f 831 833 832
f 832 833 834
f 832 834 806
f 833 803 835
f 833 835 834
f 834 835 836
f 834 836 806
f 835 803 837
f 835 837 836
f 836 837 838
f 836 838 806
f 837 803 839
f 837 839 838
f 838 839 840
f 838 840 806
f 839 803 841
f 839 841 840
f 840 841 842
f 840 842 806
f 841 803 843
f 841 843 842
f 842 843 844
f 842 844 806
f 843 803 845
f 843 845 844
f 844 845 846
f 844 846 806
f 845 803 847
f 845 847 846
f 846 847 848
f 846 848 806
f 847 803 849
f 847 849 848
f 848 849 850
f 848 850 806
f 849 803 851
f 849 851 850
f 850 851 852
f 850 852 806
f 851 803 853
f 851 853 852
f 852 853 854
f 852 854 806
f 853 803 855
f 853 855 854
f 854 855 856
f 854 856 806
f 855 803 857
f 855 857 856
f 856 857 858
f 856 858 806
f 857 803 859
f 857 859 858
f 858 859 860
f 858 860 806
f 859 803 861
f 859 861 860
f 860 861 862
f 860 862 806
f 861 803 863
f 861 863 862
f 862 863 864
f 862 864 806
f 863 803 865
f 863 865 864
f 864 865 866
f 864 866 806
f 865 803 867
f 865 867 866
f 866 867 868
f 866 868 806
f 867 803 804
f 867 804 868
f 868 804 805
f 868 805 806
f 870 869 873
f 870 873 871
f 871 873 874
f 871 874 872
f 873 869 875
f 873 875 874
f 874 875 876
f 874 876 872
f 875 869 877
f 875 877 876
f 876 877 878
f 876 878 872
f 877 869 879
f 877 879 878
f 878 879 880
f 878 880 872
f 879 869 881
f 879 881 880
f 880 881 882
f 880 882 872
f 881 869 883
f 881 883 882
f 882 883 884
f 882 884 872
f 883 869 885
f 883 885 884
f 884 885 886
f 884 886 872
f 885 869 887
f 885 887 886
f 886 887 888
f 886 888 872
f 887 869 889
f 887 889 888
f 888 889 890
f 888 890 872
f 889 869 891
f 889 891 890
f 890 891 892
f 890 892 872
f 891 869 893
f 891 893 892
f 892 893 894
f 892 894 872
f 893 869 895
f 893 895 894
f 894 895 896
f 894 896 872
f 895 869 897
f 895 897 896
f 896 897 898
f 896 898 872
f 897 869 899
f 897 899 898
f 898 899 900
f 898 900 872
f 899 869 901
f 899 901 900
f 900 901 902
f 900 902 872
f 901 869 903
f 901 903 902
f 902 903 904
f 902 904 872
f 903 869 905
f 903 905 904
f 904 905 906
f 904 906 872
f 905 869 907
f 905 907 906
f 906 907 908
f 906 908 872
f 907 869 909
f 907 909 908
f 908 909 910
f 908 910 872
f 909 869 911
f 909 911 910
f 910 911 912
f 910 912 872
f 911 869 913
f 911 913 912
f 912 913 914
f 912 914 872
f 913 869 915
f 913 915 914
f 914 915 916
f 914 916 872
f 915 869 917
f 915 917 916
f 916 917 918
f 916 918 872
f 917 869 919
f 917 919 918
f 918 919 920
f 918 920 872
f 919 869 921
f 919 921 920
f 920 921 922
f 920 922 872
f 921 869 923
f 921 923 922
f 922 923 924
f 922 924 872
f 923 869 925
f 923 925 924
f 924 925 926
f 924 926 872
f 925 869 927
f 925 927 926
f 926 927 928
f 926 928 872
f 927 869 929
f 927 929 928
f 928 929 930
f 928 930 872
f 929 869 931
f 929 931 930
f 930 931 932
f 930 932 872
f 931 869 933
f 931 933 932
f 932 933 934
f 932 934 872
f 933 869 870
f 933 870 934
f 934 870 871
f 934 871 872
f 936 935 939
f 936 939 937
f 937 939 940
f 937 940 938
f 939 935 941
f 939 941 940
f 940 941 942
f 940 942 938
f 941 935 943
f 941 943 942
f 942 943 944
f 942 944 938
f 943 935 945
f 943 945 944
f 944 945 946
f 944 946 938
f 945 935 947
f 945 947 946
f 946 947 948
f 946 948 938
f 947 935 949
f 947 949 948
f 948 949 950
f 948 950 938
f 949 935 951
f 949 951 950
f 950 951 952
f 950 952 938
f 951 935 953
f 951 953 952
f 952 953 954
f 952 954 938
f 953 935 955
f 953 955 954
f 954 955 956
f 954 956 938
f 955 935 957
f 955 957 956
f 956 957 958
f 956 958 938
f 957 935 959
f 957 959 958
f 958 959 960
f 958 960 938
f 959 935 961
f 959 961 960
f 960 961 962
f 960 962 938
f 961 935 963
f 961 963 962
f 962 963 964
f 962 964 938
f 963 935 965
f 963 965 964
f 964 965 966
f 964 966 938
f 965 935 967
f 965 967 966
f 966 967 968
f 966 968 938
f 967 935 969
f 967 969 968
f 968 969 970
f 968 970 938
f 969 935 971
f 969 971 970
f 970 971 972
f 970 972 938
f 971 935 973
f 971 973 972
f 972 973 974
f 972 974 938
f 973 935 975
f 973 975 974
f 974 975 976
f 974 976 938
f 975 935 977
f 975 977 976
f 976 977 978
f 976 978 938
f 977 935 979
f 977 979 978
f 978 979 980
f 978 980 938
f 979 935 981
f 979 981 980
f 980 981 982
f 980 982 938
f 981 935 983
f 981 983 982
f 982 983 984
f 982 984 938
f 983 935 985
f 983 985 984
f 984 985 986
f 984 986 938
f 985 935 987
f 985 987 986
f 986 987 988
f 986 988 938
f 987 935 989
f 987 989 988
f 988 989 990
f 988 990 938
f 989 935 991
f 989 991 990
f 990 991 992
f 990 992 938
f 991 935 993
f 991 993 992
f 992 993 994
f 992 994 938
f 993 935 995
f 993 995 994
f 994 995 996
f 994 996 938
f 995 935 997
f 995 997 996
f 996 997 998
f 996 998 938
f 997 935 999
f 997 999 998
f 998 999 1000
f 998 1000 938
f 999 935 936
f 999 936 1000
f 1000 936 937
f 1000 937 938
f 1002 1001 1005
f 1002 1005 1003
f 1003 1005 1006
f 1003 1006 1004
f 1005 1001 1007
f 1005 1007 1006
f 1006 1007 1008
f 1006 1008 1004
f 1007 1001 1009
f 1007 1009 1008
f 1008 1009 1010
f 1008 1010 1004
f 1009 1001 1011
f 1009 1011 1010
f 1010 1011 1012
f 1010 1012 1004
f 1011 1001 1013
f 1011 1013 1012
f 1012 1013 1014
f 1012 1014 1004
f 1013 1001 1015
f 1013 1015 1014
f 1014 1015 1016
f 1014 1016 1004
f 1015 1001 1017
f 1015 1017 1016
f 1016 1017 1018
f 1016 1018 1004
f 1017 1001 1019
f 1017 1019 1018
f 1018 1019 1020
f 1018 1020 1004
f 1019 1001 1021
f 1019 1021 1020
f 1020 1021 1022
f 1020 1022 1004
f 1021 1001 1023
f 1021 1023 1022
f 1022 1023 1024
f 1022 1024 1004
f 1023 1001 1025
f 1023 1025 1024
f 1024 1025 1026
f 1024 1026 1004
f 1025 1001 1027
f 1025 1027 1026
f 1026 1027 1028
f 1026 1028 1004
f 1027 1001 1029
f 1027 1029 1028
f 1028 1029 1030
f 1028 1030 1004
f 1029 1001 1031
f 1029 1031 1030
f 1030 1031 1032
f 1030 1032 1004
f 1031 1001 1033
f 1031 1033 1032
f 1032 1033 1034
f 1032 1034 1004
f 1033 1001 1035
f 1033 1035 1034
f 1034 1035 1036
f 1034 1036 1004
f 1035 1001 1037
f 1035 1037 1036
f 1036 1037 1038
f 1036 1038 1004
f 1037 1001 1039
f 1037 1039 1038
f 1038 1039 1040
f 1038 1040 1004
f 1039 1001 1041
f 1039 1041 1040
f 1040 1041 1042
f 1040 1042 1004
f 1041 1001 1043
f 1041 1043 1042
f 1042 1043 1044
f 1042 1044 1004
f 1043 1001 1045
f 1043 1045 1044
f 1044 1045 1046
f 1044 1046 1004
f 1045 1001 1047
f 1045 1047 1046
f 1046 1047 1048
f 1046 1048 1004
f 1047 1001 1049
f 1047 1049 1048
f 1048 1049 1050
f 1048 1050 1004
f 1049 1001 1051
f 1049 1051 1050
f 1050 1051 1052
f 1050 1052 1004
f 1051 1001 1053
f 1051 1053 1052
f 1052 1053 1054
f 1052 1054 1004
f 1053 1001 1055
f 1053 1055 1054
f 1054 1055 1056
f 1054 1056 1004
f 1055 1001 1057
f 1055 1057 1056
f 1056 1057 1058
f 1056 1058 1004
f 1057 1001 1059
f 1057 1059 1058
f 1058 1059 1060
f 1058 1060 1004
f 1059 1001 1061
f 1059 1061 1060
f 1060 1061 1062
f 1060 1062 1004
f 1061 1001 1063
f 1061 1063 1062
f 1062 1063 1064
f 1062 1064 1004
f 1063 1001 1065
f 1063 1065 1064
f 1064 1065 1066
f 1064 1066 1004
f 1065 1001 1002
f 1065 1002 1066
f 1066 1002 1003
f 1066 1003 1004
f 1068 1067 1071
f 1068 1071 1069
f 1069 1071 1072
f 1069 1072 1070
f 1071 1067 1073
f 1071 1073 1072
f 1072 1073 1074
f 1072 1074 1070
f 1073 1067 1075
f 1073 1075 1074
f 1074 1075 1076
f 1074 1076 1070
f 1075 1067 1077
f 1075 1077 1076
f 1076 1077 1078
f 1076 1078 1070
f 1077 1067 1079
f 1077 1079 1078
f 1078 1079 1080
f 1078 1080 1070
f 1079 1067 1081
f 1079 1081 1080
f 1080 1081 1082
f 1080 1082 1070
f 1081 1067 1083
f 1081 1083 1082
f 1082 1083 1084
f 1082 1084 1070
f 1083 1067 1085
f 1083 1085 1084
f 1084 1085 1086
f 1084 1086 1070
f 1085 1067 1087
f 1085 1087 1086
f 1086 1087 1088
f 1086 1088 1070
f 1087 1067 1089
f 1087 1089 1088
f 1088 1089 1090
f 1088 1090 1070
f 1089 1067 1091
f 1089 1091 1090
f 1090 1091 1092
f 1090 1092 1070
f 1091 1067 1093
f 1091 1093 1092
f 1092 1093 1094
f 1092 1094 1070
f 1093 1067 1095
f 1093 1095 1094
f 1094 1095 1096
f 1094 1096 1070
f 1095 1067 1097
f 1095 1097 1096
f 1096 1097 1098
f 1096 1098 1070
f 1097 1067 1099
f 1097 1099 1098
f 1098 1099 1100
f 1098 1100 1070
f 1099 1067 1101
f 1099 1101 1100
f 1100 1101 1102
f 1100 1102 1070
f 1101 1067 1103
f 1101 1103 1102
f 1102 1103 1104
f 1102 1104 1070
f 1103 1067 1105
f 1103 1105 1104
f 1104 1105 1106
f 1104 1106 1070
f 1105 1067 1107
f 1105 1107 1106
f 1106 1107 1108
f 1106 1108 1070
f 1107 1067 1109
f 1107 1109 1108
f 1108 1109 1110
f 1108 1110 1070
f 1109 1067 1111
f 1109 1111 1110
f 1110 1111 1112
f 1110 1112 1070
f 1111 1067 1113
f 1111 1113 1112
f 1112 1113 1114
f 1112 1114 1070
f 1113 1067 1115
f 1113 1115 1114
f 1114 1115 1116
f 1114 1116 1070
f 1115 1067 1117
f 1115 1117 1116
f 1116 1117 1118
f 1116 1118 1070
f 1117 1067 1119
f 1117 1119 1118
f 1118 1119 1120
f 1118 1120 1070
f 1119 1067 1121
f 1119 1121 1120
f 1120 1121 1122
f 1120 1122 1070
f 1121 1067 1123
f 1121 1123 1122
f 1122 1123 1124
f 1122 1124 1070
f 1123 1067 1125
f 1123 1125 1124
f 1124 1125 1126
f 1124 1126 1070
f 1125 1067 1127
f 1125 1127 1126
f 1126 1127 1128
f 1126 1128 1070
f 1127 1067 1129
f 1127 1129 1128
f 1128 1129 1130
f 1128 1130 1070
f 1129 1067 1131
f 1129 1131 1130
f 1130 1131 1132
f 1130 1132 1070
f 1131 1067 1068
f 1131 1068 1132
f 1132 1068 1069
f 1132 1069 1070
f 1134 1133 1137
f 1134 1137 1135
f 1135 1137 1138
f 1135 1138 1136
f 1137 1133 1139
f 1137 1139 1138
f 1138 1139 1140
f 1138 1140 1136
f 1139 1133 1141
f 1139 1141 1140
f 1140 1141 1142
f 1140 1142 1136
f 1141 1133 1143
f 1141 1143 1142
f 1142 1143 1144
f 1142 1144 1136
f 1143 1133 1145
f 1143 1145 1144
f 1144 1145 1146
f 1144 1146 1136
f 1145 1133 1147
f 1145 1147 1146
f 1146 1147 1148
f 1146 1148 1136
f 1147 1133 1149
f 1147 1149 1148
f 1148 1149 1150
f 1148 1150 1136
f 1149 1133 1151
f 1149 1151 1150
f 1150 1151 1152
f 1150 1152 1136
f 1151 1133 1153
f 1151 1153 1152
f 1152 1153 1154
f 1152 1154 1136
f 1153 1133 1155
f 1153 1155 1154
f 1154 1155 1156
f 1154 1156 1136
f 1155 1133 1157
f 1155 1157 1156
f 1156 1157 1158
f 1156 1158 1136
f 1157 1133 1159
f 1157 1159 1158
f 1158 1159 1160
f 1158 1160 1136
f 1159 1133 1161
f 1159 1161 1160
f 1160 1161 1162
f 1160 1162 1136
f 1161 1133 1163
f 1161 1163 1162
f 1162 1163 1164
f 1162 1164 1136
f 1163 1133 1165
f 1163 1165 1164
f 1164 1165 1166
f 1164 1166 1136
f 1165 1133 1167
f 1165 1167 1166
f 1166 1167 1168
f 1166 1168 1136
f 1167 1133 1169
f 1167 1169 1168
f 1168 1169 1170
f 1168 1170 1136
f 1169 1133 1171
f 1169 1171 1170
f 1170 1171 1172
f 1170 1172 1136
f 1171 1133 1173
f 1171 1173 1172
f 1172 1173 1174
f 1172 1174 1136
f 1173 1133 1175
f 1173 1175 1174
f 1174 1175 1176
f 1174 1176 1136
f 1175 1133 1177
f 1175 1177 1176
f 1176 1177 1178
f 1176 1178 1136
f 1177 1133 1179
f 1177 1179 1178
f 1178 1179 1180
f 1178 1180 1136
f 1179 1133 1181
f 1179 1181 1180
f 1180 1181 1182
f 1180 1182 1136
f 1181 1133 1183
f 1181 1183 1182
f 1182 1183 1184
f 1182 1184 1136
f 1183 1133 1185
f 1183 1185 1184
f 1184 1185 1186
f 1184 1186 1136
f 1185 1133 1187
f 1185 1187 1186
f 1186 1187 1188
f 1186 1188 1136
f 1187 1133 1189
f 1187 1189 1188
f 1188 1189 1190
f 1188 1190 1136
f 1189 1133 1191
f 1189 1191 1190
f 1190 1191 1192
f 1190 1192 1136
f 1191 1133 1193
f 1191 1193 1192
f 1192 1193 1194
f 1192 1194 1136
f 1193 1133 1195
f 1193 1195 1194
f 1194 1195 1196
f 1194 1196 1136
f 1195 1133 1197
f 1195 1197 1196
f 1196 1197 1198
f 1196 1198 1136
f 1197 1133 1134
f 1197 1134 1198
f 1198 1134 1135
f 1198 1135 1136
f 1200 1199 1203
f 1200 1203 1201
f 1201 1203 1204
f 1201 1204 1202
f 1203 1199 1205
f 1203 1205 1204
f 1204 1205 1206
f 1204 1206 1202
f 1205 1199 1207
f 1205 1207 1206
f 1206 1207 1208
f 1206 1208 1202
f 1207 1199 1209
f 1207 1209 1208
f 1208 1209 1210
f 1208 1210 1202
f 1209 1199 1211
f 1209 1211 1210
f 1210 1211 1212
f 1210 1212 1202
f 1211 1199 1213
f 1211 1213 1212
f 1212 1213 1214
f 1212 1214 1202
f 1213 1199 1215
f 1213 1215 1214
f 1214 1215 1216
f 1214 1216 1202
f 1215 1199 1217
f 1215 1217 1216
f 1216 1217 1218
f 1216 1218 1202
f 1217 1199 1219
f 1217 1219 1218
f 1218 1219 1220
f 1218 1220 1202
f 1219 1199 1221
f 1219 1221 1220
f 1220 1221 1222
f 1220 1222 1202
f 1221 1199 1223
f 1221 1223 1222
f 1222 1223 1224
f 1222 1224 1202
f 1223 1199 1225
f 1223 1225 1224
f 1224 1225 1226
f 1224 1226 1202
f 1225 1199 1227
f 1225 1227 1226
f 1226 1227 1228
f 1226 1228 1202
f 1227 1199 1229
f 1227 1229 1228
f 1228 1229 1230
f 1228 1230 1202
f 1229 1199 1231
f 1229 1231 1230
f 1230 1231 1232
f 1230 1232 1202
f 1231 1199 1233
f 1231 1233 1232
f 1232 1233 1234
f 1232 1234 1202
f 1233 1199 1235
f 1233 1235 1234
f 1234 1235 1236
f 1234 1236 1202
f 1235 1199 1237
f 1235 1237 1236
f 1236 1237 1238
f 1236 1238 1202
f 1237 1199 1239
f 1237 1239 1238
f 1238 1239 1240
f 1238 1240 1202
f 1239 1199 1241
f 1239 1241 1240
f 1240 1241 1242
f 1240 1242 1202
f 1241 1199 1243
f 1241 1243 1242
f 1242 1243 1244
f 1242 1244 1202
f 1243 1199 1245
f 1243 1245 1244
f 1244 1245 1246
f 1244 1246 1202
f 1245 1199 1247
f 1245 1247 1246
f 1246 1247 1248
f 1246 1248 1202
f 1247 1199 1249
f 1247 1249 1248
f 1248 1249 1250
f 1248 1250 1202
f 1249 1199 1251
f 1249 1251 1250
f 1250 1251 1252
f 1250 1252 1202
f 1251 1199 1253
f 1251 1253 1252
f 1252 1253 1254
f 1252 1254 1202
f 1253 1199 1255
f 1253 1255 1254
f 1254 1255 1256
f 1254 1256 1202
f 1255 1199 1257
f 1255 1257 1256
f 1256 1257 1258
f 1256 1258 1202
f 1257 1199 1259
f 1257 1259 1258
f 1258 1259 1260
f 1258 1260 1202
f 1259 1199 1261
f 1259 1261 1260
f 1260 1261 1262
f 1260 1262 1202
f 1261 1199 1263
f 1261 1263 1262
f 1262 1263 1264
f 1262 1264 1202
f 1263 1199 1200
f 1263 1200 1264
f 1264 1200 1201
f 1264 1201 1202
f 1266 1268 1265
f 1269 1266 1265
f 1265 1268 1267
f 1267 1269 1265
f 1266 1272 1268
f 1270 1266 1269
f 1270 1272 1266
f 1268 1272 1267
f 1271 1269 1267
f 1267 1272 1271
f 1271 1270 1269
f 1272 1270 1271
f 1274 1276 1273
f 1277 1274 1273
f 1273 1276 1275
f 1275 1277 1273
f 1274 1280 1276
f 1278 1274 1277
f 1278 1280 1274
f 1276 1280 1275
f 1279 1277 1275
f 1275 1280 1279
f 1279 1278 1277
f 1280 1278 1279
f 1282 1284 1281
f 1285 1282 1281
f 1281 1284 1283
f 1283 1285 1281
f 1282 1288 1284
f 1286 1282 1285
f 1286 1288 1282
f 1284 1288 1283
f 1287 1285 1283
f 1283 1288 1287
f 1287 1286 1285
f 1288 1286 1287
f 1290 1292 1289
f 1293 1290 1289
f 1289 1292 1291
f 1291 1293 1289
f 1290 1296 1292
f 1294 1290 1293
f 1294 1296 1290
f 1292 1296 1291
f 1295 1293 1291
f 1291 1296 1295
f 1295 1294 1293
f 1296 1294 1295
f 1298 1300 1297
f 1301 1298 1297
f 1297 1300 1299
f 1299 1301 1297
f 1298 1304 1300
f 1302 1298 1301
f 1302 1304 1298
f 1300 1304 1299
f 1303 1301 1299
f 1299 1304 1303
f 1303 1302 1301
f 1304 1302 1303
f 1306 1308 1305
f 1309 1306 1305
f 1305 1308 1307
f 1307 1309 1305
f 1306 1312 1308
f 1310 1306 1309
f 1310 1312 1306
f 1308 1312 1307
f 1311 1309 1307
f 1307 1312 1311
f 1311 1310 1309
f 1312 1310 1311
f 1314 1316 1313
f 1317 1314 1313
f 1313 1316 1315
f 1315 1317 1313
f 1314 1320 1316
f 1318 1314 1317
f 1318 1320 1314
f 1316 1320 1315
f 1319 1317 1315
f 1315 1320 1319
f 1319 1318 1317
f 1320 1318 1319
f 1322 1324 1321
f 1325 1322 1321
f 1321 1324 1323
f 1323 1325 1321
f 1322 1328 1324
f 1326 1322 1325
f 1326 1328 1322
f 1324 1328 1323
f 1327 1325 1323
f 1323 1328 1327
f 1327 1326 1325
f 1328 1326 1327
f 1330 1332 1329
f 1333 1330 1329
f 1329 1332 1331
f 1331 1333 1329
f 1330 1336 1332
f 1334 1330 1333
f 1334 1336 1330
f 1332 1336 1331
f 1335 1333 1331
f 1331 1336 1335
f 1335 1334 1333
f 1336 1334 1335
f 1338 1337 1377
f 1338 1377 1339
f 1339 1377 1378
f 1339 1378 1340
f 1340 1378 1379
f 1340 1379 1341
f 1341 1379 1380
f 1341 1380 1342
f 1342 1380 1381
f 1342 1381 1343
f 1343 1381 1382
f 1343 1382 1344
f 1344 1382 1383
f 1344 1383 1345
f 1345 1383 1384
f 1345 1384 1346
f 1346 1384 1385
f 1346 1385 1347
f 1347 1385 1386
f 1347 1386 1348
f 1348 1386 1387
f 1348 1387 1349
f 1349 1387 1388
f 1349 1388 1350
f 1350 1388 1389
f 1350 1389 1351
f 1351 1389 1390
f 1351 1390 1352
f 1352 1390 1391
f 1352 1391 1353
f 1353 1391 1392
f 1353 1392 1354
f 1354 1392 1393
f 1354 1393 1355
f 1355 1393 1394
f 1355 1394 1356
f 1356 1394 1395
f 1356 1395 1357
f 1357 1395 1396
f 1357 1396 1358
f 1358 1396 1397
f 1358 1397 1359
f 1359 1397 1398
f 1359 1398 1360
f 1360 1398 1399
f 1360 1399 1361
f 1361 1399 1400
f 1361 1400 1362
f 1362 1400 1401
f 1362 1401 1363
f 1363 1401 1402
f 1363 1402 1364
f 1364 1402 1403
f 1364 1403 1365
f 1365 1403 1404
f 1365 1404 1366
f 1366 1404 1405
f 1366 1405 1367
f 1367 1405 1406
f 1367 1406 1368
f 1368 1406 1407
f 1368 1407 1369
f 1369 1407 1408
f 1369 1408 1370
f 1370 1408 1409
f 1370 1409 1371
f 1371 1409 1410
f 1371 1410 1372
f 1372 1410 1411
f 1372 1411 1373
f 1373 1411 1412
f 1373 1412 1374
f 1374 1412 1413
f 1374 1413 1375
f 1375 1413 1414
f 1375 1414 1376
f 1377 1337 1415
f 1377 1415 1378
f 1378 1415 1416
f 1378 1416 1379
f 1379 1416 1417
f 1379 1417 1380
f 1380 1417 1418
f 1380 1418 1381
f 1381 1418 1419
f 1381 1419 1382
f 1382 1419 1420
f 1382 1420 1383
f 1383 1420 1421
f 1383 1421 1384
f 1384 1421 1422
f 1384 1422 1385
f 1385 1422 1423
f 1385 1423 1386
f 1386 1423 1424
f 1386 1424 1387
f 1387 1424 1425
f 1387 1425 1388
f 1388 1425 1426
f 1388 1426 1389
f 1389 1426 1427
f 1389 1427 1390
f 1390 1427 1428
f 1390 1428 1391
f 1391 1428 1429
f 1391 1429 1392
f 1392 1429 1430
f 1392 1430 1393
f 1393 1430 1431
f 1393 1431 1394
f 1394 1431 1432
f 1394 1432 1395
f 1395 1432 1433
f 1395 1433 1396
f 1396 1433 1434
f 1396 1434 1397
f 1397 1434 1435
f 1397 1435 1398
f 1398 1435 1436
f 1398 1436 1399
f 1399 1436 1437
f 1399 1437 1400
f 1400 1437 1438
f 1400 1438 1401
f 1401 1438 1439
f 1401 1439 1402
f 1402 1439 1440
f 1402 1440 1403
f 1403 1440 1441
f 1403 1441 1404
f 1404 1441 1442
f 1404 1442 1405
f 1405 1442 1443
f 1405 1443 1406
f 1406 1443 1444
f 1406 1444 1407
f 1407 1444 1445
f 1407 1445 1408
f 1408 1445 1446
f 1408 1446 1409
f 1409 1446 1447
f 1409 1447 1410
f 1410 1447 1448
f 1410 1448 1411
f 1411 1448 1449
f 1411 1449 1412
f 1412 1449 1450
f 1412 1450 1413
f 1413 1450 1451
f 1413 1451 1414
f 1414 1451 1452
f 1414 1452 1376
f 1415 1337 1453
f 1415 1453 1416
f 1416 1453 1454
f 1416 1454 1417
f 1417 1454 1455
f 1417 1455 1418
f 1418 1455 1456
f 1418 1456 1419
f 1419 1456 1457
f 1419 1457 1420
f 1420 1457 1458
f 1420 1458 1421
f 1421 1458 1459
f 1421 1459 1422
f 1422 1459 1460
f 1422 1460 1423
f 1423 1460 1461
f 1423 1461 1424
f 1424 1461 1462
f 1424 1462 1425
f 1425 1462 1463
f 1425 1463 1426
f 1426 1463 1464
f 1426 1464 1427
f 1427 1464 1465
f 1427 1465 1428
f 1428 1465 1466
f 1428 1466 1429
f 1429 1466 1467
f 1429 1467 1430
f 1430 1467 1468
f 1430 1468 1431
f 1431 1468 1469
f 1431 1469 1432
f 1432 1469 1470
f 1432 1470 1433
f 1433 1470 1471
f 1433 1471 1434
f 1434 1471 1472
f 1434 1472 1435
f 1435 1472 1473
f 1435 1473 1436
f 1436 1473 1474
f 1436 1474 1437
f 1437 1474 1475
f 1437 1475 1438
f 1438 1475 1476
f 1438 1476 1439
f 1439 1476 1477
f 1439 1477 1440
f 1440 1477 1478
f 1440 1478 1441
f 1441 1478 1479
f 1441 1479 1442
f 1442 1479 1480
f 1442 1480 1443
f 1443 1480 1481
f 1443 1481 1444
f 1444 1481 1482
f 1444 1482 1445
f 1445 1482 1483
f 1445 1483 1446
f 1446 1483 1484
f 1446 1484 1447
f 1447 1484 1485
f 1447 1485 1448
f 1448 1485 1486
f 1448 1486 1449
f 1449 1486 1487
f 1449 1487 1450
f 1450 1487 1488
f 1450 1488 1451
f 1451 1488 1489
f 1451 1489 1452
f 1452 1489 1490
f 1452 1490 1376
f 1453 1337 1491
f 1453 1491 1454
f 1454 1491 1492
f 1454 1492 1455
f 1455 1492 1493
f 1455 1493 1456
f 1456 1493 1494
f 1456 1494 1457
f 1457 1494 1495
f 1457 1495 1458
f 1458 1495 1496
f 1458 1496 1459
f 1459 1496 1497
f 1459 1497 1460
f 1460 1497 1498
f 1460 1498 1461
f 1461 1498 1499
f 1461 1499 1462
f 1462 1499 1500
f 1462 1500 1463
f 1463 1500 1501
f 1463 1501 1464
f 1464 1501 1502
f 1464 1502 1465
f 1465 1502 1503
f 1465 1503 1466
f 1466 1503 1504
f 1466 1504 1467
f 1467 1504 1505
f 1467 1505 1468
f 1468 1505 1506
f 1468 1506 1469
f 1469 1506 1507
f 1469 1507 1470
f 1470 1507 1508
f 1470 1508 1471
f 1471 1508 1509
f 1471 1509 1472
f 1472 1509 1510
f 1472 1510 1473
f 1473 1510 1511
f 1473 1511 1474
f 1474 1511 1512
f 1474 1512 1475
f 1475 1512 1513
f 1475 1513 1476
f 1476 1513 1514
f 1476 1514 1477
f 1477 1514 1515
f 1477 1515 1478
f 1478 1515 1516
f 1478 1516 1479
f 1479 1516 1517
f 1479 1517 1480
f 1480 1517 1518
f 1480 1518 1481
f 1481 1518 1519
f 1481 1519 1482
f 1482 1519 1520
f 1482 1520 1483
f 1483 1520 1521
f 1483 1521 1484
f 1484 1521 1522
f 1484 1522 1485
f 1485 1522 1523
f 1485 1523 1486
f 1486 1523 1524
f 1486 1524 1487
f 1487 1524 1525
f 1487 1525 1488
f 1488 1525 1526
f 1488 1526 1489
f 1489 1526 1527
f 1489 1527 1490
f 1490 1527 1528
f 1490 1528 1376
f 1491 1337 1529
f 1491 1529 1492
f 1492 1529 1530
f 1492 1530 1493
f 1493 1530 1531
f 1493 1531 1494
f 1494 1531 1532
f 1494 1532 1495
f 1495 1532 1533
f 1495 1533 1496
f 1496 1533 1534
f 1496 1534 1497
f 1497 1534 1535
f 1497 1535 1498
f 1498 1535 1536
f 1498 1536 1499
f 1499 1536 1537
f 1499 1537 1500
f 1500 1537 1538
f 1500 1538 1501
f 1501 1538 1539
f 1501 1539 1502
f 1502 1539 1540
f 1502 1540 1503
f 1503 1540 1541
f 1503 1541 1504
f 1504 1541 1542
f 1504 1542 1505
f 1505 1542 1543
f 1505 1543 1506
f 1506 1543 1544
f 1506 1544 1507
f 1507 1544 1545
f 1507 1545 1508
f 1508 1545 1546
f 1508 1546 1509
f 1509 1546 1547
f 1509 1547 1510
f 1510 1547 1548
f 1510 1548 1511
f 1511 1548 1549
f 1511 1549 1512
f 1512 1549 1550
f 1512 1550 1513
f 1513 1550 1551
f 1513 1551 1514
f 1514 1551 1552
f 1514 1552 1515
f 1515 1552 1553
f 1515 1553 1516
f 1516 1553 1554
f 1516 1554 1517
f 1517 1554 1555
f 1517 1555 1518
f 1518 1555 1556
f 1518 1556 1519
f 1519 1556 1557
f 1519 1557 1520
f 1520 1557 1558
f 1520 1558 1521
f 1521 1558 1559
f 1521 1559 1522
f 1522 1559 1560
f 1522 1560 1523
f 1523 1560 1561
f 1523 1561 1524
f 1524 1561 1562
f 1524 1562 1525
f 1525 1562 1563
f 1525 1563 1526
f 1526 1563 1564
f 1526 1564 1527
f 1527 1564 1565
f 1527 1565 1528
f 1528 1565 1566
f 1528 1566 1376
f 1529 1337 1567
f 1529 1567 1530
f 1530 1567 1568
f 1530 1568 1531
f 1531 1568 1569
f 1531 1569 1532
f 1532 1569 1570
f 1532 1570 1533
f 1533 1570 1571
f 1533 1571 1534
f 1534 1571 1572
f 1534 1572 1535
f 1535 1572 1573
f 1535 1573 1536
f 1536 1573 1574
f 1536 1574 1537
f 1537 1574 1575
f 1537 1575 1538
f 1538 1575 1576
f 1538 1576 1539
f 1539 1576 1577
f 1539 1577 1540
f 1540 1577 1578
f 1540 1578 1541
f 1541 1578 1579
f 1541 1579 1542
f 1542 1579 1580
f 1542 1580 1543
f 1543 1580 1581
f 1543 1581 1544
f 1544 1581 1582
f 1544 1582 1545
f 1545 1582 1583
f 1545 1583 1546
f 1546 1583 1584
f 1546 1584 1547
f 1547 1584 1585
f 1547 1585 1548
f 1548 1585 1586
f 1548 1586 1549
f 1549 1586 1587
f 1549 1587 1550
f 1550 1587 1588
f 1550 1588 1551
f 1551 1588 1589
f 1551 1589 1552
f 1552 1589 1590
f 1552 1590 1553
f 1553 1590 1591
f 1553 1591 1554
f 1554 1591 1592
f 1554 1592 1555
f 1555 1592 1593
f 1555 1593 1556
f 1556 1593 1594
f 1556 1594 1557
f 1557 1594 1595
f 1557 1595 1558
f 1558 1595 1596
f 1558 1596 1559
f 1559 1596 1597
f 1559 1597 1560
f 1560 1597 1598
f 1560 1598 1561
f 1561 1598 1599
f 1561 1599 1562
f 1562 1599 1600
f 1562 1600 1563
f 1563 1600 1601
f 1563 1601 1564
f 1564 1601 1602
f 1564 1602 1565
f 1565 1602 1603
f 1565 1603 1566
f 1566 1603 1604
f 1566 1604 1376
f 1567 1337 1605
f 1567 1605 1568
f 1568 1605 1606
f 1568 1606 1569
f 1569 1606 1607
f 1569 1607 1570
f 1570 1607 1608
f 1570 1608 1571
f 1571 1608 1609
f 1571 1609 1572
f 1572 1609 1610
f 1572 1610 1573
f 1573 1610 1611
f 1573 1611 1574
f 1574 1611 1612
f 1574 1612 1575
f 1575 1612 1613
f 1575 1613 1576
f 1576 1613 1614
f 1576 1614 1577
f 1577 1614 1615
f 1577 1615 1578
f 1578 1615 1616
f 1578 1616 1579
f 1579 1616 1617
f 1579 1617 1580
f 1580 1617 1618
f 1580 1618 1581
f 1581 1618 1619
f 1581 1619 1582
f 1582 1619 1620
f 1582 1620 1583
f 1583 1620 1621
f 1583 1621 1584
f 1584 1621 1622
f 1584 1622 1585
f 1585 1622 1623
f 1585 1623 1586
f 1586 1623 1624
f 1586 1624 1587
f 1587 1624 1625
f 1587 1625 1588
f 1588 1625 1626
f 1588 1626 1589
f 1589 1626 1627
f 1589 1627 1590
f 1590 1627 1628
f 1590 1628 1591
f 1591 1628 1629
f 1591 1629 1592
f 1592 1629 1630
f 1592 1630 1593
f 1593 1630 1631
f 1593 1631 1594
f 1594 1631 1632
f 1594 1632 1595
f 1595 1632 1633
f 1595 1633 1596
f 1596 1633 1634
f 1596 1634 1597
f 1597 1634 1635
f 1597 1635 1598
f 1598 1635 1636
f 1598 1636 1599
f 1599 1636 1637
f 1599 1637 1600
f 1600 1637 1638
f 1600 1638 1601
f 1601 1638 1639
f 1601 1639 1602
f 1602 1639 1640
f 1602 1640 1603
f 1603 1640 1641
f 1603 1641 1604
f 1604 1641 1642
f 1604 1642 1376
f 1605 1337 1643
f 1605 1643 1606
f 1606 1643 1644
f 1606 1644 1607
f 1607 1644 1645
f 1607 1645 1608
f 1608 1645 1646
f 1608 1646 1609
f 1609 1646 1647
f 1609 1647 1610
f 1610 1647 1648
f 1610 1648 1611
f 1611 1648 1649
f 1611 1649 1612
f 1612 1649 1650
f 1612 1650 1613
f 1613 1650 1651
f 1613 1651 1614
f 1614 1651 1652
f 1614 1652 1615
f 1615 1652 1653
f 1615 1653 1616
f 1616 1653 1654
f 1616 1654 1617
f 1617 1654 1655
f 1617 1655 1618
f 1618 1655 1656
f 1618 1656 1619
f 1619 1656 1657
f 1619 1657 1620
f 1620 1657 1658
f 1620 1658 1621
f 1621 1658 1659
f 1621 1659 1622
f 1622 1659 1660
f 1622 1660 1623
f 1623 1660 1661
f 1623 1661 1624
f 1624 1661 1662
f 1624 1662 1625
f 1625 1662 1663
f 1625 1663 1626
f 1626 1663 1664
f 1626 1664 1627
f 1627 1664 1665
f 1627 1665 1628
f 1628 1665 1666
f 1628 1666 1629
f 1629 1666 1667
f 1629 1667 1630
f 1630 1667 1668
f 1630 1668 1631
f 1631 1668 1669
f 1631 1669 1632
f 1632 1669 1670
f 1632 1670 1633
f 1633 1670 1671
f 1633 1671 1634
f 1634 1671 1672
f 1634 1672 1635
f 1635 1672 1673
f 1635 1673 1636
f 1636 1673 1674
f 1636 1674 1637
f 1637 1674 1675
f 1637 1675 1638
f 1638 1675 1676
f 1638 1676 1639
f 1639 1676 1677
f 1639 1677 1640
f 1640 1677 1678
f 1640 1678 1641
f 1641 1678 1679
f 1641 1679 1642
f 1642 1679 1680
f 1642 1680 1376
f 1643 1337 1681
f 1643 1681 1644
f 1644 1681 1682
f 1644 1682 1645
f 1645 1682 1683
f 1645 1683 1646
f 1646 1683 1684
f 1646 1684 1647
f 1647 1684 1685
f 1647 1685 1648
f 1648 1685 1686
f 1648 1686 1649
f 1649 1686 1687
f 1649 1687 1650
f 1650 1687 1688
f 1650 1688 1651
f 1651 1688 1689
f 1651 1689 1652
f 1652 1689 1690
f 1652 1690 1653
f 1653 1690 1691
f 1653 1691 1654
f 1654 1691 1692
f 1654 1692 1655
f 1655 1692 1693
f 1655 1693 1656
f 1656 1693 1694
f 1656 1694 1657
f 1657 1694 1695
f 1657 1695 1658
f 1658 1695 1696
f 1658 1696 1659
f 1659 1696 1697
f 1659 1697 1660
f 1660 1697 1698
f 1660 1698 1661
f 1661 1698 1699
f 1661 1699 1662
f 1662 1699 1700
f 1662 1700 1663
f 1663 1700 1701
f 1663 1701 1664
f 1664 1701 1702
f 1664 1702 1665
f 1665 1702 1703
f 1665 1703 1666
f 1666 1703 1704
f 1666 1704 1667
f 1667 1704 1705
f 1667 1705 1668
f 1668 1705 1706
f 1668 1706 1669
f 1669 1706 1707
f 1669 1707 1670
f 1670 1707 1708
f 1670 1708 1671
f 1671 1708 1709
f 1671 1709 1672
f 1672 1709 1710
f 1672 1710 1673
f 1673 1710 1711
f 1673 1711 1674
f 1674 1711 1712
f 1674 1712 1675
f 1675 1712 1713
f 1675 1713 1676
f 1676 1713 1714
f 1676 1714 1677
f 1677 1714 1715
f 1677 1715 1678
f 1678 1715 1716
f 1678 1716 1679
f 1679 1716 1717
f 1679 1717 1680
f 1680 1717 1718
f 1680 1718 1376
f 1681 1337 1719
f 1681 1719 1682
f 1682 1719 1720
f 1682 1720 1683
f 1683 1720 1721
f 1683 1721 1684
f 1684 1721 1722
f 1684 1722 1685
f 1685 1722 1723
f 1685 1723 1686
f 1686 1723 1724
f 1686 1724 1687
f 1687 1724 1725
f 1687 1725 1688
f 1688 1725 1726
f 1688 1726 1689
f 1689 1726 1727
f 1689 1727 1690
f 1690 1727 1728
f 1690 1728 1691
f 1691 1728 1729
f 1691 1729 1692
f 1692 1729 1730
f 1692 1730 1693
f 1693 1730 1731
f 1693 1731 1694
f 1694 1731 1732
f 1694 1732 1695
f 1695 1732 1733
f 1695 1733 1696
f 1696 1733 1734
f 1696 1734 1697
f 1697 1734 1735
f 1697 1735 1698
f 1698 1735 1736
f 1698 1736 1699
f 1699 1736 1737
f 1699 1737 1700
f 1700 1737 1738
f 1700 1738 1701
f 1701 1738 1739
f 1701 1739 1702
f 1702 1739 1740
f 1702 1740 1703
f 1703 1740 1741
f 1703 1741 1704
f 1704 1741 1742
f 1704 1742 1705
f 1705 1742 1743
f 1705 1743 1706
f 1706 1743 1744
f 1706 1744 1707
f 1707 1744 1745
f 1707 1745 1708
f 1708 1745 1746
f 1708 1746 1709
f 1709 1746 1747
f 1709 1747 1710
f 1710 1747 1748
f 1710 1748 1711
f 1711 1748 1749
f 1711 1749 1712
f 1712 1749 1750
f 1712 1750 1713
f 1713 1750 1751
f 1713 1751 1714
f 1714 1751 1752
f 1714 1752 1715
f 1715 1752 1753
f 1715 1753 1716
f 1716 1753 1754
f 1716 1754 1717
f 1717 1754 1755
f 1717 1755 1718
f 1718 1755 1756
f 1718 1756 1376
f 1719 1337 1757
f 1719 1757 1720
f 1720 1757 1758
f 1720 1758 1721
f 1721 1758 1759
f 1721 1759 1722
f 1722 1759 1760
f 1722 1760 1723
f 1723 1760 1761
f 1723 1761 1724
f 1724 1761 1762
f 1724 1762 1725
f 1725 1762 1763
f 1725 1763 1726
f 1726 1763 1764
f 1726 1764 1727
f 1727 1764 1765
f 1727 1765 1728
f 1728 1765 1766
f 1728 1766 1729
f 1729 1766 1767
f 1729 1767 1730
f 1730 1767 1768
f 1730 1768 1731
f 1731 1768 1769
f 1731 1769 1732
f 1732 1769 1770
f 1732 1770 1733
f 1733 1770 1771
f 1733 1771 1734
f 1734 1771 1772
f 1734 1772 1735
f 1735 1772 1773
f 1735 1773 1736
f 1736 1773 1774
f 1736 1774 1737
f 1737 1774 1775
f 1737 1775 1738
f 1738 1775 1776
f 1738 1776 1739
f 1739 1776 1777
f 1739 1777 1740
f 1740 1777 1778
f 1740 1778 1741
f 1741 1778 1779
f 1741 1779 1742
f 1742 1779 1780
f 1742 1780 1743
f 1743 1780 1781
f 1743 1781 1744
f 1744 1781 1782
f 1744 1782 1745
f 1745 1782 1783
f 1745 1783 1746
f 1746 1783 1784
f 1746 1784 1747
f 1747 1784 1785
f 1747 1785 1748
f 1748 1785 1786
f 1748 1786 1749
f 1749 1786 1787
f 1749 1787 1750
f 1750 1787 1788
f 1750 1788 1751
f 1751 1788 1789
f 1751 1789 1752
f 1752 1789 1790
f 1752 1790 1753
f 1753 1790 1791
f 1753 1791 1754
f 1754 1791 1792
f 1754 1792 1755
f 1755 1792 1793
f 1755 1793 1756
f 1756 1793 1794
f 1756 1794 1376
f 1757 1337 1795
f 1757 1795 1758
f 1758 1795 1796
f 1758 1796 1759
f 1759 1796 1797
f 1759 1797 1760
f 1760 1797 1798
f 1760 1798 1761
f 1761 1798 1799
f 1761 1799 1762
f 1762 1799 1800
f 1762 1800 1763
f 1763 1800 1801
f 1763 1801 1764
f 1764 1801 1802
f 1764 1802 1765
f 1765 1802 1803
f 1765 1803 1766
f 1766 1803 1804
f 1766 1804 1767
f 1767 1804 1805
f 1767 1805 1768
f 1768 1805 1806
f 1768 1806 1769
f 1769 1806 1807
f 1769 1807 1770
f 1770 1807 1808
f 1770 1808 1771
f 1771 1808 1809
f 1771 1809 1772
f 1772 1809 1810
f 1772 1810 1773
f 1773 1810 1811
f 1773 1811 1774
f 1774 1811 1812
f 1774 1812 1775
f 1775 1812 1813
f 1775 1813 1776
f 1776 1813 1814
f 1776 1814 1777
f 1777 1814 1815
f 1777 1815 1778
f 1778 1815 1816
f 1778 1816 1779
f 1779 1816 1817
f 1779 1817 1780
f 1780 1817 1818
f 1780 1818 1781
f 1781 1818 1819
f 1781 1819 1782
f 1782 1819 1820
f 1782 1820 1783
f 1783 1820 1821
f 1783 1821 1784
f 1784 1821 1822
f 1784 1822 1785
f 1785 1822 1823
f 1785 1823 1786
f 1786 1823 1824
f 1786 1824 1787
f 1787 1824 1825
f 1787 1825 1788
f 1788 1825 1826
f 1788 1826 1789
f 1789 1826 1827
f 1789 1827 1790
f 1790 1827 1828
f 1790 1828 1791
f 1791 1828 1829
f 1791 1829 1792
f 1792 1829 1830
f 1792 1830 1793
f 1793 1830 1831
f 1793 1831 1794
f 1794 1831 1832
f 1794 1832 1376
f 1795 1337 1833
f 1795 1833 1796
f 1796 1833 1834
f 1796 1834 1797
f 1797 1834 1835
f 1797 1835 1798
f 1798 1835 1836
f 1798 1836 1799
f 1799 1836 1837
f 1799 1837 1800
f 1800 1837 1838
f 1800 1838 1801
f 1801 1838 1839
f 1801 1839 1802
f 1802 1839 1840
f 1802 1840 1803
f 1803 1840 1841
f 1803 1841 1804
f 1804 1841 1842
f 1804 1842 1805
f 1805 1842 1843
f 1805 1843 1806
f 1806 1843 1844
f 1806 1844 1807
f 1807 1844 1845
f 1807 1845 1808
f 1808 1845 1846
f 1808 1846 1809
f 1809 1846 1847
f 1809 1847 1810
f 1810 1847 1848
f 1810 1848 1811
f 1811 1848 1849
f 1811 1849 1812
f 1812 1849 1850
f 1812 1850 1813
f 1813 1850 1851
f 1813 1851 1814
f 1814 1851 1852
f 1814 1852 1815
f 1815 1852 1853
f 1815 1853 1816
f 1816 1853 1854
f 1816 1854 1817
f 1817 1854 1855
f 1817 1855 1818
f 1818 1855 1856
f 1818 1856 1819
f 1819 1856 1857
f 1819 1857 1820
f 1820 1857 1858
f 1820 1858 1821
f 1821 1858 1859
f 1821 1859 1822
f 1822 1859 1860
f 1822 1860 1823
f 1823 1860 1861
f 1823 1861 1824
f 1824 1861 1862
f 1824 1862 1825
f 1825 1862 1863
f 1825 1863 1826
f 1826 1863 1864
f 1826 1864 1827
f 1827 1864 1865
f 1827 1865 1828
f 1828 1865 1866
f 1828 1866 1829
f 1829 1866 1867
f 1829 1867 1830
f 1830 1867 1868
f 1830 1868 1831
f 1831 1868 1869
f 1831 1869 1832
f 1832 1869 1870
f 1832 1870 1376
f 1833 1337 1871
f 1833 1871 1834
f 1834 1871 1872
f 1834 1872 1835
f 1835 1872 1873
f 1835 1873 1836
f 1836 1873 1874
f 1836 1874 1837
f 1837 1874 1875
f 1837 1875 1838
f 1838 1875 1876
f 1838 1876 1839
f 1839 1876 1877
f 1839 1877 1840
f 1840 1877 1878
f 1840 1878 1841
f 1841 1878 1879
f 1841 1879 1842
f 1842 1879 1880
f 1842 1880 1843
f 1843 1880 1881
f 1843 1881 1844
f 1844 1881 1882
f 1844 1882 1845
f 1845 1882 1883
f 1845 1883 1846
f 1846 1883 1884
f 1846 1884 1847
f 1847 1884 1885
f 1847 1885 1848
f 1848 1885 1886
f 1848 1886 1849
f 1849 1886 1887
f 1849 1887 1850
f 1850 1887 1888
f 1850 1888 1851
f 1851 1888 1889
f 1851 1889 1852
f 1852 1889 1890
f 1852 1890 1853
f 1853 1890 1891
f 1853 1891 1854
f 1854 1891 1892
f 1854 1892 1855
f 1855 1892 1893
f 1855 1893 1856
f 1856 1893 1894
f 1856 1894 1857
f 1857 1894 1895
f 1857 1895 1858
f 1858 1895 1896
f 1858 1896 1859
f 1859 1896 1897
f 1859 1897 1860
f 1860 1897 1898
f 1860 1898 1861
f 1861 1898 1899
f 1861 1899 1862
f 1862 1899 1900
f 1862 1900 1863
f 1863 1900 1901
f 1863 1901 1864
f 1864 1901 1902
f 1864 1902 1865
f 1865 1902 1903
f 1865 1903 1866
f 1866 1903 1904
f 1866 1904 1867
f 1867 1904 1905
f 1867 1905 1868
f 1868 1905 1906
f 1868 1906 1869
f 1869 1906 1907
f 1869 1907 1870
f 1870 1907 1908
f 1870 1908 1376
f 1871 1337 1909
f 1871 1909 1872
f 1872 1909 1910
f 1872 1910 1873
f 1873 1910 1911
f 1873 1911 1874
f 1874 1911 1912
f 1874 1912 1875
f 1875 1912 1913
f 1875 1913 1876
f 1876 1913 1914
f 1876 1914 1877
f 1877 1914 1915
f 1877 1915 1878
f 1878 1915 1916
f 1878 1916 1879
f 1879 1916 1917
f 1879 1917 1880
f 1880 1917 1918
f 1880 1918 1881
f 1881 1918 1919
f 1881 1919 1882
f 1882 1919 1920
f 1882 1920 1883
f 1883 1920 1921
f 1883 1921 1884
f 1884 1921 1922
f 1884 1922 1885
f 1885 1922 1923
f 1885 1923 1886
f 1886 1923 1924
f 1886 1924 1887
f 1887 1924 1925
f 1887 1925 1888
f 1888 1925 1926
f 1888 1926 1889
f 1889 1926 1927
f 1889 1927 1890
f 1890 1927 1928
f 1890 1928 1891
f 1891 1928 1929
f 1891 1929 1892
f 1892 1929 1930
f 1892 1930 1893
f 1893 1930 1931
f 1893 1931 1894
f 1894 1931 1932
f 1894 1932 1895
f 1895 1932 1933
f 1895 1933 1896
f 1896 1933 1934
f 1896 1934 1897
f 1897 1934 1935
f 1897 1935 1898
f 1898 1935 1936
f 1898 1936 1899
f 1899 1936 1937
f 1899 1937 1900
f 1900 1937 1938
f 1900 1938 1901
f 1901 1938 1939
f 1901 1939 1902
f 1902 1939 1940
f 1902 1940 1903
f 1903 1940 1941
f 1903 1941 1904
f 1904 1941 1942
f 1904 1942 1905
f 1905 1942 1943
f 1905 1943 1906
f 1906 1943 1944
f 1906 1944 1907
f 1907 1944 1945
f 1907 1945 1908
f 1908 1945 1946
f 1908 1946 1376
f 1909 1337 1947
f 1909 1947 1910
f 1910 1947 1948
f 1910 1948 1911
f 1911 1948 1949
f 1911 1949 1912
f 1912 1949 1950
f 1912 1950 1913
f 1913 1950 1951
f 1913 1951 1914
f 1914 1951 1952
f 1914 1952 1915
f 1915 1952 1953
f 1915 1953 1916
f 1916 1953 1954
f 1916 1954 1917
f 1917 1954 1955
f 1917 1955 1918
f 1918 1955 1956
f 1918 1956 1919
f 1919 1956 1957
f 1919 1957 1920
f 1920 1957 1958
f 1920 1958 1921
f 1921 1958 1959
f 1921 1959 1922
f 1922 1959 1960
f 1922 1960 1923
f 1923 1960 1961
f 1923 1961 1924
f 1924 1961 1962
f 1924 1962 1925
f 1925 1962 1963
f 1925 1963 1926
f 1926 1963 1964
f 1926 1964 1927
f 1927 1964 1965
f 1927 1965 1928
f 1928 1965 1966
f 1928 1966 1929
f 1929 1966 1967
f 1929 1967 1930
f 1930 1967 1968
f 1930 1968 1931
f 1931 1968 1969
f 1931 1969 1932
f 1932 1969 1970
f 1932 1970 1933
f 1933 1970 1971
f 1933 1971 1934
f 1934 1971 1972
f 1934 1972 1935
f 1935 1972 1973
f 1935 1973 1936
f 1936 1973 1974
f 1936 1974 1937
f 1937 1974 1975
f 1937 1975 1938
f 1938 1975 1976
f 1938 1976 1939
f 1939 1976 1977
f 1939 1977 1940
f 1940 1977 1978
f 1940 1978 1941
f 1941 1978 1979
f 1941 1979 1942
f 1942 1979 1980
f 1942 1980 1943
f 1943 1980 1981
f 1943 1981 1944
f 1944 1981 1982
f 1944 1982 1945
f 1945 1982 1983
f 1945 1983 1946
f 1946 1983 1984
f 1946 1984 1376
f 1947 1337 1985
f 1947 1985 1948
f 1948 1985 1986
f 1948 1986 1949
f 1949 1986 1987
f 1949 1987 1950
f 1950 1987 1988
f 1950 1988 1951
f 1951 1988 1989
f 1951 1989 1952
f 1952 1989 1990
f 1952 1990 1953
f 1953 1990 1991
f 1953 1991 1954
f 1954 1991 1992
f 1954 1992 1955
f 1955 1992 1993
f 1955 1993 1956
f 1956 1993 1994
f 1956 1994 1957
f 1957 1994 1995
f 1957 1995 1958
f 1958 1995 1996
f 1958 1996 1959
f 1959 1996 1997
f 1959 1997 1960
f 1960 1997 1998
f 1960 1998 1961
f 1961 1998 1999
f 1961 1999 1962
f 1962 1999 2000
f 1962 2000 1963
f 1963 2000 2001
f 1963 2001 1964
f 1964 2001 2002
f 1964 2002 1965
f 1965 2002 2003
f 1965 2003 1966
f 1966 2003 2004
f 1966 2004 1967
f 1967 2004 2005
f 1967 2005 1968
f 1968 2005 2006
f 1968 2006 1969
f 1969 2006 2007
f 1969 2007 1970
f 1970 2007 2008
f 1970 2008 1971
f 1971 2008 2009
f 1971 2009 1972
f 1972 2009 2010
f 1972 2010 1973
f 1973 2010 2011
f 1973 2011 1974
f 1974 2011 2012
f 1974 2012 1975
f 1975 2012 2013
f 1975 2013 1976
f 1976 2013 2014
f 1976 2014 1977
f 1977 2014 2015
f 1977 2015 1978
f 1978 2015 2016
f 1978 2016 1979
f 1979 2016 2017
f 1979 2017 1980
f 1980 2017 2018
f 1980 2018 1981
f 1981 2018 2019
f 1981 2019 1982
f 1982 2019 2020
f 1982 2020 1983
f 1983 2020 2021
f 1983 2021 1984
f 1984 2021 2022
f 1984 2022 1376
f 1985 1337 2023
f 1985 2023 1986
f 1986 2023 2024
f 1986 2024 1987
f 1987 2024 2025
f 1987 2025 1988
f 1988 2025 2026
f 1988 2026 1989
f 1989 2026 2027
f 1989 2027 1990
f 1990 2027 2028
f 1990 2028 1991
f 1991 2028 2029
f 1991 2029 1992
f 1992 2029 2030
f 1992 2030 1993
f 1993 2030 2031
f 1993 2031 1994
f 1994 2031 2032
f 1994 2032 1995
f 1995 2032 2033
f 1995 2033 1996
f 1996 2033 2034
f 1996 2034 1997
f 1997 2034 2035
f 1997 2035 1998
f 1998 2035 2036
f 1998 2036 1999
f 1999 2036 2037
f 1999 2037 2000
f 2000 2037 2038
f 2000 2038 2001
f 2001 2038 2039
f 2001 2039 2002
f 2002 2039 2040
f 2002 2040 2003
f 2003 2040 2041
f 2003 2041 2004
f 2004 2041 2042
f 2004 2042 2005
f 2005 2042 2043
f 2005 2043 2006
f 2006 2043 2044
f 2006 2044 2007
f 2007 2044 2045
f 2007 2045 2008
f 2008 2045 2046
f 2008 2046 2009
f 2009 2046 2047
f 2009 2047 2010
f 2010 2047 2048
f 2010 2048 2011
f 2011 2048 2049
f 2011 2049 2012
f 2012 2049 2050
f 2012 2050 2013
f 2013 2050 2051
f 2013 2051 2014
f 2014 2051 2052
f 2014 2052 2015
f 2015 2052 2053
f 2015 2053 2016
f 2016 2053 2054
f 2016 2054 2017
f 2017 2054 2055
f 2017 2055 2018
f 2018 2055 2056
f 2018 2056 2019
f 2019 2056 2057
f 2019 2057 2020
f 2020 2057 2058
f 2020 2058 2021
f 2021 2058 2059
f 2021 2059 2022
f 2022 2059 2060
f 2022 2060 1376
f 2023 1337 2061
f 2023 2061 2024
f 2024 2061 2062
f 2024 2062 2025
f 2025 2062 2063
f 2025 2063 2026
f 2026 2063 2064
f 2026 2064 2027
f 2027 2064 2065
f 2027 2065 2028
f 2028 2065 2066
f 2028 2066 2029
f 2029 2066 2067
f 2029 2067 2030
f 2030 2067 2068
f 2030 2068 2031
f 2031 2068 2069
f 2031 2069 2032
f 2032 2069 2070
f 2032 2070 2033
f 2033 2070 2071
f 2033 2071 2034
f 2034 2071 2072
f 2034 2072 2035
f 2035 2072 2073
f 2035 2073 2036
f 2036 2073 2074
f 2036 2074 2037
f 2037 2074 2075
f 2037 2075 2038
f 2038 2075 2076
f 2038 2076 2039
f 2039 2076 2077
f 2039 2077 2040
f 2040 2077 2078
f 2040 2078 2041
f 2041 2078 2079
f 2041 2079 2042
f 2042 2079 2080
f 2042 2080 2043
f 2043 2080 2081
f 2043 2081 2044
f 2044 2081 2082
f 2044 2082 2045
f 2045 2082 2083
f 2045 2083 2046
f 2046 2083 2084
f 2046 2084 2047
f 2047 2084 2085
f 2047 2085 2048
f 2048 2085 2086
f 2048 2086 2049
f 2049 2086 2087
f 2049 2087 2050
f 2050 2087 2088
f 2050 2088 2051
f 2051 2088 2089
f 2051 2089 2052
f 2052 2089 2090
f 2052 2090 2053
f 2053 2090 2091
f 2053 2091 2054
f 2054 2091 2092
f 2054 2092 2055
f 2055 2092 2093
f 2055 2093 2056
f 2056 2093 2094
f 2056 2094 2057
f 2057 2094 2095
f 2057 2095 2058
f 2058 2095 2096
f 2058 2096 2059
f 2059 2096 2097
f 2059 2097 2060
f 2060 2097 2098
f 2060 2098 1376
f 2061 1337 1338
f 2061 1338 2062
f 2062 1338 1339
f 2062 1339 2063
f 2063 1339 1340
f 2063 1340 2064
f 2064 1340 1341
f 2064 1341 2065
f 2065 1341 1342
f 2065 1342 2066
f 2066 1342 1343
f 2066 1343 2067
f 2067 1343 1344
f 2067 1344 2068
f 2068 1344 1345
f 2068 1345 2069
f 2069 1345 1346
f 2069 1346 2070
f 2070 1346 1347
f 2070 1347 2071
f 2071 1347 1348
f 2071 1348 2072
f 2072 1348 1349
f 2072 1349 2073
f 2073 1349 1350
f 2073 1350 2074
f 2074 1350 1351
f 2074 1351 2075
f 2075 1351 1352
f 2075 1352 2076
f 2076 1352 1353
f 2076 1353 2077
f 2077 1353 1354
f 2077 1354 2078
f 2078 1354 1355
f 2078 1355 2079
f 2079 1355 1356
f 2079 1356 2080
f 2080 1356 1357
f 2080 1357 2081
f 2081 1357 1358
f 2081 1358 2082
f 2082 1358 1359
f 2082 1359 2083
f 2083 1359 1360
f 2083 1360 2084
f 2084 1360 1361
f 2084 1361 2085
f 2085 1361 1362
f 2085 1362 2086
f 2086 1362 1363
f 2086 1363 2087
f 2087 1363 1364
f 2087 1364 2088
f 2088 1364 1365
f 2088 1365 2089
f 2089 1365 1366
f 2089 1366 2090
f 2090 1366 1367
f 2090 1367 2091
f 2091 1367 1368
f 2091 1368 2092
f 2092 1368 1369
f 2092 1369 2093
f 2093 1369 1370
f 2093 1370 2094
f 2094 1370 1371
f 2094 1371 2095
f 2095 1371 1372
f 2095 1372 2096
f 2096 1372 1373
f 2096 1373 2097
f 2097 1373 1374
f 2097 1374 2098
f 2098 1374 1375
f 2098 1375 1376
f 2100 2099 2103
f 2100 2103 2101
f 2101 2103 2104
f 2101 2104 2102
f 2103 2099 2105
f 2103 2105 2104
f 2104 2105 2106
f 2104 2106 2102
f 2105 2099 2107
f 2105 2107 2106
f 2106 2107 2108
f 2106 2108 2102
f 2107 2099 2109
f 2107 2109 2108
f 2108 2109 2110
f 2108 2110 2102
f 2109 2099 2111
f 2109 2111 2110
f 2110 2111 2112
f 2110 2112 2102
f 2111 2099 2113
f 2111 2113 2112
f 2112 2113 2114
f 2112 2114 2102
f 2113 2099 2115
f 2113 2115 2114
f 2114 2115 2116
f 2114 2116 2102
f 2115 2099 2117
f 2115 2117 2116
f 2116 2117 2118
f 2116 2118 2102
f 2117 2099 2119
f 2117 2119 2118
f 2118 2119 2120
f 2118 2120 2102
f 2119 2099 2121
f 2119 2121 2120
f 2120 2121 2122
f 2120 2122 2102
f 2121 2099 2123
f 2121 2123 2122
f 2122 2123 2124
f 2122 2124 2102
f 2123 2099 2125
f 2123 2125 2124
f 2124 2125 2126
f 2124 2126 2102
f 2125 2099 2127
f 2125 2127 2126
f 2126 2127 2128
f 2126 2128 2102
f 2127 2099 2129
f 2127 2129 2128
f 2128 2129 2130
f 2128 2130 2102
f 2129 2099 2131
f 2129 2131 2130
f 2130 2131 2132
f 2130 2132 2102
f 2131 2099 2133
f 2131 2133 2132
f 2132 2133 2134
f 2132 2134 2102
f 2133 2099 2135
f 2133 2135 2134
f 2134 2135 2136
f 2134 2136 2102
f 2135 2099 2137
f 2135 2137 2136
f 2136 2137 2138
f 2136 2138 2102
f 2137 2099 2139
f 2137 2139 2138
f 2138 2139 2140
f 2138 2140 2102
f 2139 2099 2141
f 2139 2141 2140
f 2140 2141 2142
f 2140 2142 2102
f 2141 2099 2143
f 2141 2143 2142
f 2142 2143 2144
f 2142 2144 2102
f 2143 2099 2145
f 2143 2145 2144
f 2144 2145 2146
f 2144 2146 2102
f 2145 2099 2147
f 2145 2147 2146
f 2146 2147 2148
f 2146 2148 2102
f 2147 2099 2149
f 2147 2149 2148
f 2148 2149 2150
f 2148 2150 2102
f 2149 2099 2151
f 2149 2151 2150
f 2150 2151 2152
f 2150 2152 2102
f 2151 2099 2153
f 2151 2153 2152
f 2152 2153 2154
f 2152 2154 2102
f 2153 2099 2155
f 2153 2155 2154
f 2154 2155 2156
f 2154 2156 2102
f 2155 2099 2157
f 2155 2157 2156
f 2156 2157 2158
f 2156 2158 2102
f 2157 2099 2159
f 2157 2159 2158
f 2158 2159 2160
f 2158 2160 2102
f 2159 2099 2161
f 2159 2161 2160
f 2160 2161 2162
f 2160 2162 2102
f 2161 2099 2163
f 2161 2163 2162
f 2162 2163 2164
f 2162 2164 2102
f 2163 2099 2100
f 2163 2100 2164
f 2164 2100 2101
f 2164 2101 2102
f 2166 2165 2169
f 2166 2169 2167
f 2167 2169 2170
f 2167 2170 2168
f 2169 2165 2171
f 2169 2171 2170
f 2170 2171 2172
f 2170 2172 2168
f 2171 2165 2173
f 2171 2173 2172
f 2172 2173 2174
f 2172 2174 2168
f 2173 2165 2175
f 2173 2175 2174
f 2174 2175 2176
f 2174 2176 2168
f 2175 2165 2177
f 2175 2177 2176
f 2176 2177 2178
f 2176 2178 2168
f 2177 2165 2179
f 2177 2179 2178
f 2178 2179 2180
f 2178 2180 2168
f 2179 2165 2181
f 2179 2181 2180
f 2180 2181 2182
f 2180 2182 2168
f 2181 2165 2183
f 2181 2183 2182
f 2182 2183 2184
f 2182 2184 2168
f 2183 2165 2185
f 2183 2185 2184
f 2184 2185 2186
f 2184 2186 2168
f 2185 2165 2187
f 2185 2187 2186
f 2186 2187 2188
f 2186 2188 2168
f 2187 2165 2189
f 2187 2189 2188
f 2188 2189 2190
f 2188 2190 2168
f 2189 2165 2191
f 2189 2191 2190
f 2190 2191 2192
f 2190 2192 2168
f 2191 2165 2193
f 2191 2193 2192
f 2192 2193 2194
f 2192 2194 2168
f 2193 2165 2195
f 2193 2195 2194
f 2194 2195 2196
f 2194 2196 2168
f 2195 2165 2197
f 2195 2197 2196
f 2196 2197 2198
f 2196 2198 2168
f 2197 2165 2199
f 2197 2199 2198
f 2198 2199 2200
f 2198 2200 2168
f 2199 2165 2201
f 2199 2201 2200
f 2200 2201 2202
f 2200 2202 2168
f 2201 2165 2203
f 2201 2203 2202
f 2202 2203 2204
f 2202 2204 2168
f 2203 2165 2205
f 2203 2205 2204
f 2204 2205 2206
f 2204 2206 2168
f 2205 2165 2207
f 2205 2207 2206
f 2206 2207 2208
f 2206 2208 2168
f 2207 2165 2209
f 2207 2209 2208
f 2208 2209 2210
f 2208 2210 2168
f 2209 2165 2211
f 2209 2211 2210
f 2210 2211 2212
f 2210 2212 2168
f 2211 2165 2213
f 2211 2213 2212
f 2212 2213 2214
f 2212 2214 2168
f 2213 2165 2215
f 2213 2215 2214
f 2214 2215 2216
f 2214 2216 2168
f 2215 2165 2217
f 2215 2217 2216
f 2216 2217 2218
f 2216 2218 2168
f 2217 2165 2219
f 2217 2219 2218
f 2218 2219 2220
f 2218 2220 2168
f 2219 2165 2221
f 2219 2221 2220
f 2220 2221 2222
f 2220 2222 2168
f 2221 2165 2223
f 2221 2223 2222
f 2222 2223 2224
f 2222 2224 2168
f 2223 2165 2225
f 2223 2225 2224
f 2224 2225 2226
f 2224 2226 2168
f 2225 2165 2227
f 2225 2227 2226
f 2226 2227 2228
f 2226 2228 2168
f 2227 2165 2229
f 2227 2229 2228
f 2228 2229 2230
f 2228 2230 2168
f 2229 2165 2166
f 2229 2166 2230
f 2230 2166 2167
f 2230 2167 2168
f 2232 2231 2235
f 2232 2235 2233
f 2233 2235 2236
f 2233 2236 2234
f 2235 2231 2237
f 2235 2237 2236
f 2236 2237 2238
f 2236 2238 2234
f 2237 2231 2239
f 2237 2239 2238
f 2238 2239 2240
f 2238 2240 2234
f 2239 2231 2241
f 2239 2241 2240
f 2240 2241 2242
f 2240 2242 2234
f 2241 2231 2243
f 2241 2243 2242
f 2242 2243 2244
f 2242 2244 2234
f 2243 2231 2245
f 2243 2245 2244
f 2244 2245 2246
f 2244 2246 2234
f 2245 2231 2247
f 2245 2247 2246
f 2246 2247 2248
f 2246 2248 2234
f 2247 2231 2249
f 2247 2249 2248
f 2248 2249 2250
f 2248 2250 2234
f 2249 2231 2251
f 2249 2251 2250
f 2250 2251 2252
f 2250 2252 2234
f 2251 2231 2253
f 2251 2253 2252
f 2252 2253 2254
f 2252 2254 2234
f 2253 2231 2255
f 2253 2255 2254
f 2254 2255 2256
f 2254 2256 2234
f 2255 2231 2257
f 2255 2257 2256
f 2256 2257 2258
f 2256 2258 2234
f 2257 2231 2259
f 2257 2259 2258
f 2258 2259 2260
f 2258 2260 2234
f 2259 2231 2261
f 2259 2261 2260
f 2260 2261 2262
f 2260 2262 2234
f 2261 2231 2263
f 2261 2263 2262
f 2262 2263 2264
f 2262 2264 2234
f 2263 2231 2265
f 2263 2265 2264
f 2264 2265 2266
f 2264 2266 2234
f 2265 2231 2267
f 2265 2267 2266
f 2266 2267 2268
f 2266 2268 2234
f 2267 2231 2269
f 2267 2269 2268
f 2268 2269 2270
f 2268 2270 2234
f 2269 2231 2271
f 2269 2271 2270
f 2270 2271 2272
f 2270 2272 2234
f 2271 2231 2273
f 2271 2273 2272
f 2272 2273 2274
f 2272 2274 2234
f 2273 2231 2275
f 2273 2275 2274
f 2274 2275 2276
f 2274 2276 2234
f 2275 2231 2277
f 2275 2277 2276
f 2276 2277 2278
f 2276 2278 2234
f 2277 2231 2279
f 2277 2279 2278
f 2278 2279 2280
f 2278 2280 2234
f 2279 2231 2281
f 2279 2281 2280
f 2280 2281 2282
f 2280 2282 2234
f 2281 2231 2283
f 2281 2283 2282
f 2282 2283 2284
f 2282 2284 2234
f 2283 2231 2285
f 2283 2285 2284
f 2284 2285 2286
f 2284 2286 2234
f 2285 2231 2287
f 2285 2287 2286
f 2286 2287 2288
f 2286 2288 2234
f 2287 2231 2289
f 2287 2289 2288
f 2288 2289 2290
f 2288 2290 2234
f 2289 2231 2291
f 2289 2291 2290
f 2290 2291 2292
f 2290 2292 2234
f 2291 2231 2293
f 2291 2293 2292
f 2292 2293 2294
f 2292 2294 2234
f 2293 2231 2295
f 2293 2295 2294
f 2294 2295 2296
f 2294 2296 2234
f 2295 2231 2232
f 2295 2232 2296
f 2296 2232 2233
f 2296 2233 2234
f 2298 2297 2301
f 2298 2301 2299
f 2299 2301 2302
f 2299 2302 2300
f 2301 2297 2303
f 2301 2303 2302
f 2302 2303 2304
f 2302 2304 2300
f 2303 2297 2305
f 2303 2305 2304
f 2304 2305 2306
f 2304 2306 2300
f 2305 2297 2307
f 2305 2307 2306
f 2306 2307 2308
f 2306 2308 2300
f 2307 2297 2309
f 2307 2309 2308
f 2308 2309 2310
f 2308 2310 2300
f 2309 2297 2311
f 2309 2311 2310
f 2310 2311 2312
f 2310 2312 2300
f 2311 2297 2313
f 2311 2313 2312
f 2312 2313 2314
f 2312 2314 2300
f 2313 2297 2315
f 2313 2315 2314
f 2314 2315 2316
f 2314 2316 2300
f 2315 2297 2317
f 2315 2317 2316
f 2316 2317 2318
f 2316 2318 2300
f 2317 2297 2319
f 2317 2319 2318
f 2318 2319 2320
f 2318 2320 2300
f 2319 2297 2321
f 2319 2321 2320
f 2320 2321 2322
f 2320 2322 2300
f 2321 2297 2323
f 2321 2323 2322
f 2322 2323 2324
f 2322 2324 2300
f 2323 2297 2325
f 2323 2325 2324
f 2324 2325 2326
f 2324 2326 2300
f 2325 2297 2327
f 2325 2327 2326
f 2326 2327 2328
f 2326 2328 2300
f 2327 2297 2329
f 2327 2329 2328
f 2328 2329 2330
f 2328 2330 2300
f 2329 2297 2331
f 2329 2331 2330
f 2330 2331 2332
f 2330 2332 2300
f 2331 2297 2333
f 2331 2333 2332
f 2332 2333 2334
f 2332 2334 2300
f 2333 2297 2335
f 2333 2335 2334
f 2334 2335 2336
f 2334 2336 2300
f 2335 2297 2337
f 2335 2337 2336
f 2336 2337 2338
f 2336 2338 2300
f 2337 2297 2339
f 2337 2339 2338
f 2338 2339 2340
f 2338 2340 2300
f 2339 2297 2341
f 2339 2341 2340
f 2340 2341 2342
f 2340 2342 2300
f 2341 2297 2343
f 2341 2343 2342
f 2342 2343 2344
f 2342 2344 2300
f 2343 2297 2345
f 2343 2345 2344
f 2344 2345 2346
f 2344 2346 2300
f 2345 2297 2347
f 2345 2347 2346
f 2346 2347 2348
f 2346 2348 2300
f 2347 2297 2349
f 2347 2349 2348
f 2348 2349 2350
f 2348 2350 2300
f 2349 2297 2351
f 2349 2351 2350
f 2350 2351 2352
f 2350 2352 2300
f 2351 2297 2353
f 2351 2353 2352
f 2352 2353 2354
f 2352 2354 2300
f 2353 2297 2355
f 2353 2355 2354
f 2354 2355 2356
f 2354 2356 2300
f 2355 2297 2357
f 2355 2357 2356
f 2356 2357 2358
f 2356 2358 2300
f 2357 2297 2359
f 2357 2359 2358
f 2358 2359 2360
f 2358 2360 2300
f 2359 2297 2361
f 2359 2361 2360
f 2360 2361 2362
f 2360 2362 2300
f 2361 2297 2298
f 2361 2298 2362
f 2362 2298 2299
f 2362 2299 2300
f 2364 2363 2367
f 2364 2367 2365
f 2365 2367 2368
f 2365 2368 2366
f 2367 2363 2369
f 2367 2369 2368
f 2368 2369 2370
f 2368 2370 2366
f 2369 2363 2371
f 2369 2371 2370
f 2370 2371 2372
f 2370 2372 2366
f 2371 2363 2373
f 2371 2373 2372
f 2372 2373 2374
f 2372 2374 2366
f 2373 2363 2375
f 2373 2375 2374
f 2374 2375 2376
f 2374 2376 2366
f 2375 2363 2377
f 2375 2377 2376
f 2376 2377 2378
f 2376 2378 2366
f 2377 2363 2379
f 2377 2379 2378
f 2378 2379 2380
f 2378 2380 2366
f 2379 2363 2381
f 2379 2381 2380
f 2380 2381 2382
f 2380 2382 2366
f 2381 2363 2383
f 2381 2383 2382
f 2382 2383 2384
f 2382 2384 2366
f 2383 2363 2385
f 2383 2385 2384
f 2384 2385 2386
f 2384 2386 2366
f 2385 2363 2387
f 2385 2387 2386
f 2386 2387 2388
f 2386 2388 2366
f 2387 2363 2389
f 2387 2389 2388
f 2388 2389 2390
f 2388 2390 2366
f 2389 2363 2391
f 2389 2391 2390
f 2390 2391 2392
f 2390 2392 2366
f 2391 2363 2393
f 2391 2393 2392
f 2392 2393 2394
f 2392 2394 2366
f 2393 2363 2395
f 2393 2395 2394
f 2394 2395 2396
f 2394 2396 2366
f 2395 2363 2397
f 2395 2397 2396
f 2396 2397 2398
f 2396 2398 2366
f 2397 2363 2399
f 2397 2399 2398
f 2398 2399 2400
f 2398 2400 2366
f 2399 2363 2401
f 2399 2401 2400
f 2400 2401 2402
f 2400 2402 2366
f 2401 2363 2403
f 2401 2403 2402
f 2402 2403 2404
f 2402 2404 2366
f 2403 2363 2405
f 2403 2405 2404
f 2404 2405 2406
f 2404 2406 2366
f 2405 2363 2407
f 2405 2407 2406
f 2406 2407 2408
f 2406 2408 2366
f 2407 2363 2409
f 2407 2409 2408
f 2408 2409 2410
f 2408 2410 2366
f 2409 2363 2411
f 2409 2411 2410
f 2410 2411 2412
f 2410 2412 2366
f 2411 2363 2413
f 2411 2413 2412
f 2412 2413 2414
f 2412 2414 2366
f 2413 2363 2415
f 2413 2415 2414
f 2414 2415 2416
f 2414 2416 2366
f 2415 2363 2417
f 2415 2417 2416
f 2416 2417 2418
f 2416 2418 2366
f 2417 2363 2419
f 2417 2419 2418
f 2418 2419 2420
f 2418 2420 2366
f 2419 2363 2421
f 2419 2421 2420
f 2420 2421 2422
f 2420 2422 2366
f 2421 2363 2423
f 2421 2423 2422
f 2422 2423 2424
f 2422 2424 2366
f 2423 2363 2425
f 2423 2425 2424
f 2424 2425 2426
f 2424 2426 2366
f 2425 2363 2427
f 2425 2427 2426
f 2426 2427 2428
f 2426 2428 2366
f 2427 2363 2364
f 2427 2364 2428
f 2428 2364 2365
f 2428 2365 2366
f 2430 2429 2433
f 2430 2433 2431
f 2431 2433 2434
f 2431 2434 2432
f 2433 2429 2435
f 2433 2435 2434
f 2434 2435 2436
f 2434 2436 2432
f 2435 2429 2437
f 2435 2437 2436
f 2436 2437 2438
f 2436 2438 2432
f 2437 2429 2439
f 2437 2439 2438
f 2438 2439 2440
f 2438 2440 2432
f 2439 2429 2441
f 2439 2441 2440
f 2440 2441 2442
f 2440 2442 2432
f 2441 2429 2443
f 2441 2443 2442
f 2442 2443 2444
f 2442 2444 2432
f 2443 2429 2445
f 2443 2445 2444
f 2444 2445 2446
f 2444 2446 2432
f 2445 2429 2447
f 2445 2447 2446
f 2446 2447 2448
f 2446 2448 2432
f 2447 2429 2449
f 2447 2449 2448
f 2448 2449 2450
f 2448 2450 2432
f 2449 2429 2451
f 2449 2451 2450
f 2450 2451 2452
f 2450 2452 2432
f 2451 2429 2453
f 2451 2453 2452
f 2452 2453 2454
f 2452 2454 2432
f 2453 2429 2455
f 2453 2455 2454
f 2454 2455 2456
f 2454 2456 2432
f 2455 2429 2457
f 2455 2457 2456
f 2456 2457 2458
f 2456 2458 2432
f 2457 2429 2459
f 2457 2459 2458
f 2458 2459 2460
f 2458 2460 2432
f 2459 2429 2461
f 2459 2461 2460
f 2460 2461 2462
f 2460 2462 2432
f 2461 2429 2463
f 2461 2463 2462
f 2462 2463 2464
f 2462 2464 2432
f 2463 2429 2465
f 2463 2465 2464
f 2464 2465 2466
f 2464 2466 2432
f 2465 2429 2467
f 2465 2467 2466
f 2466 2467 2468
f 2466 2468 2432
f 2467 2429 2469
f 2467 2469 2468
f 2468 2469 2470
f 2468 2470 2432
f 2469 2429 2471
f 2469 2471 2470
f 2470 2471 2472
f 2470 2472 2432
f 2471 2429 2473
f 2471 2473 2472
f 2472 2473 2474
f 2472 2474 2432
f 2473 2429 2475
f 2473 2475 2474
f 2474 2475 2476
f 2474 2476 2432
f 2475 2429 2477
f 2475 2477 2476
f 2476 2477 2478
f 2476 2478 2432
f 2477 2429 2479
f 2477 2479 2478
f 2478 2479 2480
f 2478 2480 2432
f 2479 2429 2481
f 2479 2481 2480
f 2480 2481 2482
f 2480 2482 2432
f 2481 2429 2483
f 2481 2483 2482
f 2482 2483 2484
f 2482 2484 2432
f 2483 2429 2485
f 2483 2485 2484
f 2484 2485 2486
f 2484 2486 2432
f 2485 2429 2487
f 2485 2487 2486
f 2486 2487 2488
f 2486 2488 2432
f 2487 2429 2489
f 2487 2489 2488
f 2488 2489 2490
f 2488 2490 2432
f 2489 2429 2491
f 2489 2491 2490
f 2490 2491 2492
f 2490 2492 2432
f 2491 2429 2493
f 2491 2493 2492
f 2492 2493 2494
f 2492 2494 2432
f 2493 2429 2430
f 2493 2430 2494
f 2494 2430 2431
f 2494 2431 2432
f 2496 2495 2499
f 2496 2499 2497
f 2497 2499 2500
f 2497 2500 2498
f 2499 2495 2501
f 2499 2501 2500
f 2500 2501 2502
f 2500 2502 2498
f 2501 2495 2503
f 2501 2503 2502
f 2502 2503 2504
f 2502 2504 2498
f 2503 2495 2505
f 2503 2505 2504
f 2504 2505 2506
f 2504 2506 2498
f 2505 2495 2507
f 2505 2507 2506
f 2506 2507 2508
f 2506 2508 2498
f 2507 2495 2509
f 2507 2509 2508
f 2508 2509 2510
f 2508 2510 2498
f 2509 2495 2511
f 2509 2511 2510
f 2510 2511 2512
f 2510 2512 2498
f 2511 2495 2513
f 2511 2513 2512
f 2512 2513 2514
f 2512 2514 2498
f 2513 2495 2515
f 2513 2515 2514
f 2514 2515 2516
f 2514 2516 2498
f 2515 2495 2517
f 2515 2517 2516
f 2516 2517 2518
f 2516 2518 2498
f 2517 2495 2519
f 2517 2519 2518
f 2518 2519 2520
f 2518 2520 2498
f 2519 2495 2521
f 2519 2521 2520
f 2520 2521 2522
f 2520 2522 2498
f 2521 2495 2523
f 2521 2523 2522
f 2522 2523 2524
f 2522 2524 2498
f 2523 2495 2525
f 2523 2525 2524
f 2524 2525 2526
f 2524 2526 2498
f 2525 2495 2527
f 2525 2527 2526
f 2526 2527 2528
f 2526 2528 2498
f 2527 2495 2529
f 2527 2529 2528
f 2528 2529 2530
f 2528 2530 2498
f 2529 2495 2531
f 2529 2531 2530
f 2530 2531 2532
f 2530 2532 2498
f 2531 2495 2533
f 2531 2533 2532
f 2532 2533 2534
f 2532 2534 2498
f 2533 2495 2535
f 2533 2535 2534
f 2534 2535 2536
f 2534 2536 2498
f 2535 2495 2537
f 2535 2537 2536
f 2536 2537 2538
f 2536 2538 2498
f 2537 2495 2539
f 2537 2539 2538
f 2538 2539 2540
f 2538 2540 2498
f 2539 2495 2541
f 2539 2541 2540
f 2540 2541 2542
f 2540 2542 2498
f 2541 2495 2543
f 2541 2543 2542
f 2542 2543 2544
f 2542 2544 2498
f 2543 2495 2545
f 2543 2545 2544
f 2544 2545 2546
f 2544 2546 2498
f 2545 2495 2547
f 2545 2547 2546
f 2546 2547 2548
f 2546 2548 2498
f 2547 2495 2549
f 2547 2549 2548
f 2548 2549 2550
f 2548 2550 2498
f 2549 2495 2551
f 2549 2551 2550
f 2550 2551 2552
f 2550 2552 2498
f 2551 2495 2553
f 2551 2553 2552
f 2552 2553 2554
f 2552 2554 2498
f 2553 2495 2555
f 2553 2555 2554
f 2554 2555 2556
f 2554 2556 2498
f 2555 2495 2557
f 2555 2557 2556
f 2556 2557 2558
f 2556 2558 2498
f 2557 2495 2559
f 2557 2559 2558
f 2558 2559 2560
f 2558 2560 2498
f 2559 2495 2496
f 2559 2496 2560
f 2560 2496 2497
f 2560 2497 2498
f 2562 2564 2561
f 2565 2562 2561
f 2561 2564 2563
f 2563 2565 2561
f 2562 2568 2564
f 2566 2562 2565
f 2566 2568 2562
f 2564 2568 2563
f 2567 2565 2563
f 2563 2568 2567
f 2567 2566 2565
f 2568 2566 2567
f 2570 2572 2569
f 2573 2570 2569
f 2569 2572 2571
f 2571 2573 2569
f 2570 2576 2572
f 2574 2570 2573
f 2574 2576 2570
f 2572 2576 2571
f 2575 2573 2571
f 2571 2576 2575
f 2575 2574 2573
f 2576 2574 2575
f 2578 2580 2577
f 2581 2578 2577
f 2577 2580 2579
f 2579 2581 2577
f 2578 2584 2580
f 2582 2578 2581
f 2582 2584 2578
f 2580 2584 2579
f 2583 2581 2579
f 2579 2584 2583
f 2583 2582 2581
f 2584 2582 2583
f 2586 2588 2585
f 2589 2586 2585
f 2585 2588 2587
f 2587 2589 2585
f 2586 2592 2588
f 2590 2586 2589
f 2590 2592 2586
f 2588 2592 2587
f 2591 2589 2587
f 2587 2592 2591
f 2591 2590 2589
f 2592 2590 2591
f 2594 2596 2593
f 2597 2594 2593
f 2593 2596 2595
f 2595 2597 2593
f 2594 2600 2596
f 2598 2594 2597
f 2598 2600 2594
f 2596 2600 2595
f 2599 2597 2595
f 2595 2600 2599
f 2599 2598 2597
f 2600 2598 2599
f 2602 2604 2601
f 2605 2602 2601
f 2601 2604 2603
f 2603 2605 2601
f 2602 2608 2604
f 2606 2602 2605
f 2606 2608 2602
f 2604 2608 2603
f 2607 2605 2603
f 2603 2608 2607
f 2607 2606 2605
f 2608 2606 2607
f 2610 2612 2609
f 2613 2610 2609
f 2609 2612 2611
f 2611 2613 2609
f 2610 2616 2612
f 2614 2610 2613
f 2614 2616 2610
f 2612 2616 2611
f 2615 2613 2611
f 2611 2616 2615
f 2615 2614 2613
f 2616 2614 2615
f 2618 2620 2617
f 2621 2618 2617
f 2617 2620 2619
f 2619 2621 2617
f 2618 2624 2620
f 2622 2618 2621
f 2622 2624 2618
f 2620 2624 2619
f 2623 2621 2619
f 2619 2624 2623
f 2623 2622 2621
f 2624 2622 2623
f 2626 2628 2625
f 2629 2626 2625
f 2625 2628 2627
f 2627 2629 2625
f 2626 2632 2628
f 2630 2626 2629
f 2630 2632 2626
f 2628 2632 2627
f 2631 2629 2627
f 2627 2632 2631
f 2631 2630 2629
f 2632 2630 2631
f 2634 2636 2633
f 2637 2634 2633
f 2633 2636 2635
f 2635 2637 2633
f 2634 2640 2636
f 2638 2634 2637
f 2638 2640 2634
f 2636 2640 2635
f 2639 2637 2635
f 2635 2640 2639
f 2639 2638 2637
f 2640 2638 2639
f 2642 2644 2641
f 2645 2642 2641
f 2641 2644 2643
f 2643 2645 2641
f 2642 2648 2644
f 2646 2642 2645
f 2646 2648 2642
f 2644 2648 2643
f 2647 2645 2643
f 2643 2648 2647
f 2647 2646 2645
f 2648 2646 2647
f 2650 2652 2649
f 2653 2650 2649
f 2649 2652 2651
f 2651 2653 2649
f 2650 2656 2652
f 2654 2650 2653
f 2654 2656 2650
f 2652 2656 2651
f 2655 2653 2651
f 2651 2656 2655
f 2655 2654 2653
f 2656 2654 2655
f 2658 2660 2657
f 2661 2658 2657
f 2657 2660 2659
f 2659 2661 2657
f 2658 2664 2660
f 2662 2658 2661
f 2662 2664 2658
f 2660 2664 2659
f 2663 2661 2659
f 2659 2664 2663
f 2663 2662 2661
f 2664 2662 2663
f 2666 2668 2665
f 2669 2666 2665
f 2665 2668 2667
f 2667 2669 2665
f 2666 2672 2668
f 2670 2666 2669
f 2670 2672 2666
f 2668 2672 2667
f 2671 2669 2667
f 2667 2672 2671
f 2671 2670 2669
f 2672 2670 2671
f 2674 2676 2673
f 2677 2674 2673
f 2673 2676 2675
f 2675 2677 2673
f 2674 2680 2676
f 2678 2674 2677
f 2678 2680 2674
f 2676 2680 2675
f 2679 2677 2675
f 2675 2680 2679
f 2679 2678 2677
f 2680 2678 2679
f 2682 2684 2681
f 2685 2682 2681
f 2681 2684 2683
f 2683 2685 2681
f 2682 2688 2684
f 2686 2682 2685
f 2686 2688 2682
f 2684 2688 2683
f 2687 2685 2683
f 2683 2688 2687
f 2687 2686 2685
f 2688 2686 2687
f 2690 2692 2689
f 2693 2690 2689
f 2689 2692 2691
f 2691 2693 2689
f 2690 2696 2692
f 2694 2690 2693
f 2694 2696 2690
f 2692 2696 2691
f 2695 2693 2691
f 2691 2696 2695
f 2695 2694 2693
f 2696 2694 2695
f 2698 2697 2701
f 2698 2701 2699
f 2699 2701 2702
f 2699 2702 2700
f 2701 2697 2703
f 2701 2703 2702
f 2702 2703 2704
f 2702 2704 2700
f 2703 2697 2705
f 2703 2705 2704
f 2704 2705 2706
f 2704 2706 2700
f 2705 2697 2707
f 2705 2707 2706
f 2706 2707 2708
f 2706 2708 2700
f 2707 2697 2709
f 2707 2709 2708
f 2708 2709 2710
f 2708 2710 2700
f 2709 2697 2711
f 2709 2711 2710
f 2710 2711 2712
f 2710 2712 2700
f 2711 2697 2713
f 2711 2713 2712
f 2712 2713 2714
f 2712 2714 2700
f 2713 2697 2715
f 2713 2715 2714
f 2714 2715 2716
f 2714 2716 2700
f 2715 2697 2717
f 2715 2717 2716
f 2716 2717 2718
f 2716 2718 2700
f 2717 2697 2719
f 2717 2719 2718
f 2718 2719 2720
f 2718 2720 2700
f 2719 2697 2721
f 2719 2721 2720
f 2720 2721 2722
f 2720 2722 2700
f 2721 2697 2723
f 2721 2723 2722
f 2722 2723 2724
f 2722 2724 2700
f 2723 2697 2725
f 2723 2725 2724
f 2724 2725 2726
f 2724 2726 2700
f 2725 2697 2727
f 2725 2727 2726
f 2726 2727 2728
f 2726 2728 2700
f 2727 2697 2729
f 2727 2729 2728
f 2728 2729 2730
f 2728 2730 2700
f 2729 2697 2731
f 2729 2731 2730
f 2730 2731 2732
f 2730 2732 2700
f 2731 2697 2733
f 2731 2733 2732
f 2732 2733 2734
f 2732 2734 2700
f 2733 2697 2735
f 2733 2735 2734
f 2734 2735 2736
f 2734 2736 2700
f 2735 2697 2737
f 2735 2737 2736
f 2736 2737 2738
f 2736 2738 2700
f 2737 2697 2739
f 2737 2739 2738
f 2738 2739 2740
f 2738 2740 2700
f 2739 2697 2741
f 2739 2741 2740
f 2740 2741 2742
f 2740 2742 2700
f 2741 2697 2743
f 2741 2743 2742
f 2742 2743 2744
f 2742 2744 2700
f 2743 2697 2745
f 2743 2745 2744
f 2744 2745 2746
f 2744 2746 2700
f 2745 2697 2747
f 2745 2747 2746
f 2746 2747 2748
f 2746 2748 2700
f 2747 2697 2749
f 2747 2749 2748
f 2748 2749 2750
f 2748 2750 2700
f 2749 2697 2751
f 2749 2751 2750
f 2750 2751 2752
f 2750 2752 2700
f 2751 2697 2753
f 2751 2753 2752
f 2752 2753 2754
f 2752 2754 2700
f 2753 2697 2755
f 2753 2755 2754
f 2754 2755 2756
f 2754 2756 2700
f 2755 2697 2757
f 2755 2757 2756
f 2756 2757 2758
f 2756 2758 2700
f 2757 2697 2759
f 2757 2759 2758
f 2758 2759 2760
f 2758 2760 2700
f 2759 2697 2761
f 2759 2761 2760
f 2760 2761 2762
f 2760 2762 2700
f 2761 2697 2698
f 2761 2698 2762
f 2762 2698 2699
f 2762 2699 2700
f 2764 2763 2767
f 2764 2767 2765
f 2765 2767 2768
f 2765 2768 2766
f 2767 2763 2769
f 2767 2769 2768
f 2768 2769 2770
f 2768 2770 2766
f 2769 2763 2771
f 2769 2771 2770
f 2770 2771 2772
f 2770 2772 2766
f 2771 2763 2773
f 2771 2773 2772
f 2772 2773 2774
f 2772 2774 2766
f 2773 2763 2775
f 2773 2775 2774
f 2774 2775 2776
f 2774 2776 2766
f 2775 2763 2777
f 2775 2777 2776
f 2776 2777 2778
f 2776 2778 2766
f 2777 2763 2779
f 2777 2779 2778
f 2778 2779 2780
f 2778 2780 2766
f 2779 2763 2781
f 2779 2781 2780
f 2780 2781 2782
f 2780 2782 2766
f 2781 2763 2783
f 2781 2783 2782
f 2782 2783 2784
f 2782 2784 2766
f 2783 2763 2785
f 2783 2785 2784
f 2784 2785 2786
f 2784 2786 2766
f 2785 2763 2787
f 2785 2787 2786
f 2786 2787 2788
f 2786 2788 2766
f 2787 2763 2789
f 2787 2789 2788
f 2788 2789 2790
f 2788 2790 2766
f 2789 2763 2791
f 2789 2791 2790
f 2790 2791 2792
f 2790 2792 2766
f 2791 2763 2793
f 2791 2793 2792
f 2792 2793 2794
f 2792 2794 2766
f 2793 2763 2795
f 2793 2795 2794
f 2794 2795 2796
f 2794 2796 2766
f 2795 2763 2797
f 2795 2797 2796
f 2796 2797 2798
f 2796 2798 2766
f 2797 2763 2799
f 2797 2799 2798
f 2798 2799 2800
f 2798 2800 2766
f 2799 2763 2801
f 2799 2801 2800
f 2800 2801 2802
f 2800 2802 2766
f 2801 2763 2803
f 2801 2803 2802
f 2802 2803 2804
f 2802 2804 2766
f 2803 2763 2805
f 2803 2805 2804
f 2804 2805 2806
f 2804 2806 2766
f 2805 2763 2807
f 2805 2807 2806
f 2806 2807 2808
f 2806 2808 2766
f 2807 2763 2809
f 2807 2809 2808
f 2808 2809 2810
f 2808 2810 2766
f 2809 2763 2811
f 2809 2811 2810
f 2810 2811 2812
f 2810 2812 2766
f 2811 2763 2813
f 2811 2813 2812
f 2812 2813 2814
f 2812 2814 2766
f 2813 2763 2815
f 2813 2815 2814
f 2814 2815 2816
f 2814 2816 2766
f 2815 2763 2817
f 2815 2817 2816
f 2816 2817 2818
f 2816 2818 2766
f 2817 2763 2819
f 2817 2819 2818
f 2818 2819 2820
f 2818 2820 2766
f 2819 2763 2821
f 2819 2821 2820
f 2820 2821 2822
f 2820 2822 2766
f 2821 2763 2823
f 2821 2823 2822
f 2822 2823 2824
f 2822 2824 2766
f 2823 2763 2825
f 2823 2825 2824
f 2824 2825 2826
f 2824 2826 2766
f 2825 2763 2827
f 2825 2827 2826
f 2826 2827 2828
f 2826 2828 2766
f 2827 2763 2764
f 2827 2764 2828
f 2828 2764 2765
f 2828 2765 2766
f 2830 2832 2829
f 2833 2830 2829
f 2829 2832 2831
f 2831 2833 2829
f 2830 2836 2832
f 2834 2830 2833
f 2834 2836 2830
f 2832 2836 2831
f 2835 2833 2831
f 2831 2836 2835
f 2835 2834 2833
f 2836 2834 2835
f 2838 2840 2837
f 2841 2838 2837
f 2837 2840 2839
f 2839 2841 2837
f 2838 2844 2840
f 2842 2838 2841
f 2842 2844 2838
f 2840 2844 2839
f 2843 2841 2839
f 2839 2844 2843
f 2843 2842 2841
f 2844 2842 2843
f 2846 2848 2845
f 2849 2846 2845
f 2845 2848 2847
f 2847 2849 2845
f 2846 2852 2848
f 2850 2846 2849
f 2850 2852 2846
f 2848 2852 2847
f 2851 2849 2847
f 2847 2852 2851
f 2851 2850 2849
f 2852 2850 2851
f 2854 2856 2853
f 2857 2854 2853
f 2853 2856 2855
f 2855 2857 2853
f 2854 2860 2856
f 2858 2854 2857
f 2858 2860 2854
f 2856 2860 2855
f 2859 2857 2855
f 2855 2860 2859
f 2859 2858 2857
f 2860 2858 2859
f 2862 2864 2861
f 2865 2862 2861
f 2861 2864 2863
f 2863 2865 2861
f 2862 2868 2864
f 2866 2862 2865
f 2866 2868 2862
f 2864 2868 2863
f 2867 2865 2863
f 2863 2868 2867
f 2867 2866 2865
f 2868 2866 2867
f 2870 2872 2869
f 2873 2870 2869
f 2869 2872 2871
f 2871 2873 2869
f 2870 2876 2872
f 2874 2870 2873
f 2874 2876 2870
f 2872 2876 2871
f 2875 2873 2871
f 2871 2876 2875
f 2875 2874 2873
f 2876 2874 2875
f 2878 2880 2877
f 2881 2878 2877
f 2877 2880 2879
f 2879 2881 2877
f 2878 2884 2880
f 2882 2878 2881
f 2882 2884 2878
f 2880 2884 2879
f 2883 2881 2879
f 2879 2884 2883
f 2883 2882 2881
f 2884 2882 2883
f 2886 2888 2885
f 2889 2886 2885
f 2885 2888 2887
f 2887 2889 2885
f 2886 2892 2888
f 2890 2886 2889
f 2890 2892 2886
f 2888 2892 2887
f 2891 2889 2887
f 2887 2892 2891
f 2891 2890 2889
f 2892 2890 2891
f 2894 2896 2893
f 2897 2894 2893
f 2893 2896 2895
f 2895 2897 2893
f 2894 2900 2896
f 2898 2894 2897
f 2898 2900 2894
f 2896 2900 2895
f 2899 2897 2895
f 2895 2900 2899
f 2899 2898 2897
f 2900 2898 2899
f 2902 2904 2901
f 2905 2902 2901
f 2901 2904 2903
f 2903 2905 2901
f 2902 2908 2904
f 2906 2902 2905
f 2906 2908 2902
f 2904 2908 2903
f 2907 2905 2903
f 2903 2908 2907
f 2907 2906 2905
f 2908 2906 2907
f 2910 2912 2909
f 2913 2910 2909
f 2909 2912 2911
f 2911 2913 2909
f 2910 2916 2912
f 2914 2910 2913
f 2914 2916 2910
f 2912 2916 2911
f 2915 2913 2911
f 2911 2916 2915
f 2915 2914 2913
f 2916 2914 2915
f 2918 2920 2917
f 2921 2918 2917
f 2917 2920 2919
f 2919 2921 2917
f 2918 2924 2920
f 2922 2918 2921
f 2922 2924 2918
f 2920 2924 2919
f 2923 2921 2919
f 2919 2924 2923
f 2923 2922 2921
f 2924 2922 2923
f 2926 2928 2925
f 2929 2926 2925
f 2925 2928 2927
f 2927 2929 2925
f 2926 2932 2928
f 2930 2926 2929
f 2930 2932 2926
f 2928 2932 2927
f 2931 2929 2927
f 2927 2932 2931
f 2931 2930 2929
f 2932 2930 2931
f 2934 2936 2933
f 2937 2934 2933
f 2933 2936 2935
f 2935 2937 2933
f 2934 2940 2936
f 2938 2934 2937
f 2938 2940 2934
f 2936 2940 2935
f 2939 2937 2935
f 2935 2940 2939
f 2939 2938 2937
f 2940 2938 2939
f 2942 2944 2941
f 2945 2942 2941
f 2941 2944 2943
f 2943 2945 2941
f 2942 2948 2944
f 2946 2942 2945
f 2946 2948 2942
f 2944 2948 2943
f 2947 2945 2943
f 2943 2948 2947
f 2947 2946 2945
f 2948 2946 2947
f 2950 2952 2949
f 2953 2950 2949
f 2949 2952 2951
f 2951 2953 2949
f 2950 2956 2952
f 2954 2950 2953
f 2954 2956 2950
f 2952 2956 2951
f 2955 2953 2951
f 2951 2956 2955
f 2955 2954 2953
f 2956 2954 2955
f 2958 2960 2957
f 2961 2958 2957
f 2957 2960 2959
f 2959 2961 2957
f 2958 2964 2960
f 2962 2958 2961
f 2962 2964 2958
f 2960 2964 2959
f 2963 2961 2959
f 2959 2964 2963
f 2963 2962 2961
f 2964 2962 2963
f 2966 2965 2969
f 2966 2969 2967
f 2967 2969 2970
f 2967 2970 2968
f 2969 2965 2971
f 2969 2971 2970
f 2970 2971 2972
f 2970 2972 2968
f 2971 2965 2973
f 2971 2973 2972
f 2972 2973 2974
f 2972 2974 2968
f 2973 2965 2975
f 2973 2975 2974
f 2974 2975 2976
f 2974 2976 2968
f 2975 2965 2977
f 2975 2977 2976
f 2976 2977 2978
f 2976 2978 2968
f 2977 2965 2979
f 2977 2979 2978
f 2978 2979 2980
f 2978 2980 2968
f 2979 2965 2981
f 2979 2981 2980
f 2980 2981 2982
f 2980 2982 2968
f 2981 2965 2983
f 2981 2983 2982
f 2982 2983 2984
f 2982 2984 2968
f 2983 2965 2985
f 2983 2985 2984
f 2984 2985 2986
f 2984 2986 2968
f 2985 2965 2987
f 2985 2987 2986
f 2986 2987 2988
f 2986 2988 2968
f 2987 2965 2989
f 2987 2989 2988
f 2988 2989 2990
f 2988 2990 2968
f 2989 2965 2991
f 2989 2991 2990
f 2990 2991 2992
f 2990 2992 2968
f 2991 2965 2993
f 2991 2993 2992
f 2992 2993 2994
f 2992 2994 2968
f 2993 2965 2995
f 2993 2995 2994
f 2994 2995 2996
f 2994 2996 2968
f 2995 2965 2997
f 2995 2997 2996
f 2996 2997 2998
f 2996 2998 2968
f 2997 2965 2999
f 2997 2999 2998
f 2998 2999 3000
f 2998 3000 2968
f 2999 2965 3001
f 2999 3001 3000
f 3000 3001 3002
f 3000 3002 2968
f 3001 2965 3003
f 3001 3003 3002
f 3002 3003 3004
f 3002 3004 2968
f 3003 2965 3005
f 3003 3005 3004
f 3004 3005 3006
f 3004 3006 2968
f 3005 2965 3007
f 3005 3007 3006
f 3006 3007 3008
f 3006 3008 2968
f 3007 2965 3009
f 3007 3009 3008
f 3008 3009 3010
f 3008 3010 2968
f 3009 2965 3011
f 3009 3011 3010
f 3010 3011 3012
f 3010 3012 2968
f 3011 2965 3013
f 3011 3013 3012
f 3012 3013 3014
f 3012 3014 2968
f 3013 2965 3015
f 3013 3015 3014
f 3014 3015 3016
f 3014 3016 2968
f 3015 2965 3017
f 3015 3017 3016
f 3016 3017 3018
f 3016 3018 2968
f 3017 2965 3019
f 3017 3019 3018
f 3018 3019 3020
f 3018 3020 2968
f 3019 2965 3021
f 3019 3021 3020
f 3020 3021 3022
f 3020 3022 2968
f 3021 2965 3023
f 3021 3023 3022
f 3022 3023 3024
f 3022 3024 2968
f 3023 2965 3025
f 3023 3025 3024
f 3024 3025 3026
f 3024 3026 2968
f 3025 2965 3027
f 3025 3027 3026
f 3026 3027 3028
f 3026 3028 2968
f 3027 2965 3029
f 3027 3029 3028
f 3028 3029 3030
f 3028 3030 2968
f 3029 2965 2966
f 3029 2966 3030
f 3030 2966 2967
f 3030 2967 2968
f 3032 3031 3035
f 3032 3035 3033
f 3033 3035 3036
f 3033 3036 3034
f 3035 3031 3037
f 3035 3037 3036
f 3036 3037 3038
f 3036 3038 3034
f 3037 3031 3039
f 3037 3039 3038
f 3038 3039 3040
f 3038 3040 3034
f 3039 3031 3041
f 3039 3041 3040
f 3040 3041 3042
f 3040 3042 3034
f 3041 3031 3043
f 3041 3043 3042
f 3042 3043 3044
f 3042 3044 3034
f 3043 3031 3045
f 3043 3045 3044
f 3044 3045 3046
f 3044 3046 3034
f 3045 3031 3047
f 3045 3047 3046
f 3046 3047 3048
f 3046 3048 3034
f 3047 3031 3049
f 3047 3049 3048
f 3048 3049 3050
f 3048 3050 3034
f 3049 3031 3051
f 3049 3051 3050
f 3050 3051 3052
f 3050 3052 3034
f 3051 3031 3053
f 3051 3053 3052
f 3052 3053 3054
f 3052 3054 3034
f 3053 3031 3055
f 3053 3055 3054
f 3054 3055 3056
f 3054 3056 3034
f 3055 3031 3057
f 3055 3057 3056
f 3056 3057 3058
f 3056 3058 3034
f 3057 3031 3059
f 3057 3059 3058
f 3058 3059 3060
f 3058 3060 3034
f 3059 3031 3061
f 3059 3061 3060
f 3060 3061 3062
f 3060 3062 3034
f 3061 3031 3063
f 3061 3063 3062
f 3062 3063 3064
f 3062 3064 3034
f 3063 3031 3065
f 3063 3065 3064
f 3064 3065 3066
f 3064 3066 3034
f 3065 3031 3067
f 3065 3067 3066
f 3066 3067 3068
f 3066 3068 3034
f 3067 3031 3069
f 3067 3069 3068
f 3068 3069 3070
f 3068 3070 3034
f 3069 3031 3071
f 3069 3071 3070
f 3070 3071 3072
f 3070 3072 3034
f 3071 3031 3073
f 3071 3073 3072
f 3072 3073 3074
f 3072 3074 3034
f 3073 3031 3075
f 3073 3075 3074
f 3074 3075 3076
f 3074 3076 3034
f 3075 3031 3077
f 3075 3077 3076
f 3076 3077 3078
f 3076 3078 3034
f 3077 3031 3079
f 3077 3079 3078
f 3078 3079 3080
f 3078 3080 3034
f 3079 3031 3081
f 3079 3081 3080
f 3080 3081 3082
f 3080 3082 3034
f 3081 3031 3083
f 3081 3083 3082
f 3082 3083 3084
f 3082 3084 3034
f 3083 3031 3085
f 3083 3085 3084
f 3084 3085 3086
f 3084 3086 3034
f 3085 3031 3087
f 3085 3087 3086
f 3086 3087 3088
f 3086 3088 3034
f 3087 3031 3089
f 3087 3089 3088
f 3088 3089 3090
f 3088 3090 3034
f 3089 3031 3091
f 3089 3091 3090
f 3090 3091 3092
f 3090 3092 3034
f 3091 3031 3093
f 3091 3093 3092
f 3092 3093 3094
f 3092 3094 3034
f 3093 3031 3095
f 3093 3095 3094
f 3094 3095 3096
f 3094 3096 3034
f 3095 3031 3032
f 3095 3032 3096
f 3096 3032 3033
f 3096 3033 3034
f 3098 3097 3101
f 3098 3101 3099
f 3099 3101 3102
f 3099 3102 3100
f 3101 3097 3103
f 3101 3103 3102
f 3102 3103 3104
f 3102 3104 3100
f 3103 3097 3105
f 3103 3105 3104
f 3104 3105 3106
f 3104 3106 3100
f 3105 3097 3107
f 3105 3107 3106
f 3106 3107 3108
f 3106 3108 3100
f 3107 3097 3109
f 3107 3109 3108
f 3108 3109 3110
f 3108 3110 3100
f 3109 3097 3111
f 3109 3111 3110
f 3110 3111 3112
f 3110 3112 3100
f 3111 3097 3113
f 3111 3113 3112
f 3112 3113 3114
f 3112 3114 3100
f 3113 3097 3115
f 3113 3115 3114
f 3114 3115 3116
f 3114 3116 3100
f 3115 3097 3117
f 3115 3117 3116
f 3116 3117 3118
f 3116 3118 3100
f 3117 3097 3119
f 3117 3119 3118
f 3118 3119 3120
f 3118 3120 3100
f 3119 3097 3121
f 3119 3121 3120
f 3120 3121 3122
f 3120 3122 3100
f 3121 3097 3123
f 3121 3123 3122
f 3122 3123 3124
f 3122 3124 3100
f 3123 3097 3125
f 3123 3125 3124
f 3124 3125 3126
f 3124 3126 3100
f 3125 3097 3127
f 3125 3127 3126
f 3126 3127 3128
f 3126 3128 3100
f 3127 3097 3129
f 3127 3129 3128
f 3128 3129 3130
f 3128 3130 3100
f 3129 3097 3131
f 3129 3131 3130
f 3130 3131 3132
f 3130 3132 3100
f 3131 3097 3133
f 3131 3133 3132
f 3132 3133 3134
f 3132 3134 3100
f 3133 3097 3135
f 3133 3135 3134
f 3134 3135 3136
f 3134 3136 3100
f 3135 3097 3137
f 3135 3137 3136
f 3136 3137 3138
f 3136 3138 3100
f 3137 3097 3139
f 3137 3139 3138
f 3138 3139 3140
f 3138 3140 3100
f 3139 3097 3141
f 3139 3141 3140
f 3140 3141 3142
f 3140 3142 3100
f 3141 3097 3143
f 3141 3143 3142
f 3142 3143 3144
f 3142 3144 3100
f 3143 3097 3145
f 3143 3145 3144
f 3144 3145 3146
f 3144 3146 3100
f 3145 3097 3147
f 3145 3147 3146
f 3146 3147 3148
f 3146 3148 3100
f 3147 3097 3149
f 3147 3149 3148
f 3148 3149 3150
f 3148 3150 3100
f 3149 3097 3151
f 3149 3151 3150
f 3150 3151 3152
f 3150 3152 3100
f 3151 3097 3153
f 3151 3153 3152
f 3152 3153 3154
f 3152 3154 3100
f 3153 3097 3155
f 3153 3155 3154
f 3154 3155 3156
f 3154 3156 3100
f 3155 3097 3157
f 3155 3157 3156
f 3156 3157 3158
f 3156 3158 3100
f 3157 3097 3159
f 3157 3159 3158
f 3158 3159 3160
f 3158 3160 3100
f 3159 3097 3161
f 3159 3161 3160
f 3160 3161 3162
f 3160 3162 3100
f 3161 3097 3098
f 3161 3098 3162
f 3162 3098 3099
f 3162 3099 3100
f 3164 3163 3167
f 3164 3167 3165
f 3165 3167 3168
f 3165 3168 3166
f 3167 3163 3169
f 3167 3169 3168
f 3168 3169 3170
f 3168 3170 3166
f 3169 3163 3171
f 3169 3171 3170
f 3170 3171 3172
f 3170 3172 3166
f 3171 3163 3173
f 3171 3173 3172
f 3172 3173 3174
f 3172 3174 3166
f 3173 3163 3175
f 3173 3175 3174
f 3174 3175 3176
f 3174 3176 3166
f 3175 3163 3177
f 3175 3177 3176
f 3176 3177 3178
f 3176 3178 3166
f 3177 3163 3179
f 3177 3179 3178
f 3178 3179 3180
f 3178 3180 3166
f 3179 3163 3181
f 3179 3181 3180
f 3180 3181 3182
f 3180 3182 3166
f 3181 3163 3183
f 3181 3183 3182
f 3182 3183 3184
f 3182 3184 3166
f 3183 3163 3185
f 3183 3185 3184
f 3184 3185 3186
f 3184 3186 3166
f 3185 3163 3187
f 3185 3187 3186
f 3186 3187 3188
f 3186 3188 3166
f 3187 3163 3189
f 3187 3189 3188
f 3188 3189 3190
f 3188 3190 3166
f 3189 3163 3191
f 3189 3191 3190
f 3190 3191 3192
f 3190 3192 3166
f 3191 3163 3193
f 3191 3193 3192
f 3192 3193 3194
f 3192 3194 3166
f 3193 3163 3195
f 3193 3195 3194
f 3194 3195 3196
f 3194 3196 3166
f 3195 3163 3197
f 3195 3197 3196
f 3196 3197 3198
f 3196 3198 3166
f 3197 3163 3199
f 3197 3199 3198
f 3198 3199 3200
f 3198 3200 3166
f 3199 3163 3201
f 3199 3201 3200
f 3200 3201 3202
f 3200 3202 3166
f 3201 3163 3203
f 3201 3203 3202
f 3202 3203 3204
f 3202 3204 3166
f 3203 3163 3205
f 3203 3205 3204
f 3204 3205 3206
f 3204 3206 3166
f 3205 3163 3207
f 3205 3207 3206
f 3206 3207 3208
f 3206 3208 3166
f 3207 3163 3209
f 3207 3209 3208
f 3208 3209 3210
f 3208 3210 3166
f 3209 3163 3211
f 3209 3211 3210
f 3210 3211 3212
f 3210 3212 3166
f 3211 3163 3213
f 3211 3213 3212
f 3212 3213 3214
f 3212 3214 3166
f 3213 3163 3215
f 3213 3215 3214
f 3214 3215 3216
f 3214 3216 3166
f 3215 3163 3217
f 3215 3217 3216
f 3216 3217 3218
f 3216 3218 3166
f 3217 3163 3219
f 3217 3219 3218
f 3218 3219 3220
f 3218 3220 3166
f 3219 3163 3221
f 3219 3221 3220
f 3220 3221 3222
f 3220 3222 3166
f 3221 3163 3223
f 3221 3223 3222
f 3222 3223 3224
f 3222 3224 3166
f 3223 3163 3225
f 3223 3225 3224
f 3224 3225 3226
f 3224 3226 3166
f 3225 3163 3227
f 3225 3227 3226
f 3226 3227 3228
f 3226 3228 3166
f 3227 3163 3164
f 3227 3164 3228
f 3228 3164 3165
f 3228 3165 3166
f 3230 3229 3233
f 3230 3233 3231
f 3231 3233 3234
f 3231 3234 3232
f 3233 3229 3235
f 3233 3235 3234
f 3234 3235 3236
f 3234 3236 3232
f 3235 3229 3237
f 3235 3237 3236
f 3236 3237 3238
f 3236 3238 3232
f 3237 3229 3239
f 3237 3239 3238
f 3238 3239 3240
f 3238 3240 3232
f 3239 3229 3241
f 3239 3241 3240
f 3240 3241 3242
f 3240 3242 3232
f 3241 3229 3243
f 3241 3243 3242
f 3242 3243 3244
f 3242 3244 3232
f 3243 3229 3245
f 3243 3245 3244
f 3244 3245 3246
f 3244 3246 3232
f 3245 3229 3247
f 3245 3247 3246
f 3246 3247 3248
f 3246 3248 3232
f 3247 3229 3249
f 3247 3249 3248
f 3248 3249 3250
f 3248 3250 3232
f 3249 3229 3251
f 3249 3251 3250
f 3250 3251 3252
f 3250 3252 3232
f 3251 3229 3253
f 3251 3253 3252
f 3252 3253 3254
f 3252 3254 3232
f 3253 3229 3255
f 3253 3255 3254
f 3254 3255 3256
f 3254 3256 3232
f 3255 3229 3257
f 3255 3257 3256
f 3256 3257 3258
f 3256 3258 3232
f 3257 3229 3259
f 3257 3259 3258
f 3258 3259 3260
f 3258 3260 3232
f 3259 3229 3261
f 3259 3261 3260
f 3260 3261 3262
f 3260 3262 3232
f 3261 3229 3263
f 3261 3263 3262
f 3262 3263 3264
f 3262 3264 3232
f 3263 3229 3265
f 3263 3265 3264
f 3264 3265 3266
f 3264 3266 3232
f 3265 3229 3267
f 3265 3267 3266
f 3266 3267 3268
f 3266 3268 3232
f 3267 3229 3269
f 3267 3269 3268
f 3268 3269 3270
f 3268 3270 3232
f 3269 3229 3271
f 3269 3271 3270
f 3270 3271 3272
f 3270 3272 3232
f 3271 3229 3273
f 3271 3273 3272
f 3272 3273 3274
f 3272 3274 3232
f 3273 3229 3275
f 3273 3275 3274
f 3274 3275 3276
f 3274 3276 3232
f 3275 3229 3277
f 3275 3277 3276
f 3276 3277 3278
f 3276 3278 3232
f 3277 3229 3279
f 3277 3279 3278
f 3278 3279 3280
f 3278 3280 3232
f 3279 3229 3281
f 3279 3281 3280
f 3280 3281 3282
f 3280 3282 3232
f 3281 3229 3283
f 3281 3283 3282
f 3282 3283 3284
f 3282 3284 3232
f 3283 3229 3285
f 3283 3285 3284
f 3284 3285 3286
f 3284 3286 3232
f 3285 3229 3287
f 3285 3287 3286
f 3286 3287 3288
f 3286 3288 3232
f 3287 3229 3289
f 3287 3289 3288
f 3288 3289 3290
f 3288 3290 3232
f 3289 3229 3291
f 3289 3291 3290
f 3290 3291 3292
f 3290 3292 3232
f 3291 3229 3293
f 3291 3293 3292
f 3292 3293 3294
f 3292 3294 3232
f 3293 3229 3230
f 3293 3230 3294
f 3294 3230 3231
f 3294 3231 3232
f 3296 3295 3299
f 3296 3299 3297
f 3297 3299 3300
f 3297 3300 3298
f 3299 3295 3301
f 3299 3301 3300
f 3300 3301 3302
f 3300 3302 3298
f 3301 3295 3303
f 3301 3303 3302
f 3302 3303 3304
f 3302 3304 3298
f 3303 3295 3305
f 3303 3305 3304
f 3304 3305 3306
f 3304 3306 3298
f 3305 3295 3307
f 3305 3307 3306
f 3306 3307 3308
f 3306 3308 3298
f 3307 3295 3309
f 3307 3309 3308
f 3308 3309 3310
f 3308 3310 3298
f 3309 3295 3311
f 3309 3311 3310
f 3310 3311 3312
f 3310 3312 3298
f 3311 3295 3313
f 3311 3313 3312
f 3312 3313 3314
f 3312 3314 3298
f 3313 3295 3315
f 3313 3315 3314
f 3314 3315 3316
f 3314 3316 3298
f 3315 3295 3317
f 3315 3317 3316
f 3316 3317 3318
f 3316 3318 3298
f 3317 3295 3319
f 3317 3319 3318
f 3318 3319 3320
f 3318 3320 3298
f 3319 3295 3321
f 3319 3321 3320
f 3320 3321 3322
f 3320 3322 3298
f 3321 3295 3323
f 3321 3323 3322
f 3322 3323 3324
f 3322 3324 3298
f 3323 3295 3325
f 3323 3325 3324
f 3324 3325 3326
f 3324 3326 3298
f 3325 3295 3327
f 3325 3327 3326
f 3326 3327 3328
f 3326 3328 3298
f 3327 3295 3329
f 3327 3329 3328
f 3328 3329 3330
f 3328 3330 3298
f 3329 3295 3331
f 3329 3331 3330
f 3330 3331 3332
f 3330 3332 3298
f 3331 3295 3333
f 3331 3333 3332
f 3332 3333 3334
f 3332 3334 3298
f 3333 3295 3335
f 3333 3335 3334
f 3334 3335 3336
f 3334 3336 3298
f 3335 3295 3337
f 3335 3337 3336
f 3336 3337 3338
f 3336 3338 3298
f 3337 3295 3339
f 3337 3339 3338
f 3338 3339 3340
f 3338 3340 3298
f 3339 3295 3341
f 3339 3341 3340
f 3340 3341 3342
f 3340 3342 3298
f 3341 3295 3343
f 3341 3343 3342
f 3342 3343 3344
f 3342 3344 3298
f 3343 3295 3345
f 3343 3345 3344
f 3344 3345 3346
f 3344 3346 3298
f 3345 3295 3347
f 3345 3347 3346
f 3346 3347 3348
f 3346 3348 3298
f 3347 3295 3349
f 3347 3349 3348
f 3348 3349 3350
f 3348 3350 3298
f 3349 3295 3351
f 3349 3351 3350
f 3350 3351 3352
f 3350 3352 3298
f 3351 3295 3353
f 3351 3353 3352
f 3352 3353 3354
f 3352 3354 3298
f 3353 3295 3355
f 3353 3355 3354
f 3354 3355 3356
f 3354 3356 3298
f 3355 3295 3357
f 3355 3357 3356
f 3356 3357 3358
f 3356 3358 3298
f 3357 3295 3359
f 3357 3359 3358
f 3358 3359 3360
f 3358 3360 3298
f 3359 3295 3296
f 3359 3296 3360
f 3360 3296 3297
f 3360 3297 3298
f 3362 3361 3365
f 3362 3365 3363
f 3363 3365 3366
f 3363 3366 3364
f 3365 3361 3367
f 3365 3367 3366
f 3366 3367 3368
f 3366 3368 3364
f 3367 3361 3369
f 3367 3369 3368
f 3368 3369 3370
f 3368 3370 3364
f 3369 3361 3371
f 3369 3371 3370
f 3370 3371 3372
f 3370 3372 3364
f 3371 3361 3373
f 3371 3373 3372
f 3372 3373 3374
f 3372 3374 3364
f 3373 3361 3375
f 3373 3375 3374
f 3374 3375 3376
f 3374 3376 3364
f 3375 3361 3377
f 3375 3377 3376
f 3376 3377 3378
f 3376 3378 3364
f 3377 3361 3379
f 3377 3379 3378
f 3378 3379 3380
f 3378 3380 3364
f 3379 3361 3381
f 3379 3381 3380
f 3380 3381 3382
f 3380 3382 3364
f 3381 3361 3383
f 3381 3383 3382
f 3382 3383 3384
f 3382 3384 3364
f 3383 3361 3385
f 3383 3385 3384
f 3384 3385 3386
f 3384 3386 3364
f 3385 3361 3387
f 3385 3387 3386
f 3386 3387 3388
f 3386 3388 3364
f 3387 3361 3389
f 3387 3389 3388
f 3388 3389 3390
f 3388 3390 3364
f 3389 3361 3391
f 3389 3391 3390
f 3390 3391 3392
f 3390 3392 3364
f 3391 3361 3393
f 3391 3393 3392
f 3392 3393 3394
f 3392 3394 3364
f 3393 3361 3395
f 3393 3395 3394
f 3394 3395 3396
f 3394 3396 3364
f 3395 3361 3397
f 3395 3397 3396
f 3396 3397 3398
f 3396 3398 3364
f 3397 3361 3399
f 3397 3399 3398
f 3398 3399 3400
f 3398 3400 3364
f 3399 3361 3401
f 3399 3401 3400
f 3400 3401 3402
f 3400 3402 3364
f 3401 3361 3403
f 3401 3403 3402
f 3402 3403 3404
f 3402 3404 3364
f 3403 3361 3405
f 3403 3405 3404
f 3404 3405 3406
f 3404 3406 3364
f 3405 3361 3407
f 3405 3407 3406
f 3406 3407 3408
f 3406 3408 3364
f 3407 3361 3409
f 3407 3409 3408
f 3408 3409 3410
f 3408 3410 3364
f 3409 3361 3411
f 3409 3411 3410
f 3410 3411 3412
f 3410 3412 3364
f 3411 3361 3413
f 3411 3413 3412
f 3412 3413 3414
f 3412 3414 3364
f 3413 3361 3415
f 3413 3415 3414
f 3414 3415 3416
f 3414 3416 3364
f 3415 3361 3417
f 3415 3417 3416
f 3416 3417 3418
f 3416 3418 3364
f 3417 3361 3419
f 3417 3419 3418
f 3418 3419 3420
f 3418 3420 3364
f 3419 3361 3421
f 3419 3421 3420
f 3420 3421 3422
f 3420 3422 3364
f 3421 3361 3423
f 3421 3423 3422
f 3422 3423 3424
f 3422 3424 3364
f 3423 3361 3425
f 3423 3425 3424
f 3424 3425 3426
f 3424 3426 3364
f 3425 3361 3362
f 3425 3362 3426
f 3426 3362 3363
f 3426 3363 3364
f 3428 3427 3431
f 3428 3431 3429
f 3429 3431 3432
f 3429 3432 3430
f 3431 3427 3433
f 3431 3433 3432
f 3432 3433 3434
f 3432 3434 3430
f 3433 3427 3435
f 3433 3435 3434
f 3434 3435 3436
f 3434 3436 3430
f 3435 3427 3437
f 3435 3437 3436
f 3436 3437 3438
f 3436 3438 3430
f 3437 3427 3439
f 3437 3439 3438
f 3438 3439 3440
f 3438 3440 3430
f 3439 3427 3441
f 3439 3441 3440
f 3440 3441 3442
f 3440 3442 3430
f 3441 3427 3443
f 3441 3443 3442
f 3442 3443 3444
f 3442 3444 3430
f 3443 3427 3445
f 3443 3445 3444
f 3444 3445 3446
f 3444 3446 3430
f 3445 3427 3447
f 3445 3447 3446
f 3446 3447 3448
f 3446 3448 3430
f 3447 3427 3449
f 3447 3449 3448
f 3448 3449 3450
f 3448 3450 3430
f 3449 3427 3451
f 3449 3451 3450
f 3450 3451 3452
f 3450 3452 3430
f 3451 3427 3453
f 3451 3453 3452
f 3452 3453 3454
f 3452 3454 3430
f 3453 3427 3455
f 3453 3455 3454
f 3454 3455 3456
f 3454 3456 3430
f 3455 3427 3457
f 3455 3457 3456
f 3456 3457 3458
f 3456 3458 3430
f 3457 3427 3459
f 3457 3459 3458
f 3458 3459 3460
f 3458 3460 3430
f 3459 3427 3461
f 3459 3461 3460
f 3460 3461 3462
f 3460 3462 3430
f 3461 3427 3463
f 3461 3463 3462
f 3462 3463 3464
f 3462 3464 3430
f 3463 3427 3465
f 3463 3465 3464
f 3464 3465 3466
f 3464 3466 3430
f 3465 3427 3467
f 3465 3467 3466
f 3466 3467 3468
f 3466 3468 3430
f 3467 3427 3469
f 3467 3469 3468
f 3468 3469 3470
f 3468 3470 3430
f 3469 3427 3471
f 3469 3471 3470
f 3470 3471 3472
f 3470 3472 3430
f 3471 3427 3473
f 3471 3473 3472
f 3472 3473 3474
f 3472 3474 3430
f 3473 3427 3475
f 3473 3475 3474
f 3474 3475 3476
f 3474 3476 3430
f 3475 3427 3477
f 3475 3477 3476
f 3476 3477 3478
f 3476 3478 3430
f 3477 3427 3479
f 3477 3479 3478
f 3478 3479 3480
f 3478 3480 3430
f 3479 3427 3481
f 3479 3481 3480
f 3480 3481 3482
f 3480 3482 3430
f 3481 3427 3483
f 3481 3483 3482
f 3482 3483 3484
f 3482 3484 3430
f 3483 3427 3485
f 3483 3485 3484
f 3484 3485 3486
f 3484 3486 3430
f 3485 3427 3487
f 3485 3487 3486
f 3486 3487 3488
f 3486 3488 3430
f 3487 3427 3489
f 3487 3489 3488
f 3488 3489 3490
f 3488 3490 3430
f 3489 3427 3491
f 3489 3491 3490
f 3490 3491 3492
f 3490 3492 3430
f 3491 3427 3428
f 3491 3428 3492
f 3492 3428 3429
f 3492 3429 3430
f 3494 3496 3493
f 3497 3494 3493
f 3493 3496 3495
f 3495 3497 3493
f 3494 3500 3496
f 3498 3494 3497
f 3498 3500 3494
f 3496 3500 3495
f 3499 3497 3495
f 3495 3500 3499
f 3499 3498 3497
f 3500 3498 3499
f 3502 3504 3501
f 3505 3502 3501
f 3501 3504 3503
f 3503 3505 3501
f 3502 3508 3504
f 3506 3502 3505
f 3506 3508 3502
f 3504 3508 3503
f 3507 3505 3503
f 3503 3508 3507
f 3507 3506 3505
f 3508 3506 3507
f 3510 3512 3509
f 3513 3510 3509
f 3509 3512 3511
f 3511 3513 3509
f 3510 3516 3512
f 3514 3510 3513
f 3514 3516 3510
f 3512 3516 3511
f 3515 3513 3511
f 3511 3516 3515
f 3515 3514 3513
f 3516 3514 3515
f 3518 3520 3517
f 3521 3518 3517
f 3517 3520 3519
f 3519 3521 3517
f 3518 3524 3520
f 3522 3518 3521
f 3522 3524 3518
f 3520 3524 3519
f 3523 3521 3519
f 3519 3524 3523
f 3523 3522 3521
f 3524 3522 3523
f 3526 3528 3525
f 3529 3526 3525
f 3525 3528 3527
f 3527 3529 3525
f 3526 3532 3528
f 3530 3526 3529
f 3530 3532 3526
f 3528 3532 3527
f 3531 3529 3527
f 3527 3532 3531
f 3531 3530 3529
f 3532 3530 3531
f 3534 3536 3533
f 3537 3534 3533
f 3533 3536 3535
f 3535 3537 3533
f 3534 3540 3536
f 3538 3534 3537
f 3538 3540 3534
f 3536 3540 3535
f 3539 3537 3535
f 3535 3540 3539
f 3539 3538 3537
f 3540 3538 3539
f 3542 3544 3541
f 3545 3542 3541
f 3541 3544 3543
f 3543 3545 3541
f 3542 3548 3544
f 3546 3542 3545
f 3546 3548 3542
f 3544 3548 3543
f 3547 3545 3543
f 3543 3548 3547
f 3547 3546 3545
f 3548 3546 3547
f 3550 3552 3549
f 3553 3550 3549
f 3549 3552 3551
f 3551 3553 3549
f 3550 3556 3552
f 3554 3550 3553
f 3554 3556 3550
f 3552 3556 3551
f 3555 3553 3551
f 3551 3556 3555
f 3555 3554 3553
f 3556 3554 3555
f 3558 3560 3557
f 3561 3558 3557
f 3557 3560 3559
f 3559 3561 3557
f 3558 3564 3560
f 3562 3558 3561
f 3562 3564 3558
f 3560 3564 3559
f 3563 3561 3559
f 3559 3564 3563
f 3563 3562 3561
f 3564 3562 3563
f 3566 3568 3565
f 3569 3566 3565
f 3565 3568 3567
f 3567 3569 3565
f 3566 3572 3568
f 3570 3566 3569
f 3570 3572 3566
f 3568 3572 3567
f 3571 3569 3567
f 3567 3572 3571
f 3571 3570 3569
f 3572 3570 3571
f 3574 3576 3573
f 3577 3574 3573
f 3573 3576 3575
f 3575 3577 3573
f 3574 3580 3576
f 3578 3574 3577
f 3578 3580 3574
f 3576 3580 3575
f 3579 3577 3575
f 3575 3580 3579
f 3579 3578 3577
f 3580 3578 3579
f 3582 3581 3585
f 3582 3585 3583
f 3583 3585 3586
f 3583 3586 3584
f 3585 3581 3587
f 3585 3587 3586
f 3586 3587 3588
f 3586 3588 3584
f 3587 3581 3589
f 3587 3589 3588
f 3588 3589 3590
f 3588 3590 3584
f 3589 3581 3591
f 3589 3591 3590
f 3590 3591 3592
f 3590 3592 3584
f 3591 3581 3593
f 3591 3593 3592
f 3592 3593 3594
f 3592 3594 3584
f 3593 3581 3595
f 3593 3595 3594
f 3594 3595 3596
f 3594 3596 3584
f 3595 3581 3597
f 3595 3597 3596
f 3596 3597 3598
f 3596 3598 3584
f 3597 3581 3599
f 3597 3599 3598
f 3598 3599 3600
f 3598 3600 3584
f 3599 3581 3601
f 3599 3601 3600
f 3600 3601 3602
f 3600 3602 3584
f 3601 3581 3603
f 3601 3603 3602
f 3602 3603 3604
f 3602 3604 3584
f 3603 3581 3605
f 3603 3605 3604
f 3604 3605 3606
f 3604 3606 3584
f 3605 3581 3607
f 3605 3607 3606
f 3606 3607 3608
f 3606 3608 3584
f 3607 3581 3609
f 3607 3609 3608
f 3608 3609 3610
f 3608 3610 3584
f 3609 3581 3611
f 3609 3611 3610
f 3610 3611 3612
f 3610 3612 3584
f 3611 3581 3613
f 3611 3613 3612
f 3612 3613 3614
f 3612 3614 3584
f 3613 3581 3615
f 3613 3615 3614
f 3614 3615 3616
f 3614 3616 3584
f 3615 3581 3617
f 3615 3617 3616
f 3616 3617 3618
f 3616 3618 3584
f 3617 3581 3619
f 3617 3619 3618
f 3618 3619 3620
f 3618 3620 3584
f 3619 3581 3621
f 3619 3621 3620
f 3620 3621 3622
f 3620 3622 3584
f 3621 3581 3623
f 3621 3623 3622
f 3622 3623 3624
f 3622 3624 3584
f 3623 3581 3625
f 3623 3625 3624
f 3624 3625 3626
f 3624 3626 3584
f 3625 3581 3627
f 3625 3627 3626
f 3626 3627 3628
f 3626 3628 3584
f 3627 3581 3629
f 3627 3629 3628
f 3628 3629 3630
f 3628 3630 3584
f 3629 3581 3631
f 3629 3631 3630
f 3630 3631 3632
f 3630 3632 3584
f 3631 3581 3633
f 3631 3633 3632
f 3632 3633 3634
f 3632 3634 3584
f 3633 3581 3635
f 3633 3635 3634
f 3634 3635 3636
f 3634 3636 3584
f 3635 3581 3637
f 3635 3637 3636
f 3636 3637 3638
f 3636 3638 3584
f 3637 3581 3639
f 3637 3639 3638
f 3638 3639 3640
f 3638 3640 3584
f 3639 3581 3641
f 3639 3641 3640
f 3640 3641 3642
f 3640 3642 3584
f 3641 3581 3643
f 3641 3643 3642
f 3642 3643 3644
f 3642 3644 3584
f 3643 3581 3645
f 3643 3645 3644
f 3644 3645 3646
f 3644 3646 3584
f 3645 3581 3582
f 3645 3582 3646
f 3646 3582 3583
f 3646 3583 3584
f 3648 3650 3647
f 3651 3648 3647
f 3647 3650 3649
f 3649 3651 3647
f 3648 3654 3650
f 3652 3648 3651
f 3652 3654 3648
f 3650 3654 3649
f 3653 3651 3649
f 3649 3654 3653
f 3653 3652 3651
f 3654 3652 3653
f 3656 3655 3659
f 3656 3659 3657
f 3657 3659 3660
f 3657 3660 3658
f 3659 3655 3661
f 3659 3661 3660
f 3660 3661 3662
f 3660 3662 3658
f 3661 3655 3663
f 3661 3663 3662
f 3662 3663 3664
f 3662 3664 3658
f 3663 3655 3665
f 3663 3665 3664
f 3664 3665 3666
f 3664 3666 3658
f 3665 3655 3667
f 3665 3667 3666
f 3666 3667 3668
f 3666 3668 3658
f 3667 3655 3669
f 3667 3669 3668
f 3668 3669 3670
f 3668 3670 3658
f 3669 3655 3671
f 3669 3671 3670
f 3670 3671 3672
f 3670 3672 3658
f 3671 3655 3673
f 3671 3673 3672
f 3672 3673 3674
f 3672 3674 3658
f 3673 3655 3675
f 3673 3675 3674
f 3674 3675 3676
f 3674 3676 3658
f 3675 3655 3677
f 3675 3677 3676
f 3676 3677 3678
f 3676 3678 3658
f 3677 3655 3679
f 3677 3679 3678
f 3678 3679 3680
f 3678 3680 3658
f 3679 3655 3681
f 3679 3681 3680
f 3680 3681 3682
f 3680 3682 3658
f 3681 3655 3683
f 3681 3683 3682
f 3682 3683 3684
f 3682 3684 3658
f 3683 3655 3685
f 3683 3685 3684
f 3684 3685 3686
f 3684 3686 3658
f 3685 3655 3687
f 3685 3687 3686
f 3686 3687 3688
f 3686 3688 3658
f 3687 3655 3689
f 3687 3689 3688
f 3688 3689 3690
f 3688 3690 3658
f 3689 3655 3691
f 3689 3691 3690
f 3690 3691 3692
f 3690 3692 3658
f 3691 3655 3693
f 3691 3693 3692
f 3692 3693 3694
f 3692 3694 3658
f 3693 3655 3695
f 3693 3695 3694
f 3694 3695 3696
f 3694 3696 3658
f 3695 3655 3697
f 3695 3697 3696
f 3696 3697 3698
f 3696 3698 3658
f 3697 3655 3699
f 3697 3699 3698
f 3698 3699 3700
f 3698 3700 3658
f 3699 3655 3701
f 3699 3701 3700
f 3700 3701 3702
f 3700 3702 3658
f 3701 3655 3703
f 3701 3703 3702
f 3702 3703 3704
f 3702 3704 3658
f 3703 3655 3705
f 3703 3705 3704
f 3704 3705 3706
f 3704 3706 3658
f 3705 3655 3707
f 3705 3707 3706
f 3706 3707 3708
f 3706 3708 3658
f 3707 3655 3709
f 3707 3709 3708
f 3708 3709 3710
f 3708 3710 3658
f 3709 3655 3711
f 3709 3711 3710
f 3710 3711 3712
f 3710 3712 3658
f 3711 3655 3713
f 3711 3713 3712
f 3712 3713 3714
f 3712 3714 3658
f 3713 3655 3715
f 3713 3715 3714
f 3714 3715 3716
f 3714 3716 3658
f 3715 3655 3717
f 3715 3717 3716
f 3716 3717 3718
f 3716 3718 3658
f 3717 3655 3719
f 3717 3719 3718
f 3718 3719 3720
f 3718 3720 3658
f 3719 3655 3656
f 3719 3656 3720
f 3720 3656 3657
f 3720 3657 3658
f 3722 3721 3725
f 3722 3725 3723
f 3723 3725 3726
f 3723 3726 3724
f 3725 3721 3727
f 3725 3727 3726
f 3726 3727 3728
f 3726 3728 3724
f 3727 3721 3729
f 3727 3729 3728
f 3728 3729 3730
f 3728 3730 3724
f 3729 3721 3731
f 3729 3731 3730
f 3730 3731 3732
f 3730 3732 3724
f 3731 3721 3733
f 3731 3733 3732
f 3732 3733 3734
f 3732 3734 3724
f 3733 3721 3735
f 3733 3735 3734
f 3734 3735 3736
f 3734 3736 3724
f 3735 3721 3737
f 3735 3737 3736
f 3736 3737 3738
f 3736 3738 3724
f 3737 3721 3739
f 3737 3739 3738
f 3738 3739 3740
f 3738 3740 3724
f 3739 3721 3741
f 3739 3741 3740
f 3740 3741 3742
f 3740 3742 3724
f 3741 3721 3743
f 3741 3743 3742
f 3742 3743 3744
f 3742 3744 3724
f 3743 3721 3745
f 3743 3745 3744
f 3744 3745 3746
f 3744 3746 3724
f 3745 3721 3747
f 3745 3747 3746
f 3746 3747 3748
f 3746 3748 3724
f 3747 3721 3749
f 3747 3749 3748
f 3748 3749 3750
f 3748 3750 3724
f 3749 3721 3751
f 3749 3751 3750
f 3750 3751 3752
f 3750 3752 3724
f 3751 3721 3753
f 3751 3753 3752
f 3752 3753 3754
f 3752 3754 3724
f 3753 3721 3755
f 3753 3755 3754
f 3754 3755 3756
f 3754 3756 3724
f 3755 3721 3757
f 3755 3757 3756
f 3756 3757 3758
f 3756 3758 3724
f 3757 3721 3759
f 3757 3759 3758
f 3758 3759 3760
f 3758 3760 3724
f 3759 3721 3761
f 3759 3761 3760
f 3760 3761 3762
f 3760 3762 3724
f 3761 3721 3763
f 3761 3763 3762
f 3762 3763 3764
f 3762 3764 3724
f 3763 3721 3765
f 3763 3765 3764
f 3764 3765 3766
f 3764 3766 3724
f 3765 3721 3767
f 3765 3767 3766
f 3766 3767 3768
f 3766 3768 3724
f 3767 3721 3769
f 3767 3769 3768
f 3768 3769 3770
f 3768 3770 3724
f 3769 3721 3771
f 3769 3771 3770
f 3770 3771 3772
f 3770 3772 3724
f 3771 3721 3773
f 3771 3773 3772
f 3772 3773 3774
f 3772 3774 3724
f 3773 3721 3775
f 3773 3775 3774
f 3774 3775 3776
f 3774 3776 3724
f 3775 3721 3777
f 3775 3777 3776
f 3776 3777 3778
f 3776 3778 3724
f 3777 3721 3779
f 3777 3779 3778
f 3778 3779 3780
f 3778 3780 3724
f 3779 3721 3781
f 3779 3781 3780
f 3780 3781 3782
f 3780 3782 3724
f 3781 3721 3783
f 3781 3783 3782
f 3782 3783 3784
f 3782 3784 3724
f 3783 3721 3785
f 3783 3785 3784
f 3784 3785 3786
f 3784 3786 3724
f 3785 3721 3722
f 3785 3722 3786
f 3786 3722 3723
f 3786 3723 3724

